<?xml version="1.0" encoding="utf-8"?>
<annotations>
  <version>1.1</version>
  <meta>
    <task>
      <id>748</id>
      <name>LBC2422-20210315</name>
      <size>233</size>
      <mode>annotation</mode>
      <overlap>0</overlap>
      <bugtracker></bugtracker>
      <created>2022-04-21 05:32:25.745695+00:00</created>
      <updated>2022-04-26 00:15:49.870587+00:00</updated>
      <start_frame>0</start_frame>
      <stop_frame>232</stop_frame>
      <frame_filter></frame_filter>
      <labels>
        <label>
          <name>GC</name>
          <color>#03a541</color>
          <attributes>
          </attributes>
        </label>
        <label>
          <name>GN</name>
          <color>#da84a8</color>
          <attributes>
          </attributes>
        </label>
        <label>
          <name>AS</name>
          <color>#fff600</color>
          <attributes>
            <attribute>
              <name>Description</name>
              <mutable>False</mutable>
              <input_type>text</input_type>
              <default_value>ASC-US</default_value>
              <values>ASC-US</values>
            </attribute>
          </attributes>
        </label>
        <label>
          <name>AH</name>
          <color>#ffba00</color>
          <attributes>
            <attribute>
              <name>Description</name>
              <mutable>False</mutable>
              <input_type>text</input_type>
              <default_value>ASC-H</default_value>
              <values>ASC-H</values>
            </attribute>
          </attributes>
        </label>
        <label>
          <name>LS</name>
          <color>#ff8d00</color>
          <attributes>
            <attribute>
              <name>Description</name>
              <mutable>False</mutable>
              <input_type>text</input_type>
              <default_value>LSIL</default_value>
              <values>LSIL</values>
            </attribute>
          </attributes>
        </label>
        <label>
          <name>HS</name>
          <color>#ff5000</color>
          <attributes>
            <attribute>
              <name>Description</name>
              <mutable>False</mutable>
              <input_type>text</input_type>
              <default_value>High-grade squamous intraepithelial lesion</default_value>
              <values>High-grade squamous intraepithelial lesion</values>
            </attribute>
          </attributes>
        </label>
        <label>
          <name>HN</name>
          <color>#ff3200</color>
          <attributes>
            <attribute>
              <name>Description</name>
              <mutable>False</mutable>
              <input_type>text</input_type>
              <default_value>HSIL with features suspicious for invasion</default_value>
              <values>HSIL with features suspicious for invasion</values>
            </attribute>
          </attributes>
        </label>
        <label>
          <name>SM</name>
          <color>#ff0000</color>
          <attributes>
            <attribute>
              <name>Description</name>
              <mutable>False</mutable>
              <input_type>text</input_type>
              <default_value>Suspicious for malignancy</default_value>
              <values>Suspicious for malignancy</values>
            </attribute>
          </attributes>
        </label>
        <label>
          <name>SC</name>
          <color>#ff0000</color>
          <attributes>
            <attribute>
              <name>Description</name>
              <mutable>False</mutable>
              <input_type>text</input_type>
              <default_value>Invasive squamous cell carcinoma</default_value>
              <values>Invasive squamous cell carcinoma</values>
            </attribute>
          </attributes>
        </label>
        <label>
          <name>C</name>
          <color>#87c76b</color>
          <attributes>
            <attribute>
              <name>Description</name>
              <mutable>False</mutable>
              <input_type>text</input_type>
              <default_value>Candida albicans</default_value>
              <values>Candida albicans</values>
            </attribute>
          </attributes>
        </label>
        <label>
          <name>T</name>
          <color>#5aa72c</color>
          <attributes>
            <attribute>
              <name>Description</name>
              <mutable>False</mutable>
              <input_type>text</input_type>
              <default_value>Trichomonas vaginalis</default_value>
              <values>Trichomonas vaginalis</values>
            </attribute>
          </attributes>
        </label>
        <label>
          <name>H</name>
          <color>#5ed80c</color>
          <attributes>
            <attribute>
              <name>Description</name>
              <mutable>False</mutable>
              <input_type>text</input_type>
              <default_value>Herpes simplex virus</default_value>
              <values>Herpes simplex virus</values>
            </attribute>
          </attributes>
        </label>
        <label>
          <name>AC</name>
          <color>#0dc424</color>
          <attributes>
            <attribute>
              <name>Description</name>
              <mutable>False</mutable>
              <input_type>text</input_type>
              <default_value>Actinomyces species</default_value>
              <values>Actinomyces species</values>
            </attribute>
          </attributes>
        </label>
        <label>
          <name>Others</name>
          <color>#0e1de8</color>
          <attributes>
            <attribute>
              <name>Description</name>
              <mutable>False</mutable>
              <input_type>text</input_type>
              <default_value></default_value>
              <values></values>
            </attribute>
          </attributes>
        </label>
        <label>
          <name>판독불가</name>
          <color>#ff6037</color>
          <attributes>
          </attributes>
        </label>
        <label>
          <name>N - Endocervical Cell</name>
          <color>#bb02d0</color>
          <attributes>
          </attributes>
        </label>
        <label>
          <name>N - Endometrial cell</name>
          <color>#2a454f</color>
          <attributes>
          </attributes>
        </label>
        <label>
          <name>AD</name>
          <color>#c61049</color>
          <attributes>
          </attributes>
        </label>
      </labels>
      <segments>
        <segment>
          <id>602</id>
          <start>0</start>
          <stop>232</stop>
          <url>http://cvat.doai.ai/?id=602</url>
        </segment>
      </segments>
      <owner>
        <username>django</username>
        <email></email>
      </owner>
      <assignee></assignee>
    </task>
    <dumped>2022-05-18 08:58:53.252043+00:00</dumped>
  </meta>
  <image id="232" name="carcinoma/LBC2422-20210315/LBC2422-20210315_92.png" width="2048" height="2048">
  </image>
  <image id="231" name="carcinoma/LBC2422-20210315/LBC2422-20210315_90.png" width="2048" height="2048">
  </image>
  <image id="230" name="carcinoma/LBC2422-20210315/LBC2422-20210315_9.png" width="2048" height="2048">
  </image>
  <image id="229" name="carcinoma/LBC2422-20210315/LBC2422-20210315_89.png" width="2048" height="2048">
  </image>
  <image id="228" name="carcinoma/LBC2422-20210315/LBC2422-20210315_76.png" width="2048" height="2048">
  </image>
  <image id="227" name="carcinoma/LBC2422-20210315/LBC2422-20210315_576.png" width="2048" height="2048">
  </image>
  <image id="226" name="carcinoma/LBC2422-20210315/LBC2422-20210315_574.png" width="2048" height="2048">
  </image>
  <image id="225" name="carcinoma/LBC2422-20210315/LBC2422-20210315_572.png" width="2048" height="2048">
  </image>
  <image id="224" name="carcinoma/LBC2422-20210315/LBC2422-20210315_570.png" width="2048" height="2048">
  </image>
  <image id="223" name="carcinoma/LBC2422-20210315/LBC2422-20210315_569.png" width="2048" height="2048">
  </image>
  <image id="222" name="carcinoma/LBC2422-20210315/LBC2422-20210315_568.png" width="2048" height="2048">
  </image>
  <image id="221" name="carcinoma/LBC2422-20210315/LBC2422-20210315_567.png" width="2048" height="2048">
  </image>
  <image id="220" name="carcinoma/LBC2422-20210315/LBC2422-20210315_566.png" width="2048" height="2048">
  </image>
  <image id="219" name="carcinoma/LBC2422-20210315/LBC2422-20210315_565.png" width="2048" height="2048">
  </image>
  <image id="218" name="carcinoma/LBC2422-20210315/LBC2422-20210315_564.png" width="2048" height="2048">
  </image>
  <image id="217" name="carcinoma/LBC2422-20210315/LBC2422-20210315_563.png" width="2048" height="2048">
  </image>
  <image id="216" name="carcinoma/LBC2422-20210315/LBC2422-20210315_562.png" width="2048" height="2048">
  </image>
  <image id="215" name="carcinoma/LBC2422-20210315/LBC2422-20210315_561.png" width="2048" height="2048">
  </image>
  <image id="214" name="carcinoma/LBC2422-20210315/LBC2422-20210315_560.png" width="2048" height="2048">
  </image>
  <image id="213" name="carcinoma/LBC2422-20210315/LBC2422-20210315_56.png" width="2048" height="2048">
  </image>
  <image id="212" name="carcinoma/LBC2422-20210315/LBC2422-20210315_559.png" width="2048" height="2048">
  </image>
  <image id="211" name="carcinoma/LBC2422-20210315/LBC2422-20210315_558.png" width="2048" height="2048">
  </image>
  <image id="210" name="carcinoma/LBC2422-20210315/LBC2422-20210315_557.png" width="2048" height="2048">
  </image>
  <image id="209" name="carcinoma/LBC2422-20210315/LBC2422-20210315_552.png" width="2048" height="2048">
  </image>
  <image id="208" name="carcinoma/LBC2422-20210315/LBC2422-20210315_550.png" width="2048" height="2048">
  </image>
  <image id="207" name="carcinoma/LBC2422-20210315/LBC2422-20210315_55.png" width="2048" height="2048">
  </image>
  <image id="206" name="carcinoma/LBC2422-20210315/LBC2422-20210315_549.png" width="2048" height="2048">
  </image>
  <image id="205" name="carcinoma/LBC2422-20210315/LBC2422-20210315_542.png" width="2048" height="2048">
  </image>
  <image id="204" name="carcinoma/LBC2422-20210315/LBC2422-20210315_541.png" width="2048" height="2048">
  </image>
  <image id="203" name="carcinoma/LBC2422-20210315/LBC2422-20210315_540.png" width="2048" height="2048">
  </image>
  <image id="202" name="carcinoma/LBC2422-20210315/LBC2422-20210315_537.png" width="2048" height="2048">
  </image>
  <image id="201" name="carcinoma/LBC2422-20210315/LBC2422-20210315_536.png" width="2048" height="2048">
  </image>
  <image id="200" name="carcinoma/LBC2422-20210315/LBC2422-20210315_529.png" width="2048" height="2048">
  </image>
  <image id="199" name="carcinoma/LBC2422-20210315/LBC2422-20210315_528.png" width="2048" height="2048">
  </image>
  <image id="198" name="carcinoma/LBC2422-20210315/LBC2422-20210315_524.png" width="2048" height="2048">
  </image>
  <image id="197" name="carcinoma/LBC2422-20210315/LBC2422-20210315_523.png" width="2048" height="2048">
  </image>
  <image id="196" name="carcinoma/LBC2422-20210315/LBC2422-20210315_522.png" width="2048" height="2048">
  </image>
  <image id="195" name="carcinoma/LBC2422-20210315/LBC2422-20210315_521.png" width="2048" height="2048">
  </image>
  <image id="194" name="carcinoma/LBC2422-20210315/LBC2422-20210315_520.png" width="2048" height="2048">
  </image>
  <image id="193" name="carcinoma/LBC2422-20210315/LBC2422-20210315_519.png" width="2048" height="2048">
  </image>
  <image id="192" name="carcinoma/LBC2422-20210315/LBC2422-20210315_518.png" width="2048" height="2048">
  </image>
  <image id="191" name="carcinoma/LBC2422-20210315/LBC2422-20210315_517.png" width="2048" height="2048">
  </image>
  <image id="190" name="carcinoma/LBC2422-20210315/LBC2422-20210315_516.png" width="2048" height="2048">
  </image>
  <image id="189" name="carcinoma/LBC2422-20210315/LBC2422-20210315_515.png" width="2048" height="2048">
  </image>
  <image id="188" name="carcinoma/LBC2422-20210315/LBC2422-20210315_514.png" width="2048" height="2048">
  </image>
  <image id="187" name="carcinoma/LBC2422-20210315/LBC2422-20210315_513.png" width="2048" height="2048">
  </image>
  <image id="186" name="carcinoma/LBC2422-20210315/LBC2422-20210315_512.png" width="2048" height="2048">
  </image>
  <image id="185" name="carcinoma/LBC2422-20210315/LBC2422-20210315_506.png" width="2048" height="2048">
  </image>
  <image id="184" name="carcinoma/LBC2422-20210315/LBC2422-20210315_504.png" width="2048" height="2048">
  </image>
  <image id="183" name="carcinoma/LBC2422-20210315/LBC2422-20210315_503.png" width="2048" height="2048">
  </image>
  <image id="182" name="carcinoma/LBC2422-20210315/LBC2422-20210315_495.png" width="2048" height="2048">
  </image>
  <image id="181" name="carcinoma/LBC2422-20210315/LBC2422-20210315_494.png" width="2048" height="2048">
  </image>
  <image id="180" name="carcinoma/LBC2422-20210315/LBC2422-20210315_493.png" width="2048" height="2048">
  </image>
  <image id="179" name="carcinoma/LBC2422-20210315/LBC2422-20210315_492.png" width="2048" height="2048">
  </image>
  <image id="178" name="carcinoma/LBC2422-20210315/LBC2422-20210315_491.png" width="2048" height="2048">
  </image>
  <image id="177" name="carcinoma/LBC2422-20210315/LBC2422-20210315_490.png" width="2048" height="2048">
  </image>
  <image id="176" name="carcinoma/LBC2422-20210315/LBC2422-20210315_489.png" width="2048" height="2048">
  </image>
  <image id="175" name="carcinoma/LBC2422-20210315/LBC2422-20210315_488.png" width="2048" height="2048">
  </image>
  <image id="174" name="carcinoma/LBC2422-20210315/LBC2422-20210315_483.png" width="2048" height="2048">
  </image>
  <image id="173" name="carcinoma/LBC2422-20210315/LBC2422-20210315_481.png" width="2048" height="2048">
  </image>
  <image id="172" name="carcinoma/LBC2422-20210315/LBC2422-20210315_479.png" width="2048" height="2048">
  </image>
  <image id="171" name="carcinoma/LBC2422-20210315/LBC2422-20210315_478.png" width="2048" height="2048">
  </image>
  <image id="170" name="carcinoma/LBC2422-20210315/LBC2422-20210315_477.png" width="2048" height="2048">
  </image>
  <image id="169" name="carcinoma/LBC2422-20210315/LBC2422-20210315_476.png" width="2048" height="2048">
  </image>
  <image id="168" name="carcinoma/LBC2422-20210315/LBC2422-20210315_475.png" width="2048" height="2048">
  </image>
  <image id="167" name="carcinoma/LBC2422-20210315/LBC2422-20210315_474.png" width="2048" height="2048">
  </image>
  <image id="166" name="carcinoma/LBC2422-20210315/LBC2422-20210315_473.png" width="2048" height="2048">
  </image>
  <image id="165" name="carcinoma/LBC2422-20210315/LBC2422-20210315_472.png" width="2048" height="2048">
  </image>
  <image id="164" name="carcinoma/LBC2422-20210315/LBC2422-20210315_471.png" width="2048" height="2048">
  </image>
  <image id="163" name="carcinoma/LBC2422-20210315/LBC2422-20210315_470.png" width="2048" height="2048">
  </image>
  <image id="162" name="carcinoma/LBC2422-20210315/LBC2422-20210315_469.png" width="2048" height="2048">
  </image>
  <image id="161" name="carcinoma/LBC2422-20210315/LBC2422-20210315_468.png" width="2048" height="2048">
  </image>
  <image id="160" name="carcinoma/LBC2422-20210315/LBC2422-20210315_467.png" width="2048" height="2048">
  </image>
  <image id="159" name="carcinoma/LBC2422-20210315/LBC2422-20210315_460.png" width="2048" height="2048">
  </image>
  <image id="158" name="carcinoma/LBC2422-20210315/LBC2422-20210315_46.png" width="2048" height="2048">
  </image>
  <image id="157" name="carcinoma/LBC2422-20210315/LBC2422-20210315_458.png" width="2048" height="2048">
  </image>
  <image id="156" name="carcinoma/LBC2422-20210315/LBC2422-20210315_457.png" width="2048" height="2048">
  </image>
  <image id="155" name="carcinoma/LBC2422-20210315/LBC2422-20210315_45.png" width="2048" height="2048">
  </image>
  <image id="154" name="carcinoma/LBC2422-20210315/LBC2422-20210315_449.png" width="2048" height="2048">
  </image>
  <image id="153" name="carcinoma/LBC2422-20210315/LBC2422-20210315_448.png" width="2048" height="2048">
  </image>
  <image id="152" name="carcinoma/LBC2422-20210315/LBC2422-20210315_447.png" width="2048" height="2048">
  </image>
  <image id="151" name="carcinoma/LBC2422-20210315/LBC2422-20210315_445.png" width="2048" height="2048">
  </image>
  <image id="150" name="carcinoma/LBC2422-20210315/LBC2422-20210315_443.png" width="2048" height="2048">
  </image>
  <image id="149" name="carcinoma/LBC2422-20210315/LBC2422-20210315_442.png" width="2048" height="2048">
  </image>
  <image id="148" name="carcinoma/LBC2422-20210315/LBC2422-20210315_441.png" width="2048" height="2048">
  </image>
  <image id="147" name="carcinoma/LBC2422-20210315/LBC2422-20210315_44.png" width="2048" height="2048">
  </image>
  <image id="146" name="carcinoma/LBC2422-20210315/LBC2422-20210315_437.png" width="2048" height="2048">
  </image>
  <image id="145" name="carcinoma/LBC2422-20210315/LBC2422-20210315_436.png" width="2048" height="2048">
  </image>
  <image id="144" name="carcinoma/LBC2422-20210315/LBC2422-20210315_435.png" width="2048" height="2048">
  </image>
  <image id="143" name="carcinoma/LBC2422-20210315/LBC2422-20210315_434.png" width="2048" height="2048">
  </image>
  <image id="142" name="carcinoma/LBC2422-20210315/LBC2422-20210315_433.png" width="2048" height="2048">
  </image>
  <image id="141" name="carcinoma/LBC2422-20210315/LBC2422-20210315_432.png" width="2048" height="2048">
  </image>
  <image id="140" name="carcinoma/LBC2422-20210315/LBC2422-20210315_431.png" width="2048" height="2048">
  </image>
  <image id="139" name="carcinoma/LBC2422-20210315/LBC2422-20210315_430.png" width="2048" height="2048">
  </image>
  <image id="138" name="carcinoma/LBC2422-20210315/LBC2422-20210315_43.png" width="2048" height="2048">
  </image>
  <image id="137" name="carcinoma/LBC2422-20210315/LBC2422-20210315_429.png" width="2048" height="2048">
  </image>
  <image id="136" name="carcinoma/LBC2422-20210315/LBC2422-20210315_428.png" width="2048" height="2048">
  </image>
  <image id="135" name="carcinoma/LBC2422-20210315/LBC2422-20210315_427.png" width="2048" height="2048">
  </image>
  <image id="134" name="carcinoma/LBC2422-20210315/LBC2422-20210315_426.png" width="2048" height="2048">
  </image>
  <image id="133" name="carcinoma/LBC2422-20210315/LBC2422-20210315_425.png" width="2048" height="2048">
  </image>
  <image id="132" name="carcinoma/LBC2422-20210315/LBC2422-20210315_424.png" width="2048" height="2048">
  </image>
  <image id="131" name="carcinoma/LBC2422-20210315/LBC2422-20210315_423.png" width="2048" height="2048">
  </image>
  <image id="130" name="carcinoma/LBC2422-20210315/LBC2422-20210315_422.png" width="2048" height="2048">
  </image>
  <image id="129" name="carcinoma/LBC2422-20210315/LBC2422-20210315_421.png" width="2048" height="2048">
  </image>
  <image id="128" name="carcinoma/LBC2422-20210315/LBC2422-20210315_414.png" width="2048" height="2048">
  </image>
  <image id="127" name="carcinoma/LBC2422-20210315/LBC2422-20210315_413.png" width="2048" height="2048">
  </image>
  <image id="126" name="carcinoma/LBC2422-20210315/LBC2422-20210315_412.png" width="2048" height="2048">
  </image>
  <image id="125" name="carcinoma/LBC2422-20210315/LBC2422-20210315_411.png" width="2048" height="2048">
  </image>
  <image id="124" name="carcinoma/LBC2422-20210315/LBC2422-20210315_401.png" width="2048" height="2048">
  </image>
  <image id="123" name="carcinoma/LBC2422-20210315/LBC2422-20210315_400.png" width="2048" height="2048">
  </image>
  <image id="122" name="carcinoma/LBC2422-20210315/LBC2422-20210315_399.png" width="2048" height="2048">
  </image>
  <image id="121" name="carcinoma/LBC2422-20210315/LBC2422-20210315_398.png" width="2048" height="2048">
  </image>
  <image id="120" name="carcinoma/LBC2422-20210315/LBC2422-20210315_397.png" width="2048" height="2048">
  </image>
  <image id="119" name="carcinoma/LBC2422-20210315/LBC2422-20210315_395.png" width="2048" height="2048">
  </image>
  <image id="118" name="carcinoma/LBC2422-20210315/LBC2422-20210315_394.png" width="2048" height="2048">
  </image>
  <image id="117" name="carcinoma/LBC2422-20210315/LBC2422-20210315_391.png" width="2048" height="2048">
  </image>
  <image id="116" name="carcinoma/LBC2422-20210315/LBC2422-20210315_390.png" width="2048" height="2048">
  </image>
  <image id="115" name="carcinoma/LBC2422-20210315/LBC2422-20210315_389.png" width="2048" height="2048">
  </image>
  <image id="114" name="carcinoma/LBC2422-20210315/LBC2422-20210315_388.png" width="2048" height="2048">
  </image>
  <image id="113" name="carcinoma/LBC2422-20210315/LBC2422-20210315_387.png" width="2048" height="2048">
  </image>
  <image id="112" name="carcinoma/LBC2422-20210315/LBC2422-20210315_386.png" width="2048" height="2048">
  </image>
  <image id="111" name="carcinoma/LBC2422-20210315/LBC2422-20210315_385.png" width="2048" height="2048">
  </image>
  <image id="110" name="carcinoma/LBC2422-20210315/LBC2422-20210315_384.png" width="2048" height="2048">
  </image>
  <image id="109" name="carcinoma/LBC2422-20210315/LBC2422-20210315_383.png" width="2048" height="2048">
  </image>
  <image id="108" name="carcinoma/LBC2422-20210315/LBC2422-20210315_382.png" width="2048" height="2048">
  </image>
  <image id="107" name="carcinoma/LBC2422-20210315/LBC2422-20210315_381.png" width="2048" height="2048">
  </image>
  <image id="106" name="carcinoma/LBC2422-20210315/LBC2422-20210315_380.png" width="2048" height="2048">
  </image>
  <image id="105" name="carcinoma/LBC2422-20210315/LBC2422-20210315_38.png" width="2048" height="2048">
  </image>
  <image id="104" name="carcinoma/LBC2422-20210315/LBC2422-20210315_379.png" width="2048" height="2048">
  </image>
  <image id="103" name="carcinoma/LBC2422-20210315/LBC2422-20210315_378.png" width="2048" height="2048">
  </image>
  <image id="102" name="carcinoma/LBC2422-20210315/LBC2422-20210315_377.png" width="2048" height="2048">
  </image>
  <image id="101" name="carcinoma/LBC2422-20210315/LBC2422-20210315_376.png" width="2048" height="2048">
  </image>
  <image id="100" name="carcinoma/LBC2422-20210315/LBC2422-20210315_368.png" width="2048" height="2048">
  </image>
  <image id="99" name="carcinoma/LBC2422-20210315/LBC2422-20210315_367.png" width="2048" height="2048">
  </image>
  <image id="98" name="carcinoma/LBC2422-20210315/LBC2422-20210315_366.png" width="2048" height="2048">
  </image>
  <image id="97" name="carcinoma/LBC2422-20210315/LBC2422-20210315_365.png" width="2048" height="2048">
  </image>
  <image id="96" name="carcinoma/LBC2422-20210315/LBC2422-20210315_354.png" width="2048" height="2048">
  </image>
  <image id="95" name="carcinoma/LBC2422-20210315/LBC2422-20210315_353.png" width="2048" height="2048">
  </image>
  <image id="94" name="carcinoma/LBC2422-20210315/LBC2422-20210315_352.png" width="2048" height="2048">
  </image>
  <image id="93" name="carcinoma/LBC2422-20210315/LBC2422-20210315_351.png" width="2048" height="2048">
  </image>
  <image id="92" name="carcinoma/LBC2422-20210315/LBC2422-20210315_350.png" width="2048" height="2048">
  </image>
  <image id="91" name="carcinoma/LBC2422-20210315/LBC2422-20210315_349.png" width="2048" height="2048">
  </image>
  <image id="90" name="carcinoma/LBC2422-20210315/LBC2422-20210315_347.png" width="2048" height="2048">
  </image>
  <image id="89" name="carcinoma/LBC2422-20210315/LBC2422-20210315_346.png" width="2048" height="2048">
  </image>
  <image id="88" name="carcinoma/LBC2422-20210315/LBC2422-20210315_345.png" width="2048" height="2048">
  </image>
  <image id="87" name="carcinoma/LBC2422-20210315/LBC2422-20210315_344.png" width="2048" height="2048">
  </image>
  <image id="86" name="carcinoma/LBC2422-20210315/LBC2422-20210315_343.png" width="2048" height="2048">
  </image>
  <image id="85" name="carcinoma/LBC2422-20210315/LBC2422-20210315_342.png" width="2048" height="2048">
  </image>
  <image id="84" name="carcinoma/LBC2422-20210315/LBC2422-20210315_341.png" width="2048" height="2048">
  </image>
  <image id="83" name="carcinoma/LBC2422-20210315/LBC2422-20210315_340.png" width="2048" height="2048">
  </image>
  <image id="82" name="carcinoma/LBC2422-20210315/LBC2422-20210315_339.png" width="2048" height="2048">
  </image>
  <image id="81" name="carcinoma/LBC2422-20210315/LBC2422-20210315_338.png" width="2048" height="2048">
  </image>
  <image id="80" name="carcinoma/LBC2422-20210315/LBC2422-20210315_337.png" width="2048" height="2048">
  </image>
  <image id="79" name="carcinoma/LBC2422-20210315/LBC2422-20210315_336.png" width="2048" height="2048">
  </image>
  <image id="78" name="carcinoma/LBC2422-20210315/LBC2422-20210315_335.png" width="2048" height="2048">
  </image>
  <image id="77" name="carcinoma/LBC2422-20210315/LBC2422-20210315_334.png" width="2048" height="2048">
  </image>
  <image id="76" name="carcinoma/LBC2422-20210315/LBC2422-20210315_333.png" width="2048" height="2048">
  </image>
  <image id="75" name="carcinoma/LBC2422-20210315/LBC2422-20210315_332.png" width="2048" height="2048">
  </image>
  <image id="74" name="carcinoma/LBC2422-20210315/LBC2422-20210315_331.png" width="2048" height="2048">
  </image>
  <image id="73" name="carcinoma/LBC2422-20210315/LBC2422-20210315_322.png" width="2048" height="2048">
  </image>
  <image id="72" name="carcinoma/LBC2422-20210315/LBC2422-20210315_321.png" width="2048" height="2048">
  </image>
  <image id="71" name="carcinoma/LBC2422-20210315/LBC2422-20210315_320.png" width="2048" height="2048">
  </image>
  <image id="70" name="carcinoma/LBC2422-20210315/LBC2422-20210315_319.png" width="2048" height="2048">
  </image>
  <image id="69" name="carcinoma/LBC2422-20210315/LBC2422-20210315_307.png" width="2048" height="2048">
  </image>
  <image id="68" name="carcinoma/LBC2422-20210315/LBC2422-20210315_306.png" width="2048" height="2048">
  </image>
  <image id="67" name="carcinoma/LBC2422-20210315/LBC2422-20210315_305.png" width="2048" height="2048">
  </image>
  <image id="66" name="carcinoma/LBC2422-20210315/LBC2422-20210315_304.png" width="2048" height="2048">
  </image>
  <image id="65" name="carcinoma/LBC2422-20210315/LBC2422-20210315_303.png" width="2048" height="2048">
  </image>
  <image id="64" name="carcinoma/LBC2422-20210315/LBC2422-20210315_302.png" width="2048" height="2048">
  </image>
  <image id="63" name="carcinoma/LBC2422-20210315/LBC2422-20210315_30.png" width="2048" height="2048">
  </image>
  <image id="62" name="carcinoma/LBC2422-20210315/LBC2422-20210315_299.png" width="2048" height="2048">
  </image>
  <image id="61" name="carcinoma/LBC2422-20210315/LBC2422-20210315_298.png" width="2048" height="2048">
  </image>
  <image id="60" name="carcinoma/LBC2422-20210315/LBC2422-20210315_297.png" width="2048" height="2048">
  </image>
  <image id="59" name="carcinoma/LBC2422-20210315/LBC2422-20210315_296.png" width="2048" height="2048">
  </image>
  <image id="58" name="carcinoma/LBC2422-20210315/LBC2422-20210315_295.png" width="2048" height="2048">
  </image>
  <image id="57" name="carcinoma/LBC2422-20210315/LBC2422-20210315_294.png" width="2048" height="2048">
  </image>
  <image id="56" name="carcinoma/LBC2422-20210315/LBC2422-20210315_293.png" width="2048" height="2048">
  </image>
  <image id="55" name="carcinoma/LBC2422-20210315/LBC2422-20210315_292.png" width="2048" height="2048">
  </image>
  <image id="54" name="carcinoma/LBC2422-20210315/LBC2422-20210315_291.png" width="2048" height="2048">
  </image>
  <image id="53" name="carcinoma/LBC2422-20210315/LBC2422-20210315_290.png" width="2048" height="2048">
  </image>
  <image id="52" name="carcinoma/LBC2422-20210315/LBC2422-20210315_289.png" width="2048" height="2048">
  </image>
  <image id="51" name="carcinoma/LBC2422-20210315/LBC2422-20210315_288.png" width="2048" height="2048">
  </image>
  <image id="50" name="carcinoma/LBC2422-20210315/LBC2422-20210315_287.png" width="2048" height="2048">
  </image>
  <image id="49" name="carcinoma/LBC2422-20210315/LBC2422-20210315_286.png" width="2048" height="2048">
  </image>
  <image id="48" name="carcinoma/LBC2422-20210315/LBC2422-20210315_276.png" width="2048" height="2048">
  </image>
  <image id="47" name="carcinoma/LBC2422-20210315/LBC2422-20210315_275.png" width="2048" height="2048">
  </image>
  <image id="46" name="carcinoma/LBC2422-20210315/LBC2422-20210315_274.png" width="2048" height="2048">
  </image>
  <image id="45" name="carcinoma/LBC2422-20210315/LBC2422-20210315_273.png" width="2048" height="2048">
  </image>
  <image id="44" name="carcinoma/LBC2422-20210315/LBC2422-20210315_267.png" width="2048" height="2048">
  </image>
  <image id="43" name="carcinoma/LBC2422-20210315/LBC2422-20210315_259.png" width="2048" height="2048">
  </image>
  <image id="42" name="carcinoma/LBC2422-20210315/LBC2422-20210315_258.png" width="2048" height="2048">
  </image>
  <image id="41" name="carcinoma/LBC2422-20210315/LBC2422-20210315_257.png" width="2048" height="2048">
  </image>
  <image id="40" name="carcinoma/LBC2422-20210315/LBC2422-20210315_255.png" width="2048" height="2048">
  </image>
  <image id="39" name="carcinoma/LBC2422-20210315/LBC2422-20210315_254.png" width="2048" height="2048">
  </image>
  <image id="38" name="carcinoma/LBC2422-20210315/LBC2422-20210315_253.png" width="2048" height="2048">
  </image>
  <image id="37" name="carcinoma/LBC2422-20210315/LBC2422-20210315_251.png" width="2048" height="2048">
  </image>
  <image id="36" name="carcinoma/LBC2422-20210315/LBC2422-20210315_250.png" width="2048" height="2048">
  </image>
  <image id="35" name="carcinoma/LBC2422-20210315/LBC2422-20210315_249.png" width="2048" height="2048">
  </image>
  <image id="34" name="carcinoma/LBC2422-20210315/LBC2422-20210315_248.png" width="2048" height="2048">
  </image>
  <image id="33" name="carcinoma/LBC2422-20210315/LBC2422-20210315_247.png" width="2048" height="2048">
  </image>
  <image id="32" name="carcinoma/LBC2422-20210315/LBC2422-20210315_246.png" width="2048" height="2048">
  </image>
  <image id="31" name="carcinoma/LBC2422-20210315/LBC2422-20210315_245.png" width="2048" height="2048">
  </image>
  <image id="30" name="carcinoma/LBC2422-20210315/LBC2422-20210315_244.png" width="2048" height="2048">
  </image>
  <image id="29" name="carcinoma/LBC2422-20210315/LBC2422-20210315_243.png" width="2048" height="2048">
  </image>
  <image id="28" name="carcinoma/LBC2422-20210315/LBC2422-20210315_240.png" width="2048" height="2048">
  </image>
  <image id="27" name="carcinoma/LBC2422-20210315/LBC2422-20210315_230.png" width="2048" height="2048">
  </image>
  <image id="26" name="carcinoma/LBC2422-20210315/LBC2422-20210315_228.png" width="2048" height="2048">
  </image>
  <image id="25" name="carcinoma/LBC2422-20210315/LBC2422-20210315_211.png" width="2048" height="2048">
  </image>
  <image id="24" name="carcinoma/LBC2422-20210315/LBC2422-20210315_210.png" width="2048" height="2048">
  </image>
  <image id="23" name="carcinoma/LBC2422-20210315/LBC2422-20210315_209.png" width="2048" height="2048">
  </image>
  <image id="22" name="carcinoma/LBC2422-20210315/LBC2422-20210315_208.png" width="2048" height="2048">
  </image>
  <image id="21" name="carcinoma/LBC2422-20210315/LBC2422-20210315_207.png" width="2048" height="2048">
  </image>
  <image id="20" name="carcinoma/LBC2422-20210315/LBC2422-20210315_206.png" width="2048" height="2048">
  </image>
  <image id="19" name="carcinoma/LBC2422-20210315/LBC2422-20210315_205.png" width="2048" height="2048">
  </image>
  <image id="18" name="carcinoma/LBC2422-20210315/LBC2422-20210315_203.png" width="2048" height="2048">
  </image>
  <image id="17" name="carcinoma/LBC2422-20210315/LBC2422-20210315_202.png" width="2048" height="2048">
  </image>
  <image id="16" name="carcinoma/LBC2422-20210315/LBC2422-20210315_201.png" width="2048" height="2048">
  </image>
  <image id="15" name="carcinoma/LBC2422-20210315/LBC2422-20210315_200.png" width="2048" height="2048">
  </image>
  <image id="14" name="carcinoma/LBC2422-20210315/LBC2422-20210315_199.png" width="2048" height="2048">
  </image>
  <image id="13" name="carcinoma/LBC2422-20210315/LBC2422-20210315_195.png" width="2048" height="2048">
  </image>
  <image id="12" name="carcinoma/LBC2422-20210315/LBC2422-20210315_194.png" width="2048" height="2048">
  </image>
  <image id="11" name="carcinoma/LBC2422-20210315/LBC2422-20210315_184.png" width="2048" height="2048">
  </image>
  <image id="10" name="carcinoma/LBC2422-20210315/LBC2422-20210315_182.png" width="2048" height="2048">
  </image>
  <image id="9" name="carcinoma/LBC2422-20210315/LBC2422-20210315_181.png" width="2048" height="2048">
  </image>
  <image id="8" name="carcinoma/LBC2422-20210315/LBC2422-20210315_149.png" width="2048" height="2048">
  </image>
  <image id="7" name="carcinoma/LBC2422-20210315/LBC2422-20210315_148.png" width="2048" height="2048">
  </image>
  <image id="6" name="carcinoma/LBC2422-20210315/LBC2422-20210315_138.png" width="2048" height="2048">
  </image>
  <image id="5" name="carcinoma/LBC2422-20210315/LBC2422-20210315_136.png" width="2048" height="2048">
  </image>
  <image id="4" name="carcinoma/LBC2422-20210315/LBC2422-20210315_135.png" width="2048" height="2048">
  </image>
  <image id="3" name="carcinoma/LBC2422-20210315/LBC2422-20210315_131.png" width="2048" height="2048">
  </image>
  <image id="2" name="carcinoma/LBC2422-20210315/LBC2422-20210315_102.png" width="2048" height="2048">
  </image>
  <image id="1" name="carcinoma/LBC2422-20210315/LBC2422-20210315_10.png" width="2048" height="2048">
  </image>
  <image id="0" name="carcinoma/LBC2422-20210315/LBC2422-20210315_0.png" width="2048" height="2048">
  </image>
</annotations>