<?xml version="1.0" encoding="utf-8"?>
<annotations>
  <version>1.1</version>
  <meta>
    <task>
      <id>761</id>
      <name>LBC2434-20210805</name>
      <size>292</size>
      <mode>annotation</mode>
      <overlap>0</overlap>
      <bugtracker></bugtracker>
      <created>2022-04-21 06:47:26.062500+00:00</created>
      <updated>2022-05-08 23:50:55.562526+00:00</updated>
      <start_frame>0</start_frame>
      <stop_frame>291</stop_frame>
      <frame_filter></frame_filter>
      <labels>
        <label>
          <name>GC</name>
          <color>#03a541</color>
          <attributes>
          </attributes>
        </label>
        <label>
          <name>GN</name>
          <color>#da84a8</color>
          <attributes>
          </attributes>
        </label>
        <label>
          <name>AS</name>
          <color>#fff600</color>
          <attributes>
            <attribute>
              <name>Description</name>
              <mutable>False</mutable>
              <input_type>text</input_type>
              <default_value>ASC-US</default_value>
              <values>ASC-US</values>
            </attribute>
          </attributes>
        </label>
        <label>
          <name>AH</name>
          <color>#ffba00</color>
          <attributes>
            <attribute>
              <name>Description</name>
              <mutable>False</mutable>
              <input_type>text</input_type>
              <default_value>ASC-H</default_value>
              <values>ASC-H</values>
            </attribute>
          </attributes>
        </label>
        <label>
          <name>LS</name>
          <color>#ff8d00</color>
          <attributes>
            <attribute>
              <name>Description</name>
              <mutable>False</mutable>
              <input_type>text</input_type>
              <default_value>LSIL</default_value>
              <values>LSIL</values>
            </attribute>
          </attributes>
        </label>
        <label>
          <name>HS</name>
          <color>#ff5000</color>
          <attributes>
            <attribute>
              <name>Description</name>
              <mutable>False</mutable>
              <input_type>text</input_type>
              <default_value>High-grade squamous intraepithelial lesion</default_value>
              <values>High-grade squamous intraepithelial lesion</values>
            </attribute>
          </attributes>
        </label>
        <label>
          <name>HN</name>
          <color>#ff3200</color>
          <attributes>
            <attribute>
              <name>Description</name>
              <mutable>False</mutable>
              <input_type>text</input_type>
              <default_value>HSIL with features suspicious for invasion</default_value>
              <values>HSIL with features suspicious for invasion</values>
            </attribute>
          </attributes>
        </label>
        <label>
          <name>SM</name>
          <color>#ff0000</color>
          <attributes>
            <attribute>
              <name>Description</name>
              <mutable>False</mutable>
              <input_type>text</input_type>
              <default_value>Suspicious for malignancy</default_value>
              <values>Suspicious for malignancy</values>
            </attribute>
          </attributes>
        </label>
        <label>
          <name>SC</name>
          <color>#ff0000</color>
          <attributes>
            <attribute>
              <name>Description</name>
              <mutable>False</mutable>
              <input_type>text</input_type>
              <default_value>Invasive squamous cell carcinoma</default_value>
              <values>Invasive squamous cell carcinoma</values>
            </attribute>
          </attributes>
        </label>
        <label>
          <name>C</name>
          <color>#87c76b</color>
          <attributes>
            <attribute>
              <name>Description</name>
              <mutable>False</mutable>
              <input_type>text</input_type>
              <default_value>Candida albicans</default_value>
              <values>Candida albicans</values>
            </attribute>
          </attributes>
        </label>
        <label>
          <name>T</name>
          <color>#5aa72c</color>
          <attributes>
            <attribute>
              <name>Description</name>
              <mutable>False</mutable>
              <input_type>text</input_type>
              <default_value>Trichomonas vaginalis</default_value>
              <values>Trichomonas vaginalis</values>
            </attribute>
          </attributes>
        </label>
        <label>
          <name>H</name>
          <color>#5ed80c</color>
          <attributes>
            <attribute>
              <name>Description</name>
              <mutable>False</mutable>
              <input_type>text</input_type>
              <default_value>Herpes simplex virus</default_value>
              <values>Herpes simplex virus</values>
            </attribute>
          </attributes>
        </label>
        <label>
          <name>AC</name>
          <color>#0dc424</color>
          <attributes>
            <attribute>
              <name>Description</name>
              <mutable>False</mutable>
              <input_type>text</input_type>
              <default_value>Actinomyces species</default_value>
              <values>Actinomyces species</values>
            </attribute>
          </attributes>
        </label>
        <label>
          <name>Others</name>
          <color>#0e1de8</color>
          <attributes>
            <attribute>
              <name>Description</name>
              <mutable>False</mutable>
              <input_type>text</input_type>
              <default_value></default_value>
              <values></values>
            </attribute>
          </attributes>
        </label>
        <label>
          <name>판독불가</name>
          <color>#ff6037</color>
          <attributes>
          </attributes>
        </label>
        <label>
          <name>N - Endocervical Cell</name>
          <color>#bb02d0</color>
          <attributes>
          </attributes>
        </label>
        <label>
          <name>N - Endometrial cell</name>
          <color>#2a454f</color>
          <attributes>
          </attributes>
        </label>
        <label>
          <name>AD</name>
          <color>#c61049</color>
          <attributes>
          </attributes>
        </label>
      </labels>
      <segments>
        <segment>
          <id>615</id>
          <start>0</start>
          <stop>291</stop>
          <url>http://cvat.doai.ai/?id=615</url>
        </segment>
      </segments>
      <owner>
        <username>django</username>
        <email></email>
      </owner>
      <assignee></assignee>
    </task>
    <dumped>2022-05-18 09:00:11.172216+00:00</dumped>
  </meta>
  <image id="291" name="carcinoma/LBC2434-20210805/LBC2434-20210805_998.png" width="2048" height="2048">
  </image>
  <image id="290" name="carcinoma/LBC2434-20210805/LBC2434-20210805_984.png" width="2048" height="2048">
  </image>
  <image id="289" name="carcinoma/LBC2434-20210805/LBC2434-20210805_981.png" width="2048" height="2048">
  </image>
  <image id="288" name="carcinoma/LBC2434-20210805/LBC2434-20210805_980.png" width="2048" height="2048">
  </image>
  <image id="287" name="carcinoma/LBC2434-20210805/LBC2434-20210805_979.png" width="2048" height="2048">
  </image>
  <image id="286" name="carcinoma/LBC2434-20210805/LBC2434-20210805_971.png" width="2048" height="2048">
  </image>
  <image id="285" name="carcinoma/LBC2434-20210805/LBC2434-20210805_951.png" width="2048" height="2048">
    <box label="SC" occluded="0" source="manual" xtl="536.37" ytl="1137.33" xbr="668.26" ybr="1276.69" z_order="0">
      <attribute name="Description">Invasive squamous cell carcinoma</attribute>
    </box>
  </image>
  <image id="284" name="carcinoma/LBC2434-20210805/LBC2434-20210805_947.png" width="2048" height="2048">
  </image>
  <image id="283" name="carcinoma/LBC2434-20210805/LBC2434-20210805_943.png" width="2048" height="2048">
  </image>
  <image id="282" name="carcinoma/LBC2434-20210805/LBC2434-20210805_942.png" width="2048" height="2048">
  </image>
  <image id="281" name="carcinoma/LBC2434-20210805/LBC2434-20210805_941.png" width="2048" height="2048">
  </image>
  <image id="280" name="carcinoma/LBC2434-20210805/LBC2434-20210805_939.png" width="2048" height="2048">
  </image>
  <image id="279" name="carcinoma/LBC2434-20210805/LBC2434-20210805_938.png" width="2048" height="2048">
  </image>
  <image id="278" name="carcinoma/LBC2434-20210805/LBC2434-20210805_937.png" width="2048" height="2048">
  </image>
  <image id="277" name="carcinoma/LBC2434-20210805/LBC2434-20210805_933.png" width="2048" height="2048">
  </image>
  <image id="276" name="carcinoma/LBC2434-20210805/LBC2434-20210805_931.png" width="2048" height="2048">
  </image>
  <image id="275" name="carcinoma/LBC2434-20210805/LBC2434-20210805_915.png" width="2048" height="2048">
  </image>
  <image id="274" name="carcinoma/LBC2434-20210805/LBC2434-20210805_914.png" width="2048" height="2048">
  </image>
  <image id="273" name="carcinoma/LBC2434-20210805/LBC2434-20210805_913.png" width="2048" height="2048">
  </image>
  <image id="272" name="carcinoma/LBC2434-20210805/LBC2434-20210805_910.png" width="2048" height="2048">
  </image>
  <image id="271" name="carcinoma/LBC2434-20210805/LBC2434-20210805_909.png" width="2048" height="2048">
  </image>
  <image id="270" name="carcinoma/LBC2434-20210805/LBC2434-20210805_906.png" width="2048" height="2048">
  </image>
  <image id="269" name="carcinoma/LBC2434-20210805/LBC2434-20210805_901.png" width="2048" height="2048">
  </image>
  <image id="268" name="carcinoma/LBC2434-20210805/LBC2434-20210805_895.png" width="2048" height="2048">
  </image>
  <image id="267" name="carcinoma/LBC2434-20210805/LBC2434-20210805_892.png" width="2048" height="2048">
  </image>
  <image id="266" name="carcinoma/LBC2434-20210805/LBC2434-20210805_891.png" width="2048" height="2048">
    <box label="SC" occluded="0" source="manual" xtl="1601.43" ytl="599.83" xbr="1778.11" ybr="766.55" z_order="0">
      <attribute name="Description">Invasive squamous cell carcinoma</attribute>
    </box>
  </image>
  <image id="265" name="carcinoma/LBC2434-20210805/LBC2434-20210805_890.png" width="2048" height="2048">
  </image>
  <image id="264" name="carcinoma/LBC2434-20210805/LBC2434-20210805_889.png" width="2048" height="2048">
  </image>
  <image id="263" name="carcinoma/LBC2434-20210805/LBC2434-20210805_888.png" width="2048" height="2048">
  </image>
  <image id="262" name="carcinoma/LBC2434-20210805/LBC2434-20210805_884.png" width="2048" height="2048">
  </image>
  <image id="261" name="carcinoma/LBC2434-20210805/LBC2434-20210805_872.png" width="2048" height="2048">
  </image>
  <image id="260" name="carcinoma/LBC2434-20210805/LBC2434-20210805_870.png" width="2048" height="2048">
  </image>
  <image id="259" name="carcinoma/LBC2434-20210805/LBC2434-20210805_865.png" width="2048" height="2048">
  </image>
  <image id="258" name="carcinoma/LBC2434-20210805/LBC2434-20210805_864.png" width="2048" height="2048">
  </image>
  <image id="257" name="carcinoma/LBC2434-20210805/LBC2434-20210805_863.png" width="2048" height="2048">
  </image>
  <image id="256" name="carcinoma/LBC2434-20210805/LBC2434-20210805_862.png" width="2048" height="2048">
  </image>
  <image id="255" name="carcinoma/LBC2434-20210805/LBC2434-20210805_851.png" width="2048" height="2048">
  </image>
  <image id="254" name="carcinoma/LBC2434-20210805/LBC2434-20210805_849.png" width="2048" height="2048">
  </image>
  <image id="253" name="carcinoma/LBC2434-20210805/LBC2434-20210805_848.png" width="2048" height="2048">
    <box label="SC" occluded="0" source="manual" xtl="1643.73" ytl="221.58" xbr="1825.39" ybr="415.68" z_order="0">
      <attribute name="Description">Invasive squamous cell carcinoma</attribute>
    </box>
  </image>
  <image id="252" name="carcinoma/LBC2434-20210805/LBC2434-20210805_847.png" width="2048" height="2048">
  </image>
  <image id="251" name="carcinoma/LBC2434-20210805/LBC2434-20210805_845.png" width="2048" height="2048">
  </image>
  <image id="250" name="carcinoma/LBC2434-20210805/LBC2434-20210805_841.png" width="2048" height="2048">
  </image>
  <image id="249" name="carcinoma/LBC2434-20210805/LBC2434-20210805_840.png" width="2048" height="2048">
  </image>
  <image id="248" name="carcinoma/LBC2434-20210805/LBC2434-20210805_839.png" width="2048" height="2048">
  </image>
  <image id="247" name="carcinoma/LBC2434-20210805/LBC2434-20210805_831.png" width="2048" height="2048">
  </image>
  <image id="246" name="carcinoma/LBC2434-20210805/LBC2434-20210805_830.png" width="2048" height="2048">
  </image>
  <image id="245" name="carcinoma/LBC2434-20210805/LBC2434-20210805_829.png" width="2048" height="2048">
  </image>
  <image id="244" name="carcinoma/LBC2434-20210805/LBC2434-20210805_823.png" width="2048" height="2048">
  </image>
  <image id="243" name="carcinoma/LBC2434-20210805/LBC2434-20210805_822.png" width="2048" height="2048">
  </image>
  <image id="242" name="carcinoma/LBC2434-20210805/LBC2434-20210805_818.png" width="2048" height="2048">
  </image>
  <image id="241" name="carcinoma/LBC2434-20210805/LBC2434-20210805_815.png" width="2048" height="2048">
  </image>
  <image id="240" name="carcinoma/LBC2434-20210805/LBC2434-20210805_812.png" width="2048" height="2048">
  </image>
  <image id="239" name="carcinoma/LBC2434-20210805/LBC2434-20210805_805.png" width="2048" height="2048">
  </image>
  <image id="238" name="carcinoma/LBC2434-20210805/LBC2434-20210805_804.png" width="2048" height="2048">
  </image>
  <image id="237" name="carcinoma/LBC2434-20210805/LBC2434-20210805_799.png" width="2048" height="2048">
  </image>
  <image id="236" name="carcinoma/LBC2434-20210805/LBC2434-20210805_797.png" width="2048" height="2048">
  </image>
  <image id="235" name="carcinoma/LBC2434-20210805/LBC2434-20210805_785.png" width="2048" height="2048">
  </image>
  <image id="234" name="carcinoma/LBC2434-20210805/LBC2434-20210805_783.png" width="2048" height="2048">
  </image>
  <image id="233" name="carcinoma/LBC2434-20210805/LBC2434-20210805_782.png" width="2048" height="2048">
  </image>
  <image id="232" name="carcinoma/LBC2434-20210805/LBC2434-20210805_780.png" width="2048" height="2048">
  </image>
  <image id="231" name="carcinoma/LBC2434-20210805/LBC2434-20210805_779.png" width="2048" height="2048">
  </image>
  <image id="230" name="carcinoma/LBC2434-20210805/LBC2434-20210805_775.png" width="2048" height="2048">
  </image>
  <image id="229" name="carcinoma/LBC2434-20210805/LBC2434-20210805_767.png" width="2048" height="2048">
  </image>
  <image id="228" name="carcinoma/LBC2434-20210805/LBC2434-20210805_762.png" width="2048" height="2048">
  </image>
  <image id="227" name="carcinoma/LBC2434-20210805/LBC2434-20210805_754.png" width="2048" height="2048">
  </image>
  <image id="226" name="carcinoma/LBC2434-20210805/LBC2434-20210805_743.png" width="2048" height="2048">
  </image>
  <image id="225" name="carcinoma/LBC2434-20210805/LBC2434-20210805_742.png" width="2048" height="2048">
  </image>
  <image id="224" name="carcinoma/LBC2434-20210805/LBC2434-20210805_741.png" width="2048" height="2048">
  </image>
  <image id="223" name="carcinoma/LBC2434-20210805/LBC2434-20210805_739.png" width="2048" height="2048">
  </image>
  <image id="222" name="carcinoma/LBC2434-20210805/LBC2434-20210805_735.png" width="2048" height="2048">
  </image>
  <image id="221" name="carcinoma/LBC2434-20210805/LBC2434-20210805_734.png" width="2048" height="2048">
  </image>
  <image id="220" name="carcinoma/LBC2434-20210805/LBC2434-20210805_731.png" width="2048" height="2048">
  </image>
  <image id="219" name="carcinoma/LBC2434-20210805/LBC2434-20210805_725.png" width="2048" height="2048">
  </image>
  <image id="218" name="carcinoma/LBC2434-20210805/LBC2434-20210805_723.png" width="2048" height="2048">
  </image>
  <image id="217" name="carcinoma/LBC2434-20210805/LBC2434-20210805_721.png" width="2048" height="2048">
  </image>
  <image id="216" name="carcinoma/LBC2434-20210805/LBC2434-20210805_720.png" width="2048" height="2048">
  </image>
  <image id="215" name="carcinoma/LBC2434-20210805/LBC2434-20210805_711.png" width="2048" height="2048">
  </image>
  <image id="214" name="carcinoma/LBC2434-20210805/LBC2434-20210805_710.png" width="2048" height="2048">
  </image>
  <image id="213" name="carcinoma/LBC2434-20210805/LBC2434-20210805_697.png" width="2048" height="2048">
  </image>
  <image id="212" name="carcinoma/LBC2434-20210805/LBC2434-20210805_692.png" width="2048" height="2048">
  </image>
  <image id="211" name="carcinoma/LBC2434-20210805/LBC2434-20210805_683.png" width="2048" height="2048">
  </image>
  <image id="210" name="carcinoma/LBC2434-20210805/LBC2434-20210805_677.png" width="2048" height="2048">
  </image>
  <image id="209" name="carcinoma/LBC2434-20210805/LBC2434-20210805_664.png" width="2048" height="2048">
  </image>
  <image id="208" name="carcinoma/LBC2434-20210805/LBC2434-20210805_652.png" width="2048" height="2048">
  </image>
  <image id="207" name="carcinoma/LBC2434-20210805/LBC2434-20210805_649.png" width="2048" height="2048">
  </image>
  <image id="206" name="carcinoma/LBC2434-20210805/LBC2434-20210805_643.png" width="2048" height="2048">
  </image>
  <image id="205" name="carcinoma/LBC2434-20210805/LBC2434-20210805_640.png" width="2048" height="2048">
  </image>
  <image id="204" name="carcinoma/LBC2434-20210805/LBC2434-20210805_625.png" width="2048" height="2048">
  </image>
  <image id="203" name="carcinoma/LBC2434-20210805/LBC2434-20210805_604.png" width="2048" height="2048">
  </image>
  <image id="202" name="carcinoma/LBC2434-20210805/LBC2434-20210805_600.png" width="2048" height="2048">
    <box label="SC" occluded="0" source="manual" xtl="1048.99" ytl="1575.30" xbr="1260.51" ybr="1819.17" z_order="0">
      <attribute name="Description">Invasive squamous cell carcinoma</attribute>
    </box>
  </image>
  <image id="201" name="carcinoma/LBC2434-20210805/LBC2434-20210805_60.png" width="2048" height="2048">
  </image>
  <image id="200" name="carcinoma/LBC2434-20210805/LBC2434-20210805_595.png" width="2048" height="2048">
  </image>
  <image id="199" name="carcinoma/LBC2434-20210805/LBC2434-20210805_585.png" width="2048" height="2048">
  </image>
  <image id="198" name="carcinoma/LBC2434-20210805/LBC2434-20210805_581.png" width="2048" height="2048">
  </image>
  <image id="197" name="carcinoma/LBC2434-20210805/LBC2434-20210805_580.png" width="2048" height="2048">
  </image>
  <image id="196" name="carcinoma/LBC2434-20210805/LBC2434-20210805_564.png" width="2048" height="2048">
  </image>
  <image id="195" name="carcinoma/LBC2434-20210805/LBC2434-20210805_559.png" width="2048" height="2048">
  </image>
  <image id="194" name="carcinoma/LBC2434-20210805/LBC2434-20210805_557.png" width="2048" height="2048">
  </image>
  <image id="193" name="carcinoma/LBC2434-20210805/LBC2434-20210805_556.png" width="2048" height="2048">
  </image>
  <image id="192" name="carcinoma/LBC2434-20210805/LBC2434-20210805_553.png" width="2048" height="2048">
  </image>
  <image id="191" name="carcinoma/LBC2434-20210805/LBC2434-20210805_548.png" width="2048" height="2048">
  </image>
  <image id="190" name="carcinoma/LBC2434-20210805/LBC2434-20210805_541.png" width="2048" height="2048">
  </image>
  <image id="189" name="carcinoma/LBC2434-20210805/LBC2434-20210805_540.png" width="2048" height="2048">
  </image>
  <image id="188" name="carcinoma/LBC2434-20210805/LBC2434-20210805_539.png" width="2048" height="2048">
  </image>
  <image id="187" name="carcinoma/LBC2434-20210805/LBC2434-20210805_538.png" width="2048" height="2048">
  </image>
  <image id="186" name="carcinoma/LBC2434-20210805/LBC2434-20210805_536.png" width="2048" height="2048">
    <box label="SC" occluded="0" source="manual" xtl="1208.25" ytl="191.72" xbr="1389.91" ybr="343.51" z_order="0">
      <attribute name="Description">Invasive squamous cell carcinoma</attribute>
    </box>
  </image>
  <image id="185" name="carcinoma/LBC2434-20210805/LBC2434-20210805_533.png" width="2048" height="2048">
  </image>
  <image id="184" name="carcinoma/LBC2434-20210805/LBC2434-20210805_521.png" width="2048" height="2048">
  </image>
  <image id="183" name="carcinoma/LBC2434-20210805/LBC2434-20210805_516.png" width="2048" height="2048">
    <box label="SC" occluded="0" source="manual" xtl="1827.88" ytl="398.26" xbr="2017.00" ybr="599.83" z_order="0">
      <attribute name="Description">Invasive squamous cell carcinoma</attribute>
    </box>
  </image>
  <image id="182" name="carcinoma/LBC2434-20210805/LBC2434-20210805_512.png" width="2048" height="2048">
  </image>
  <image id="181" name="carcinoma/LBC2434-20210805/LBC2434-20210805_507.png" width="2048" height="2048">
  </image>
  <image id="180" name="carcinoma/LBC2434-20210805/LBC2434-20210805_502.png" width="2048" height="2048">
  </image>
  <image id="179" name="carcinoma/LBC2434-20210805/LBC2434-20210805_501.png" width="2048" height="2048">
  </image>
  <image id="178" name="carcinoma/LBC2434-20210805/LBC2434-20210805_498.png" width="2048" height="2048">
  </image>
  <image id="177" name="carcinoma/LBC2434-20210805/LBC2434-20210805_497.png" width="2048" height="2048">
    <box label="SC" occluded="0" source="manual" xtl="349.74" ytl="460.47" xbr="566.23" ybr="644.62" z_order="0">
      <attribute name="Description">Invasive squamous cell carcinoma</attribute>
    </box>
  </image>
  <image id="176" name="carcinoma/LBC2434-20210805/LBC2434-20210805_495.png" width="2048" height="2048">
  </image>
  <image id="175" name="carcinoma/LBC2434-20210805/LBC2434-20210805_493.png" width="2048" height="2048">
  </image>
  <image id="174" name="carcinoma/LBC2434-20210805/LBC2434-20210805_489.png" width="2048" height="2048">
  </image>
  <image id="173" name="carcinoma/LBC2434-20210805/LBC2434-20210805_488.png" width="2048" height="2048">
  </image>
  <image id="172" name="carcinoma/LBC2434-20210805/LBC2434-20210805_477.png" width="2048" height="2048">
  </image>
  <image id="171" name="carcinoma/LBC2434-20210805/LBC2434-20210805_469.png" width="2048" height="2048">
  </image>
  <image id="170" name="carcinoma/LBC2434-20210805/LBC2434-20210805_467.png" width="2048" height="2048">
  </image>
  <image id="169" name="carcinoma/LBC2434-20210805/LBC2434-20210805_466.png" width="2048" height="2048">
  </image>
  <image id="168" name="carcinoma/LBC2434-20210805/LBC2434-20210805_460.png" width="2048" height="2048">
  </image>
  <image id="167" name="carcinoma/LBC2434-20210805/LBC2434-20210805_453.png" width="2048" height="2048">
  </image>
  <image id="166" name="carcinoma/LBC2434-20210805/LBC2434-20210805_449.png" width="2048" height="2048">
  </image>
  <image id="165" name="carcinoma/LBC2434-20210805/LBC2434-20210805_429.png" width="2048" height="2048">
  </image>
  <image id="164" name="carcinoma/LBC2434-20210805/LBC2434-20210805_426.png" width="2048" height="2048">
  </image>
  <image id="163" name="carcinoma/LBC2434-20210805/LBC2434-20210805_423.png" width="2048" height="2048">
    <box label="SC" occluded="0" source="manual" xtl="956.92" ytl="216.60" xbr="1205.77" ybr="671.99" z_order="0">
      <attribute name="Description">Invasive squamous cell carcinoma</attribute>
    </box>
  </image>
  <image id="162" name="carcinoma/LBC2434-20210805/LBC2434-20210805_416.png" width="2048" height="2048">
  </image>
  <image id="161" name="carcinoma/LBC2434-20210805/LBC2434-20210805_411.png" width="2048" height="2048">
  </image>
  <image id="160" name="carcinoma/LBC2434-20210805/LBC2434-20210805_379.png" width="2048" height="2048">
  </image>
  <image id="159" name="carcinoma/LBC2434-20210805/LBC2434-20210805_373.png" width="2048" height="2048">
  </image>
  <image id="158" name="carcinoma/LBC2434-20210805/LBC2434-20210805_372.png" width="2048" height="2048">
  </image>
  <image id="157" name="carcinoma/LBC2434-20210805/LBC2434-20210805_367.png" width="2048" height="2048">
  </image>
  <image id="156" name="carcinoma/LBC2434-20210805/LBC2434-20210805_366.png" width="2048" height="2048">
  </image>
  <image id="155" name="carcinoma/LBC2434-20210805/LBC2434-20210805_364.png" width="2048" height="2048">
  </image>
  <image id="154" name="carcinoma/LBC2434-20210805/LBC2434-20210805_362.png" width="2048" height="2048">
  </image>
  <image id="153" name="carcinoma/LBC2434-20210805/LBC2434-20210805_361.png" width="2048" height="2048">
  </image>
  <image id="152" name="carcinoma/LBC2434-20210805/LBC2434-20210805_340.png" width="2048" height="2048">
  </image>
  <image id="151" name="carcinoma/LBC2434-20210805/LBC2434-20210805_333.png" width="2048" height="2048">
  </image>
  <image id="150" name="carcinoma/LBC2434-20210805/LBC2434-20210805_331.png" width="2048" height="2048">
  </image>
  <image id="149" name="carcinoma/LBC2434-20210805/LBC2434-20210805_290.png" width="2048" height="2048">
    <box label="SC" occluded="0" source="manual" xtl="1026.60" ytl="769.04" xbr="1355.07" ybr="1378.71" z_order="0">
      <attribute name="Description">Invasive squamous cell carcinoma</attribute>
    </box>
  </image>
  <image id="148" name="carcinoma/LBC2434-20210805/LBC2434-20210805_284.png" width="2048" height="2048">
  </image>
  <image id="147" name="carcinoma/LBC2434-20210805/LBC2434-20210805_283.png" width="2048" height="2048">
  </image>
  <image id="146" name="carcinoma/LBC2434-20210805/LBC2434-20210805_282.png" width="2048" height="2048">
  </image>
  <image id="145" name="carcinoma/LBC2434-20210805/LBC2434-20210805_281.png" width="2048" height="2048">
  </image>
  <image id="144" name="carcinoma/LBC2434-20210805/LBC2434-20210805_278.png" width="2048" height="2048">
  </image>
  <image id="143" name="carcinoma/LBC2434-20210805/LBC2434-20210805_274.png" width="2048" height="2048">
  </image>
  <image id="142" name="carcinoma/LBC2434-20210805/LBC2434-20210805_250.png" width="2048" height="2048">
  </image>
  <image id="141" name="carcinoma/LBC2434-20210805/LBC2434-20210805_247.png" width="2048" height="2048">
  </image>
  <image id="140" name="carcinoma/LBC2434-20210805/LBC2434-20210805_244.png" width="2048" height="2048">
  </image>
  <image id="139" name="carcinoma/LBC2434-20210805/LBC2434-20210805_242.png" width="2048" height="2048">
  </image>
  <image id="138" name="carcinoma/LBC2434-20210805/LBC2434-20210805_241.png" width="2048" height="2048">
  </image>
  <image id="137" name="carcinoma/LBC2434-20210805/LBC2434-20210805_240.png" width="2048" height="2048">
  </image>
  <image id="136" name="carcinoma/LBC2434-20210805/LBC2434-20210805_239.png" width="2048" height="2048">
  </image>
  <image id="135" name="carcinoma/LBC2434-20210805/LBC2434-20210805_233.png" width="2048" height="2048">
  </image>
  <image id="134" name="carcinoma/LBC2434-20210805/LBC2434-20210805_231.png" width="2048" height="2048">
  </image>
  <image id="133" name="carcinoma/LBC2434-20210805/LBC2434-20210805_230.png" width="2048" height="2048">
  </image>
  <image id="132" name="carcinoma/LBC2434-20210805/LBC2434-20210805_201.png" width="2048" height="2048">
  </image>
  <image id="131" name="carcinoma/LBC2434-20210805/LBC2434-20210805_199.png" width="2048" height="2048">
  </image>
  <image id="130" name="carcinoma/LBC2434-20210805/LBC2434-20210805_1743.png" width="2048" height="2048">
  </image>
  <image id="129" name="carcinoma/LBC2434-20210805/LBC2434-20210805_1742.png" width="2048" height="2048">
  </image>
  <image id="128" name="carcinoma/LBC2434-20210805/LBC2434-20210805_1738.png" width="2048" height="2048">
  </image>
  <image id="127" name="carcinoma/LBC2434-20210805/LBC2434-20210805_1730.png" width="2048" height="2048">
  </image>
  <image id="126" name="carcinoma/LBC2434-20210805/LBC2434-20210805_1700.png" width="2048" height="2048">
  </image>
  <image id="125" name="carcinoma/LBC2434-20210805/LBC2434-20210805_1693.png" width="2048" height="2048">
  </image>
  <image id="124" name="carcinoma/LBC2434-20210805/LBC2434-20210805_1692.png" width="2048" height="2048">
  </image>
  <image id="123" name="carcinoma/LBC2434-20210805/LBC2434-20210805_1691.png" width="2048" height="2048">
  </image>
  <image id="122" name="carcinoma/LBC2434-20210805/LBC2434-20210805_1690.png" width="2048" height="2048">
  </image>
  <image id="121" name="carcinoma/LBC2434-20210805/LBC2434-20210805_1652.png" width="2048" height="2048">
  </image>
  <image id="120" name="carcinoma/LBC2434-20210805/LBC2434-20210805_1648.png" width="2048" height="2048">
  </image>
  <image id="119" name="carcinoma/LBC2434-20210805/LBC2434-20210805_1641.png" width="2048" height="2048">
  </image>
  <image id="118" name="carcinoma/LBC2434-20210805/LBC2434-20210805_1608.png" width="2048" height="2048">
  </image>
  <image id="117" name="carcinoma/LBC2434-20210805/LBC2434-20210805_1605.png" width="2048" height="2048">
  </image>
  <image id="116" name="carcinoma/LBC2434-20210805/LBC2434-20210805_1604.png" width="2048" height="2048">
  </image>
  <image id="115" name="carcinoma/LBC2434-20210805/LBC2434-20210805_1602.png" width="2048" height="2048">
  </image>
  <image id="114" name="carcinoma/LBC2434-20210805/LBC2434-20210805_1601.png" width="2048" height="2048">
  </image>
  <image id="113" name="carcinoma/LBC2434-20210805/LBC2434-20210805_1595.png" width="2048" height="2048">
  </image>
  <image id="112" name="carcinoma/LBC2434-20210805/LBC2434-20210805_1583.png" width="2048" height="2048">
  </image>
  <image id="111" name="carcinoma/LBC2434-20210805/LBC2434-20210805_1569.png" width="2048" height="2048">
    <box label="SC" occluded="0" source="manual" xtl="1472.03" ytl="744.16" xbr="1738.29" ybr="1092.54" z_order="0">
      <attribute name="Description">Invasive squamous cell carcinoma</attribute>
    </box>
  </image>
  <image id="110" name="carcinoma/LBC2434-20210805/LBC2434-20210805_1565.png" width="2048" height="2048">
  </image>
  <image id="109" name="carcinoma/LBC2434-20210805/LBC2434-20210805_1559.png" width="2048" height="2048">
  </image>
  <image id="108" name="carcinoma/LBC2434-20210805/LBC2434-20210805_1557.png" width="2048" height="2048">
  </image>
  <image id="107" name="carcinoma/LBC2434-20210805/LBC2434-20210805_1555.png" width="2048" height="2048">
  </image>
  <image id="106" name="carcinoma/LBC2434-20210805/LBC2434-20210805_1551.png" width="2048" height="2048">
  </image>
  <image id="105" name="carcinoma/LBC2434-20210805/LBC2434-20210805_155.png" width="2048" height="2048">
  </image>
  <image id="104" name="carcinoma/LBC2434-20210805/LBC2434-20210805_1532.png" width="2048" height="2048">
  </image>
  <image id="103" name="carcinoma/LBC2434-20210805/LBC2434-20210805_1529.png" width="2048" height="2048">
  </image>
  <image id="102" name="carcinoma/LBC2434-20210805/LBC2434-20210805_1527.png" width="2048" height="2048">
  </image>
  <image id="101" name="carcinoma/LBC2434-20210805/LBC2434-20210805_1522.png" width="2048" height="2048">
  </image>
  <image id="100" name="carcinoma/LBC2434-20210805/LBC2434-20210805_152.png" width="2048" height="2048">
  </image>
  <image id="99" name="carcinoma/LBC2434-20210805/LBC2434-20210805_1517.png" width="2048" height="2048">
  </image>
  <image id="98" name="carcinoma/LBC2434-20210805/LBC2434-20210805_1515.png" width="2048" height="2048">
  </image>
  <image id="97" name="carcinoma/LBC2434-20210805/LBC2434-20210805_1514.png" width="2048" height="2048">
  </image>
  <image id="96" name="carcinoma/LBC2434-20210805/LBC2434-20210805_151.png" width="2048" height="2048">
  </image>
  <image id="95" name="carcinoma/LBC2434-20210805/LBC2434-20210805_1505.png" width="2048" height="2048">
    <box label="SC" occluded="0" source="manual" xtl="1636.27" ytl="1406.09" xbr="1788.06" ybr="1547.93" z_order="0">
      <attribute name="Description">Invasive squamous cell carcinoma</attribute>
    </box>
  </image>
  <image id="94" name="carcinoma/LBC2434-20210805/LBC2434-20210805_150.png" width="2048" height="2048">
  </image>
  <image id="93" name="carcinoma/LBC2434-20210805/LBC2434-20210805_1480.png" width="2048" height="2048">
  </image>
  <image id="92" name="carcinoma/LBC2434-20210805/LBC2434-20210805_1470.png" width="2048" height="2048">
  </image>
  <image id="91" name="carcinoma/LBC2434-20210805/LBC2434-20210805_1465.png" width="2048" height="2048">
  </image>
  <image id="90" name="carcinoma/LBC2434-20210805/LBC2434-20210805_1462.png" width="2048" height="2048">
  </image>
  <image id="89" name="carcinoma/LBC2434-20210805/LBC2434-20210805_1460.png" width="2048" height="2048">
  </image>
  <image id="88" name="carcinoma/LBC2434-20210805/LBC2434-20210805_145.png" width="2048" height="2048">
  </image>
  <image id="87" name="carcinoma/LBC2434-20210805/LBC2434-20210805_1439.png" width="2048" height="2048">
  </image>
  <image id="86" name="carcinoma/LBC2434-20210805/LBC2434-20210805_1438.png" width="2048" height="2048">
  </image>
  <image id="85" name="carcinoma/LBC2434-20210805/LBC2434-20210805_1435.png" width="2048" height="2048">
  </image>
  <image id="84" name="carcinoma/LBC2434-20210805/LBC2434-20210805_1424.png" width="2048" height="2048">
  </image>
  <image id="83" name="carcinoma/LBC2434-20210805/LBC2434-20210805_1420.png" width="2048" height="2048">
  </image>
  <image id="82" name="carcinoma/LBC2434-20210805/LBC2434-20210805_1395.png" width="2048" height="2048">
  </image>
  <image id="81" name="carcinoma/LBC2434-20210805/LBC2434-20210805_1394.png" width="2048" height="2048">
  </image>
  <image id="80" name="carcinoma/LBC2434-20210805/LBC2434-20210805_1393.png" width="2048" height="2048">
  </image>
  <image id="79" name="carcinoma/LBC2434-20210805/LBC2434-20210805_1390.png" width="2048" height="2048">
  </image>
  <image id="78" name="carcinoma/LBC2434-20210805/LBC2434-20210805_1385.png" width="2048" height="2048">
  </image>
  <image id="77" name="carcinoma/LBC2434-20210805/LBC2434-20210805_1384.png" width="2048" height="2048">
  </image>
  <image id="76" name="carcinoma/LBC2434-20210805/LBC2434-20210805_1383.png" width="2048" height="2048">
  </image>
  <image id="75" name="carcinoma/LBC2434-20210805/LBC2434-20210805_1379.png" width="2048" height="2048">
  </image>
  <image id="74" name="carcinoma/LBC2434-20210805/LBC2434-20210805_1377.png" width="2048" height="2048">
  </image>
  <image id="73" name="carcinoma/LBC2434-20210805/LBC2434-20210805_1371.png" width="2048" height="2048">
  </image>
  <image id="72" name="carcinoma/LBC2434-20210805/LBC2434-20210805_1356.png" width="2048" height="2048">
  </image>
  <image id="71" name="carcinoma/LBC2434-20210805/LBC2434-20210805_1354.png" width="2048" height="2048">
  </image>
  <image id="70" name="carcinoma/LBC2434-20210805/LBC2434-20210805_1344.png" width="2048" height="2048">
  </image>
  <image id="69" name="carcinoma/LBC2434-20210805/LBC2434-20210805_1340.png" width="2048" height="2048">
  </image>
  <image id="68" name="carcinoma/LBC2434-20210805/LBC2434-20210805_1337.png" width="2048" height="2048">
  </image>
  <image id="67" name="carcinoma/LBC2434-20210805/LBC2434-20210805_1336.png" width="2048" height="2048">
  </image>
  <image id="66" name="carcinoma/LBC2434-20210805/LBC2434-20210805_1332.png" width="2048" height="2048">
  </image>
  <image id="65" name="carcinoma/LBC2434-20210805/LBC2434-20210805_1331.png" width="2048" height="2048">
  </image>
  <image id="64" name="carcinoma/LBC2434-20210805/LBC2434-20210805_1330.png" width="2048" height="2048">
  </image>
  <image id="63" name="carcinoma/LBC2434-20210805/LBC2434-20210805_1303.png" width="2048" height="2048">
  </image>
  <image id="62" name="carcinoma/LBC2434-20210805/LBC2434-20210805_1297.png" width="2048" height="2048">
  </image>
  <image id="61" name="carcinoma/LBC2434-20210805/LBC2434-20210805_1293.png" width="2048" height="2048">
  </image>
  <image id="60" name="carcinoma/LBC2434-20210805/LBC2434-20210805_1290.png" width="2048" height="2048">
  </image>
  <image id="59" name="carcinoma/LBC2434-20210805/LBC2434-20210805_1289.png" width="2048" height="2048">
  </image>
  <image id="58" name="carcinoma/LBC2434-20210805/LBC2434-20210805_1288.png" width="2048" height="2048">
  </image>
  <image id="57" name="carcinoma/LBC2434-20210805/LBC2434-20210805_1287.png" width="2048" height="2048">
    <box label="SC" occluded="0" source="manual" xtl="523.93" ytl="460.47" xbr="693.14" ybr="667.01" z_order="0">
      <attribute name="Description">Invasive squamous cell carcinoma</attribute>
    </box>
  </image>
  <image id="56" name="carcinoma/LBC2434-20210805/LBC2434-20210805_1286.png" width="2048" height="2048">
  </image>
  <image id="55" name="carcinoma/LBC2434-20210805/LBC2434-20210805_1285.png" width="2048" height="2048">
  </image>
  <image id="54" name="carcinoma/LBC2434-20210805/LBC2434-20210805_1270.png" width="2048" height="2048">
  </image>
  <image id="53" name="carcinoma/LBC2434-20210805/LBC2434-20210805_1269.png" width="2048" height="2048">
  </image>
  <image id="52" name="carcinoma/LBC2434-20210805/LBC2434-20210805_1268.png" width="2048" height="2048">
  </image>
  <image id="51" name="carcinoma/LBC2434-20210805/LBC2434-20210805_1265.png" width="2048" height="2048">
  </image>
  <image id="50" name="carcinoma/LBC2434-20210805/LBC2434-20210805_1264.png" width="2048" height="2048">
  </image>
  <image id="49" name="carcinoma/LBC2434-20210805/LBC2434-20210805_1253.png" width="2048" height="2048">
    <box label="SC" occluded="0" source="manual" xtl="1663.64" ytl="1194.57" xbr="1922.44" ybr="1652.44" z_order="0">
      <attribute name="Description">Invasive squamous cell carcinoma</attribute>
    </box>
  </image>
  <image id="48" name="carcinoma/LBC2434-20210805/LBC2434-20210805_1246.png" width="2048" height="2048">
  </image>
  <image id="47" name="carcinoma/LBC2434-20210805/LBC2434-20210805_1226.png" width="2048" height="2048">
  </image>
  <image id="46" name="carcinoma/LBC2434-20210805/LBC2434-20210805_1223.png" width="2048" height="2048">
  </image>
  <image id="45" name="carcinoma/LBC2434-20210805/LBC2434-20210805_1212.png" width="2048" height="2048">
  </image>
  <image id="44" name="carcinoma/LBC2434-20210805/LBC2434-20210805_1211.png" width="2048" height="2048">
  </image>
  <image id="43" name="carcinoma/LBC2434-20210805/LBC2434-20210805_1207.png" width="2048" height="2048">
  </image>
  <image id="42" name="carcinoma/LBC2434-20210805/LBC2434-20210805_1192.png" width="2048" height="2048">
    <box label="SC" occluded="0" source="manual" xtl="1817.93" ytl="398.26" xbr="2041.89" ybr="652.08" z_order="0">
      <attribute name="Description">Invasive squamous cell carcinoma</attribute>
    </box>
  </image>
  <image id="41" name="carcinoma/LBC2434-20210805/LBC2434-20210805_1177.png" width="2048" height="2048">
  </image>
  <image id="40" name="carcinoma/LBC2434-20210805/LBC2434-20210805_1170.png" width="2048" height="2048">
  </image>
  <image id="39" name="carcinoma/LBC2434-20210805/LBC2434-20210805_1169.png" width="2048" height="2048">
    <box label="SC" occluded="0" source="manual" xtl="1409.82" ytl="1012.91" xbr="1892.58" ybr="1328.94" z_order="0">
      <attribute name="Description">Invasive squamous cell carcinoma</attribute>
    </box>
  </image>
  <image id="38" name="carcinoma/LBC2434-20210805/LBC2434-20210805_1161.png" width="2048" height="2048">
  </image>
  <image id="37" name="carcinoma/LBC2434-20210805/LBC2434-20210805_1159.png" width="2048" height="2048">
    <box label="SC" occluded="0" source="manual" xtl="842.45" ytl="84.72" xbr="1091.30" ybr="253.93" z_order="0">
      <attribute name="Description">Invasive squamous cell carcinoma</attribute>
    </box>
    <box label="SC" occluded="0" source="manual" xtl="792.68" ytl="878.53" xbr="966.87" ybr="1070.14" z_order="0">
      <attribute name="Description">Invasive squamous cell carcinoma</attribute>
    </box>
  </image>
  <image id="36" name="carcinoma/LBC2434-20210805/LBC2434-20210805_1155.png" width="2048" height="2048">
  </image>
  <image id="35" name="carcinoma/LBC2434-20210805/LBC2434-20210805_1154.png" width="2048" height="2048">
  </image>
  <image id="34" name="carcinoma/LBC2434-20210805/LBC2434-20210805_1153.png" width="2048" height="2048">
  </image>
  <image id="33" name="carcinoma/LBC2434-20210805/LBC2434-20210805_1149.png" width="2048" height="2048">
  </image>
  <image id="32" name="carcinoma/LBC2434-20210805/LBC2434-20210805_1139.png" width="2048" height="2048">
  </image>
  <image id="31" name="carcinoma/LBC2434-20210805/LBC2434-20210805_1138.png" width="2048" height="2048">
  </image>
  <image id="30" name="carcinoma/LBC2434-20210805/LBC2434-20210805_1135.png" width="2048" height="2048">
  </image>
  <image id="29" name="carcinoma/LBC2434-20210805/LBC2434-20210805_1130.png" width="2048" height="2048">
  </image>
  <image id="28" name="carcinoma/LBC2434-20210805/LBC2434-20210805_1126.png" width="2048" height="2048">
  </image>
  <image id="27" name="carcinoma/LBC2434-20210805/LBC2434-20210805_1124.png" width="2048" height="2048">
  </image>
  <image id="26" name="carcinoma/LBC2434-20210805/LBC2434-20210805_1121.png" width="2048" height="2048">
  </image>
  <image id="25" name="carcinoma/LBC2434-20210805/LBC2434-20210805_1119.png" width="2048" height="2048">
  </image>
  <image id="24" name="carcinoma/LBC2434-20210805/LBC2434-20210805_1116.png" width="2048" height="2048">
  </image>
  <image id="23" name="carcinoma/LBC2434-20210805/LBC2434-20210805_1109.png" width="2048" height="2048">
  </image>
  <image id="22" name="carcinoma/LBC2434-20210805/LBC2434-20210805_1106.png" width="2048" height="2048">
  </image>
  <image id="21" name="carcinoma/LBC2434-20210805/LBC2434-20210805_1104.png" width="2048" height="2048">
  </image>
  <image id="20" name="carcinoma/LBC2434-20210805/LBC2434-20210805_1103.png" width="2048" height="2048">
  </image>
  <image id="19" name="carcinoma/LBC2434-20210805/LBC2434-20210805_1093.png" width="2048" height="2048">
  </image>
  <image id="18" name="carcinoma/LBC2434-20210805/LBC2434-20210805_1082.png" width="2048" height="2048">
  </image>
  <image id="17" name="carcinoma/LBC2434-20210805/LBC2434-20210805_1064.png" width="2048" height="2048">
  </image>
  <image id="16" name="carcinoma/LBC2434-20210805/LBC2434-20210805_1062.png" width="2048" height="2048">
  </image>
  <image id="15" name="carcinoma/LBC2434-20210805/LBC2434-20210805_106.png" width="2048" height="2048">
  </image>
  <image id="14" name="carcinoma/LBC2434-20210805/LBC2434-20210805_1050.png" width="2048" height="2048">
    <box label="SC" occluded="0" source="manual" xtl="606.05" ytl="684.43" xbr="750.38" ybr="881.02" z_order="0">
      <attribute name="Description">Invasive squamous cell carcinoma</attribute>
    </box>
  </image>
  <image id="13" name="carcinoma/LBC2434-20210805/LBC2434-20210805_1047.png" width="2048" height="2048">
    <box label="SC" occluded="0" source="manual" xtl="1603.92" ytl="943.23" xbr="1773.13" ybr="1211.99" z_order="0">
      <attribute name="Description">Invasive squamous cell carcinoma</attribute>
    </box>
  </image>
  <image id="12" name="carcinoma/LBC2434-20210805/LBC2434-20210805_1046.png" width="2048" height="2048">
  </image>
  <image id="11" name="carcinoma/LBC2434-20210805/LBC2434-20210805_1035.png" width="2048" height="2048">
  </image>
  <image id="10" name="carcinoma/LBC2434-20210805/LBC2434-20210805_1033.png" width="2048" height="2048">
  </image>
  <image id="9" name="carcinoma/LBC2434-20210805/LBC2434-20210805_1029.png" width="2048" height="2048">
  </image>
  <image id="8" name="carcinoma/LBC2434-20210805/LBC2434-20210805_1027.png" width="2048" height="2048">
  </image>
  <image id="7" name="carcinoma/LBC2434-20210805/LBC2434-20210805_1025.png" width="2048" height="2048">
    <box label="SC" occluded="0" source="manual" xtl="206.40" ytl="303.45" xbr="462.71" ybr="497.55" z_order="0">
      <attribute name="Description">Invasive squamous cell carcinoma</attribute>
    </box>
  </image>
  <image id="6" name="carcinoma/LBC2434-20210805/LBC2434-20210805_1021.png" width="2048" height="2048">
  </image>
  <image id="5" name="carcinoma/LBC2434-20210805/LBC2434-20210805_1019.png" width="2048" height="2048">
  </image>
  <image id="4" name="carcinoma/LBC2434-20210805/LBC2434-20210805_1018.png" width="2048" height="2048">
  </image>
  <image id="3" name="carcinoma/LBC2434-20210805/LBC2434-20210805_1015.png" width="2048" height="2048">
  </image>
  <image id="2" name="carcinoma/LBC2434-20210805/LBC2434-20210805_1004.png" width="2048" height="2048">
  </image>
  <image id="1" name="carcinoma/LBC2434-20210805/LBC2434-20210805_1001.png" width="2048" height="2048">
  </image>
  <image id="0" name="carcinoma/LBC2434-20210805/LBC2434-20210805_1000.png" width="2048" height="2048">
  </image>
</annotations>