<?xml version="1.0" encoding="utf-8"?>
<annotations>
  <version>1.1</version>
  <meta>
    <task>
      <id>673</id>
      <name>[HSIL] LBC1947-20210203</name>
      <size>457</size>
      <mode>annotation</mode>
      <overlap>0</overlap>
      <bugtracker></bugtracker>
      <created>2022-01-28 05:00:48.967373+00:00</created>
      <updated>2022-02-04 01:20:48.285800+00:00</updated>
      <start_frame>0</start_frame>
      <stop_frame>456</stop_frame>
      <frame_filter></frame_filter>
      <labels>
        <label>
          <name>HSIL with HPV infection</name>
          <color>#ff0000</color>
          <attributes>
          </attributes>
        </label>
        <label>
          <name>Candida</name>
          <color>#2d00ff</color>
          <attributes>
          </attributes>
        </label>
        <label>
          <name>Negative</name>
          <color>#0049ff</color>
          <attributes>
            <attribute>
              <name>Cell Type</name>
              <mutable>False</mutable>
              <input_type>select</input_type>
              <default_value>Superficial cell</default_value>
              <values>Superficial cell
Intermediate cell
Parabasal cell
Metaplastic cell
Tissue repair
Endocervical cell
Endometrial cell</values>
            </attribute>
          </attributes>
        </label>
        <label>
          <name>Benign atypia</name>
          <color>#3578d1</color>
          <attributes>
            <attribute>
              <name>Infection Type</name>
              <mutable>False</mutable>
              <input_type>select</input_type>
              <default_value>None</default_value>
              <values>None
Candida albicans
Trichomonas vaginalis
Herpes simplex virus
Cytomegalovirus
Grandnerella species
Actinomyces species
Chlamydia species</values>
            </attribute>
          </attributes>
        </label>
        <label>
          <name>Reactive change</name>
          <color>#ea02bd</color>
          <attributes>
            <attribute>
              <name>Type</name>
              <mutable>False</mutable>
              <input_type>select</input_type>
              <default_value>Associated cellular change</default_value>
              <values>Associated cellular change
Follicular cervicitis
Chemotherapy
Radiation change
Pregnancy</values>
            </attribute>
          </attributes>
        </label>
        <label>
          <name>ASC-US</name>
          <color>#ff0000</color>
          <attributes>
            <attribute>
              <name>Description</name>
              <mutable>False</mutable>
              <input_type>text</input_type>
              <default_value>Atypical squamous cells of undetermined significance</default_value>
              <values>Atypical squamous cells of undetermined significance</values>
            </attribute>
          </attributes>
        </label>
        <label>
          <name>ASCUS-SIL</name>
          <color>#ff0000</color>
          <attributes>
            <attribute>
              <name>Description</name>
              <mutable>False</mutable>
              <input_type>text</input_type>
              <default_value>ASCUS squamous intraepithelial lesion</default_value>
              <values>ASCUS squamous intraepithelial lesion</values>
            </attribute>
          </attributes>
        </label>
        <label>
          <name>ASC-H</name>
          <color>#ff0000</color>
          <attributes>
            <attribute>
              <name>Description</name>
              <mutable>False</mutable>
              <input_type>text</input_type>
              <default_value>Atypical squamous cells of undetermined significants-High</default_value>
              <values>Atypical squamous cells of undetermined significants-High</values>
            </attribute>
          </attributes>
        </label>
        <label>
          <name>LSIL</name>
          <color>#ff0000</color>
          <attributes>
            <attribute>
              <name>Description</name>
              <mutable>False</mutable>
              <input_type>text</input_type>
              <default_value>Low-grade squamous intraepithelial lesion</default_value>
              <values>Low-grade squamous intraepithelial lesion</values>
            </attribute>
          </attributes>
        </label>
        <label>
          <name>HSIL</name>
          <color>#ff0000</color>
          <attributes>
            <attribute>
              <name>Description</name>
              <mutable>False</mutable>
              <input_type>text</input_type>
              <default_value>High-grade squamous intraepithelial lesion</default_value>
              <values>High-grade squamous intraepithelial lesion</values>
            </attribute>
          </attributes>
        </label>
        <label>
          <name>Carcinoma</name>
          <color>#ff0000</color>
          <attributes>
            <attribute>
              <name>Description</name>
              <mutable>False</mutable>
              <input_type>text</input_type>
              <default_value>Invasive squamous cell carcinoma (편평상피암)</default_value>
              <values>Invasive squamous cell carcinoma (편평상피암)</values>
            </attribute>
          </attributes>
        </label>
        <label>
          <name>AGUS</name>
          <color>#ff0000</color>
          <attributes>
            <attribute>
              <name>Description</name>
              <mutable>False</mutable>
              <input_type>text</input_type>
              <default_value>Atypical glandular cells of undetermined significants</default_value>
              <values>Atypical glandular cells of undetermined significants</values>
            </attribute>
            <attribute>
              <name>Cell Type</name>
              <mutable>False</mutable>
              <input_type>select</input_type>
              <default_value>Endocervical cell</default_value>
              <values>Endocervical cell
Endometrial cell</values>
            </attribute>
          </attributes>
        </label>
        <label>
          <name>AIS</name>
          <color>#ff0000</color>
          <attributes>
            <attribute>
              <name>Description</name>
              <mutable>False</mutable>
              <input_type>text</input_type>
              <default_value>Adenocarcinoma Insitu (선상피내암)</default_value>
              <values>Adenocarcinoma Insitu (선상피내암)</values>
            </attribute>
          </attributes>
        </label>
        <label>
          <name>Adenocarcinoma</name>
          <color>#ff0000</color>
          <attributes>
            <attribute>
              <name>Cell Type</name>
              <mutable>False</mutable>
              <input_type>select</input_type>
              <default_value>Endocervical cell</default_value>
              <values>Endocervical cell
Endometrial cell</values>
            </attribute>
          </attributes>
        </label>
        <label>
          <name>ASC-US with HPV infection</name>
          <color>#ff0000</color>
          <attributes>
          </attributes>
        </label>
        <label>
          <name>ASC-H with HPV infection</name>
          <color>#ff0000</color>
          <attributes>
          </attributes>
        </label>
        <label>
          <name>LSIL with HPV infection</name>
          <color>#ff0000</color>
          <attributes>
          </attributes>
        </label>
      </labels>
      <segments>
        <segment>
          <id>537</id>
          <start>0</start>
          <stop>456</stop>
          <url>http://cvat.doai.ai/?id=537</url>
        </segment>
      </segments>
      <owner>
        <username>django</username>
        <email></email>
      </owner>
      <assignee></assignee>
    </task>
    <dumped>2022-02-28 00:31:28.157289+00:00</dumped>
  </meta>
  <image id="400" name="scl/LBC1947-20210203(1)/LBC1947-20210203(1)_742.png" width="2048" height="2048">
  </image>
  <image id="399" name="scl/LBC1947-20210203(1)/LBC1947-20210203(1)_741.png" width="2048" height="2048">
  </image>
  <image id="398" name="scl/LBC1947-20210203(1)/LBC1947-20210203(1)_724.png" width="2048" height="2048">
  </image>
  <image id="397" name="scl/LBC1947-20210203(1)/LBC1947-20210203(1)_711.png" width="2048" height="2048">
  </image>
  <image id="396" name="scl/LBC1947-20210203(1)/LBC1947-20210203(1)_710.png" width="2048" height="2048">
  </image>
  <image id="395" name="scl/LBC1947-20210203(1)/LBC1947-20210203(1)_708.png" width="2048" height="2048">
  </image>
  <image id="394" name="scl/LBC1947-20210203(1)/LBC1947-20210203(1)_7.png" width="2048" height="2048">
  </image>
  <image id="393" name="scl/LBC1947-20210203(1)/LBC1947-20210203(1)_693.png" width="2048" height="2048">
  </image>
  <image id="392" name="scl/LBC1947-20210203(1)/LBC1947-20210203(1)_692.png" width="2048" height="2048">
  </image>
  <image id="391" name="scl/LBC1947-20210203(1)/LBC1947-20210203(1)_682.png" width="2048" height="2048">
  </image>
  <image id="390" name="scl/LBC1947-20210203(1)/LBC1947-20210203(1)_678.png" width="2048" height="2048">
  </image>
  <image id="389" name="scl/LBC1947-20210203(1)/LBC1947-20210203(1)_672.png" width="2048" height="2048">
    <box label="HSIL" occluded="0" source="manual" xtl="530.38" ytl="602.81" xbr="577.90" ybr="650.34" z_order="0">
      <attribute name="Description">High-grade squamous intraepithelial lesion</attribute>
    </box>
    <box label="HSIL" occluded="0" source="manual" xtl="577.90" ytl="631.62" xbr="628.30" ybr="680.58" z_order="0">
      <attribute name="Description">High-grade squamous intraepithelial lesion</attribute>
    </box>
    <box label="HSIL" occluded="0" source="manual" xtl="530.38" ytl="651.78" xbr="575.02" ybr="702.18" z_order="0">
      <attribute name="Description">High-grade squamous intraepithelial lesion</attribute>
    </box>
    <box label="HSIL" occluded="0" source="manual" xtl="546.22" ytl="700.74" xbr="592.30" ybr="738.18" z_order="0">
      <attribute name="Description">High-grade squamous intraepithelial lesion</attribute>
    </box>
    <box label="HSIL" occluded="0" source="manual" xtl="590.86" ytl="694.98" xbr="631.18" ybr="741.06" z_order="0">
      <attribute name="Description">High-grade squamous intraepithelial lesion</attribute>
    </box>
    <box label="HSIL" occluded="0" source="manual" xtl="73.87" ytl="896.59" xbr="130.04" ybr="961.39" z_order="0">
      <attribute name="Description">High-grade squamous intraepithelial lesion</attribute>
    </box>
  </image>
  <image id="388" name="scl/LBC1947-20210203(1)/LBC1947-20210203(1)_665.png" width="2048" height="2048">
  </image>
  <image id="387" name="scl/LBC1947-20210203(1)/LBC1947-20210203(1)_658.png" width="2048" height="2048">
  </image>
  <image id="386" name="scl/LBC1947-20210203(1)/LBC1947-20210203(1)_644.png" width="2048" height="2048">
  </image>
  <image id="385" name="scl/LBC1947-20210203(1)/LBC1947-20210203(1)_643.png" width="2048" height="2048">
  </image>
  <image id="384" name="scl/LBC1947-20210203(1)/LBC1947-20210203(1)_628.png" width="2048" height="2048">
  </image>
  <image id="383" name="scl/LBC1947-20210203(1)/LBC1947-20210203(1)_623.png" width="2048" height="2048">
  </image>
  <image id="382" name="scl/LBC1947-20210203(1)/LBC1947-20210203(1)_618.png" width="2048" height="2048">
  </image>
  <image id="381" name="scl/LBC1947-20210203(1)/LBC1947-20210203(1)_616.png" width="2048" height="2048">
  </image>
  <image id="380" name="scl/LBC1947-20210203(1)/LBC1947-20210203(1)_609.png" width="2048" height="2048">
  </image>
  <image id="379" name="scl/LBC1947-20210203(1)/LBC1947-20210203(1)_608.png" width="2048" height="2048">
  </image>
  <image id="378" name="scl/LBC1947-20210203(1)/LBC1947-20210203(1)_595.png" width="2048" height="2048">
  </image>
  <image id="377" name="scl/LBC1947-20210203(1)/LBC1947-20210203(1)_571.png" width="2048" height="2048">
  </image>
  <image id="376" name="scl/LBC1947-20210203(1)/LBC1947-20210203(1)_570.png" width="2048" height="2048">
  </image>
  <image id="375" name="scl/LBC1947-20210203(1)/LBC1947-20210203(1)_569.png" width="2048" height="2048">
  </image>
  <image id="374" name="scl/LBC1947-20210203(1)/LBC1947-20210203(1)_567.png" width="2048" height="2048">
  </image>
  <image id="373" name="scl/LBC1947-20210203(1)/LBC1947-20210203(1)_56.png" width="2048" height="2048">
  </image>
  <image id="372" name="scl/LBC1947-20210203(1)/LBC1947-20210203(1)_559.png" width="2048" height="2048">
  </image>
  <image id="371" name="scl/LBC1947-20210203(1)/LBC1947-20210203(1)_546.png" width="2048" height="2048">
  </image>
  <image id="370" name="scl/LBC1947-20210203(1)/LBC1947-20210203(1)_54.png" width="2048" height="2048">
  </image>
  <image id="369" name="scl/LBC1947-20210203(1)/LBC1947-20210203(1)_528.png" width="2048" height="2048">
  </image>
  <image id="368" name="scl/LBC1947-20210203(1)/LBC1947-20210203(1)_524.png" width="2048" height="2048">
  </image>
  <image id="367" name="scl/LBC1947-20210203(1)/LBC1947-20210203(1)_518.png" width="2048" height="2048">
  </image>
  <image id="366" name="scl/LBC1947-20210203(1)/LBC1947-20210203(1)_502.png" width="2048" height="2048">
  </image>
  <image id="365" name="scl/LBC1947-20210203(1)/LBC1947-20210203(1)_5.png" width="2048" height="2048">
  </image>
  <image id="364" name="scl/LBC1947-20210203(1)/LBC1947-20210203(1)_497.png" width="2048" height="2048">
  </image>
  <image id="363" name="scl/LBC1947-20210203(1)/LBC1947-20210203(1)_467.png" width="2048" height="2048">
  </image>
  <image id="362" name="scl/LBC1947-20210203(1)/LBC1947-20210203(1)_453.png" width="2048" height="2048">
    <box label="HSIL" occluded="0" source="manual" xtl="1905.02" ytl="1012.91" xbr="1979.68" ybr="1107.47" z_order="0">
      <attribute name="Description">High-grade squamous intraepithelial lesion</attribute>
    </box>
  </image>
  <image id="361" name="scl/LBC1947-20210203(1)/LBC1947-20210203(1)_448.png" width="2048" height="2048">
  </image>
  <image id="360" name="scl/LBC1947-20210203(1)/LBC1947-20210203(1)_412.png" width="2048" height="2048">
  </image>
  <image id="359" name="scl/LBC1947-20210203(1)/LBC1947-20210203(1)_399.png" width="2048" height="2048">
  </image>
  <image id="358" name="scl/LBC1947-20210203(1)/LBC1947-20210203(1)_372.png" width="2048" height="2048">
  </image>
  <image id="357" name="scl/LBC1947-20210203(1)/LBC1947-20210203(1)_350.png" width="2048" height="2048">
  </image>
  <image id="356" name="scl/LBC1947-20210203(1)/LBC1947-20210203(1)_320.png" width="2048" height="2048">
  </image>
  <image id="355" name="scl/LBC1947-20210203(1)/LBC1947-20210203(1)_301.png" width="2048" height="2048">
  </image>
  <image id="354" name="scl/LBC1947-20210203(1)/LBC1947-20210203(1)_283.png" width="2048" height="2048">
  </image>
  <image id="353" name="scl/LBC1947-20210203(1)/LBC1947-20210203(1)_278.png" width="2048" height="2048">
  </image>
  <image id="352" name="scl/LBC1947-20210203(1)/LBC1947-20210203(1)_276.png" width="2048" height="2048">
  </image>
  <image id="351" name="scl/LBC1947-20210203(1)/LBC1947-20210203(1)_252.png" width="2048" height="2048">
  </image>
  <image id="350" name="scl/LBC1947-20210203(1)/LBC1947-20210203(1)_229.png" width="2048" height="2048">
  </image>
  <image id="349" name="scl/LBC1947-20210203(1)/LBC1947-20210203(1)_224.png" width="2048" height="2048">
  </image>
  <image id="348" name="scl/LBC1947-20210203(1)/LBC1947-20210203(1)_2161.png" width="2048" height="2048">
  </image>
  <image id="347" name="scl/LBC1947-20210203(1)/LBC1947-20210203(1)_2112.png" width="2048" height="2048">
  </image>
  <image id="346" name="scl/LBC1947-20210203(1)/LBC1947-20210203(1)_2083.png" width="2048" height="2048">
  </image>
  <image id="345" name="scl/LBC1947-20210203(1)/LBC1947-20210203(1)_2082.png" width="2048" height="2048">
  </image>
  <image id="344" name="scl/LBC1947-20210203(1)/LBC1947-20210203(1)_2081.png" width="2048" height="2048">
  </image>
  <image id="343" name="scl/LBC1947-20210203(1)/LBC1947-20210203(1)_2080.png" width="2048" height="2048">
  </image>
  <image id="342" name="scl/LBC1947-20210203(1)/LBC1947-20210203(1)_2079.png" width="2048" height="2048">
  </image>
  <image id="341" name="scl/LBC1947-20210203(1)/LBC1947-20210203(1)_2073.png" width="2048" height="2048">
  </image>
  <image id="340" name="scl/LBC1947-20210203(1)/LBC1947-20210203(1)_2072.png" width="2048" height="2048">
  </image>
  <image id="339" name="scl/LBC1947-20210203(1)/LBC1947-20210203(1)_2071.png" width="2048" height="2048">
  </image>
  <image id="338" name="scl/LBC1947-20210203(1)/LBC1947-20210203(1)_2064.png" width="2048" height="2048">
  </image>
  <image id="337" name="scl/LBC1947-20210203(1)/LBC1947-20210203(1)_2063.png" width="2048" height="2048">
  </image>
  <image id="336" name="scl/LBC1947-20210203(1)/LBC1947-20210203(1)_2039.png" width="2048" height="2048">
  </image>
  <image id="335" name="scl/LBC1947-20210203(1)/LBC1947-20210203(1)_2038.png" width="2048" height="2048">
  </image>
  <image id="334" name="scl/LBC1947-20210203(1)/LBC1947-20210203(1)_2035.png" width="2048" height="2048">
  </image>
  <image id="333" name="scl/LBC1947-20210203(1)/LBC1947-20210203(1)_2034.png" width="2048" height="2048">
  </image>
  <image id="332" name="scl/LBC1947-20210203(1)/LBC1947-20210203(1)_2033.png" width="2048" height="2048">
  </image>
  <image id="331" name="scl/LBC1947-20210203(1)/LBC1947-20210203(1)_2032.png" width="2048" height="2048">
  </image>
  <image id="330" name="scl/LBC1947-20210203(1)/LBC1947-20210203(1)_2031.png" width="2048" height="2048">
  </image>
  <image id="329" name="scl/LBC1947-20210203(1)/LBC1947-20210203(1)_2030.png" width="2048" height="2048">
  </image>
  <image id="328" name="scl/LBC1947-20210203(1)/LBC1947-20210203(1)_203.png" width="2048" height="2048">
  </image>
  <image id="327" name="scl/LBC1947-20210203(1)/LBC1947-20210203(1)_2029.png" width="2048" height="2048">
  </image>
  <image id="326" name="scl/LBC1947-20210203(1)/LBC1947-20210203(1)_2024.png" width="2048" height="2048">
  </image>
  <image id="325" name="scl/LBC1947-20210203(1)/LBC1947-20210203(1)_2023.png" width="2048" height="2048">
  </image>
  <image id="324" name="scl/LBC1947-20210203(1)/LBC1947-20210203(1)_1987.png" width="2048" height="2048">
  </image>
  <image id="323" name="scl/LBC1947-20210203(1)/LBC1947-20210203(1)_1986.png" width="2048" height="2048">
  </image>
  <image id="322" name="scl/LBC1947-20210203(1)/LBC1947-20210203(1)_1985.png" width="2048" height="2048">
  </image>
  <image id="321" name="scl/LBC1947-20210203(1)/LBC1947-20210203(1)_1980.png" width="2048" height="2048">
  </image>
  <image id="320" name="scl/LBC1947-20210203(1)/LBC1947-20210203(1)_1975.png" width="2048" height="2048">
  </image>
  <image id="319" name="scl/LBC1947-20210203(1)/LBC1947-20210203(1)_1974.png" width="2048" height="2048">
  </image>
  <image id="318" name="scl/LBC1947-20210203(1)/LBC1947-20210203(1)_1971.png" width="2048" height="2048">
  </image>
  <image id="317" name="scl/LBC1947-20210203(1)/LBC1947-20210203(1)_1966.png" width="2048" height="2048">
  </image>
  <image id="316" name="scl/LBC1947-20210203(1)/LBC1947-20210203(1)_1965.png" width="2048" height="2048">
  </image>
  <image id="315" name="scl/LBC1947-20210203(1)/LBC1947-20210203(1)_1938.png" width="2048" height="2048">
  </image>
  <image id="314" name="scl/LBC1947-20210203(1)/LBC1947-20210203(1)_1937.png" width="2048" height="2048">
  </image>
  <image id="313" name="scl/LBC1947-20210203(1)/LBC1947-20210203(1)_1926.png" width="2048" height="2048">
  </image>
  <image id="312" name="scl/LBC1947-20210203(1)/LBC1947-20210203(1)_1925.png" width="2048" height="2048">
  </image>
  <image id="311" name="scl/LBC1947-20210203(1)/LBC1947-20210203(1)_1923.png" width="2048" height="2048">
  </image>
  <image id="310" name="scl/LBC1947-20210203(1)/LBC1947-20210203(1)_1922.png" width="2048" height="2048">
  </image>
  <image id="309" name="scl/LBC1947-20210203(1)/LBC1947-20210203(1)_1917.png" width="2048" height="2048">
  </image>
  <image id="308" name="scl/LBC1947-20210203(1)/LBC1947-20210203(1)_1908.png" width="2048" height="2048">
  </image>
  <image id="307" name="scl/LBC1947-20210203(1)/LBC1947-20210203(1)_1889.png" width="2048" height="2048">
  </image>
  <image id="306" name="scl/LBC1947-20210203(1)/LBC1947-20210203(1)_1888.png" width="2048" height="2048">
  </image>
  <image id="305" name="scl/LBC1947-20210203(1)/LBC1947-20210203(1)_1884.png" width="2048" height="2048">
  </image>
  <image id="304" name="scl/LBC1947-20210203(1)/LBC1947-20210203(1)_1878.png" width="2048" height="2048">
  </image>
  <image id="303" name="scl/LBC1947-20210203(1)/LBC1947-20210203(1)_1877.png" width="2048" height="2048">
  </image>
  <image id="302" name="scl/LBC1947-20210203(1)/LBC1947-20210203(1)_1876.png" width="2048" height="2048">
  </image>
  <image id="301" name="scl/LBC1947-20210203(1)/LBC1947-20210203(1)_1874.png" width="2048" height="2048">
  </image>
  <image id="300" name="scl/LBC1947-20210203(1)/LBC1947-20210203(1)_1868.png" width="2048" height="2048">
  </image>
  <image id="299" name="scl/LBC1947-20210203(1)/LBC1947-20210203(1)_1860.png" width="2048" height="2048">
  </image>
  <image id="298" name="scl/LBC1947-20210203(1)/LBC1947-20210203(1)_1846.png" width="2048" height="2048">
  </image>
  <image id="297" name="scl/LBC1947-20210203(1)/LBC1947-20210203(1)_1842.png" width="2048" height="2048">
  </image>
  <image id="296" name="scl/LBC1947-20210203(1)/LBC1947-20210203(1)_1840.png" width="2048" height="2048">
  </image>
  <image id="295" name="scl/LBC1947-20210203(1)/LBC1947-20210203(1)_1839.png" width="2048" height="2048">
  </image>
  <image id="294" name="scl/LBC1947-20210203(1)/LBC1947-20210203(1)_1838.png" width="2048" height="2048">
    <box label="HSIL" occluded="0" source="manual" xtl="504.02" ytl="540.10" xbr="596.09" ybr="624.71" z_order="0">
      <attribute name="Description">High-grade squamous intraepithelial lesion</attribute>
    </box>
    <box label="HSIL" occluded="0" source="manual" xtl="593.60" ytl="562.50" xbr="730.47" ybr="676.97" z_order="0">
      <attribute name="Description">High-grade squamous intraepithelial lesion</attribute>
    </box>
  </image>
  <image id="293" name="scl/LBC1947-20210203(1)/LBC1947-20210203(1)_1836.png" width="2048" height="2048">
  </image>
  <image id="292" name="scl/LBC1947-20210203(1)/LBC1947-20210203(1)_1835.png" width="2048" height="2048">
  </image>
  <image id="291" name="scl/LBC1947-20210203(1)/LBC1947-20210203(1)_1832.png" width="2048" height="2048">
  </image>
  <image id="290" name="scl/LBC1947-20210203(1)/LBC1947-20210203(1)_1831.png" width="2048" height="2048">
  </image>
  <image id="289" name="scl/LBC1947-20210203(1)/LBC1947-20210203(1)_1830.png" width="2048" height="2048">
  </image>
  <image id="288" name="scl/LBC1947-20210203(1)/LBC1947-20210203(1)_1829.png" width="2048" height="2048">
  </image>
  <image id="287" name="scl/LBC1947-20210203(1)/LBC1947-20210203(1)_1828.png" width="2048" height="2048">
  </image>
  <image id="286" name="scl/LBC1947-20210203(1)/LBC1947-20210203(1)_1826.png" width="2048" height="2048">
  </image>
  <image id="285" name="scl/LBC1947-20210203(1)/LBC1947-20210203(1)_1825.png" width="2048" height="2048">
  </image>
  <image id="284" name="scl/LBC1947-20210203(1)/LBC1947-20210203(1)_1819.png" width="2048" height="2048">
  </image>
  <image id="283" name="scl/LBC1947-20210203(1)/LBC1947-20210203(1)_1811.png" width="2048" height="2048">
  </image>
  <image id="282" name="scl/LBC1947-20210203(1)/LBC1947-20210203(1)_1801.png" width="2048" height="2048">
  </image>
  <image id="281" name="scl/LBC1947-20210203(1)/LBC1947-20210203(1)_1796.png" width="2048" height="2048">
  </image>
  <image id="280" name="scl/LBC1947-20210203(1)/LBC1947-20210203(1)_1791.png" width="2048" height="2048">
  </image>
  <image id="279" name="scl/LBC1947-20210203(1)/LBC1947-20210203(1)_1790.png" width="2048" height="2048">
  </image>
  <image id="278" name="scl/LBC1947-20210203(1)/LBC1947-20210203(1)_1789.png" width="2048" height="2048">
  </image>
  <image id="277" name="scl/LBC1947-20210203(1)/LBC1947-20210203(1)_1788.png" width="2048" height="2048">
    <box label="HSIL" occluded="0" source="manual" xtl="956.92" ytl="241.49" xbr="1083.83" ybr="383.33" z_order="0">
      <attribute name="Description">High-grade squamous intraepithelial lesion</attribute>
    </box>
  </image>
  <image id="276" name="scl/LBC1947-20210203(1)/LBC1947-20210203(1)_1787.png" width="2048" height="2048">
  </image>
  <image id="275" name="scl/LBC1947-20210203(1)/LBC1947-20210203(1)_1786.png" width="2048" height="2048">
  </image>
  <image id="274" name="scl/LBC1947-20210203(1)/LBC1947-20210203(1)_1785.png" width="2048" height="2048">
    <box label="HSIL" occluded="0" source="manual" xtl="466.69" ytl="1393.64" xbr="578.67" ybr="1567.84" z_order="0">
      <attribute name="Description">High-grade squamous intraepithelial lesion</attribute>
    </box>
  </image>
  <image id="273" name="scl/LBC1947-20210203(1)/LBC1947-20210203(1)_1784.png" width="2048" height="2048">
  </image>
  <image id="272" name="scl/LBC1947-20210203(1)/LBC1947-20210203(1)_1783.png" width="2048" height="2048">
  </image>
  <image id="271" name="scl/LBC1947-20210203(1)/LBC1947-20210203(1)_1782.png" width="2048" height="2048">
  </image>
  <image id="270" name="scl/LBC1947-20210203(1)/LBC1947-20210203(1)_1781.png" width="2048" height="2048">
  </image>
  <image id="269" name="scl/LBC1947-20210203(1)/LBC1947-20210203(1)_1780.png" width="2048" height="2048">
  </image>
  <image id="268" name="scl/LBC1947-20210203(1)/LBC1947-20210203(1)_1777.png" width="2048" height="2048">
  </image>
  <image id="267" name="scl/LBC1947-20210203(1)/LBC1947-20210203(1)_1776.png" width="2048" height="2048">
  </image>
  <image id="266" name="scl/LBC1947-20210203(1)/LBC1947-20210203(1)_1770.png" width="2048" height="2048">
  </image>
  <image id="265" name="scl/LBC1947-20210203(1)/LBC1947-20210203(1)_177.png" width="2048" height="2048">
  </image>
  <image id="264" name="scl/LBC1947-20210203(1)/LBC1947-20210203(1)_1750.png" width="2048" height="2048">
  </image>
  <image id="263" name="scl/LBC1947-20210203(1)/LBC1947-20210203(1)_1742.png" width="2048" height="2048">
  </image>
  <image id="262" name="scl/LBC1947-20210203(1)/LBC1947-20210203(1)_1741.png" width="2048" height="2048">
  </image>
  <image id="261" name="scl/LBC1947-20210203(1)/LBC1947-20210203(1)_1740.png" width="2048" height="2048">
  </image>
  <image id="260" name="scl/LBC1947-20210203(1)/LBC1947-20210203(1)_1739.png" width="2048" height="2048">
  </image>
  <image id="259" name="scl/LBC1947-20210203(1)/LBC1947-20210203(1)_1738.png" width="2048" height="2048">
  </image>
  <image id="258" name="scl/LBC1947-20210203(1)/LBC1947-20210203(1)_1735.png" width="2048" height="2048">
  </image>
  <image id="257" name="scl/LBC1947-20210203(1)/LBC1947-20210203(1)_1734.png" width="2048" height="2048">
  </image>
  <image id="256" name="scl/LBC1947-20210203(1)/LBC1947-20210203(1)_1733.png" width="2048" height="2048">
  </image>
  <image id="255" name="scl/LBC1947-20210203(1)/LBC1947-20210203(1)_1732.png" width="2048" height="2048">
  </image>
  <image id="254" name="scl/LBC1947-20210203(1)/LBC1947-20210203(1)_1731.png" width="2048" height="2048">
  </image>
  <image id="253" name="scl/LBC1947-20210203(1)/LBC1947-20210203(1)_1730.png" width="2048" height="2048">
  </image>
  <image id="252" name="scl/LBC1947-20210203(1)/LBC1947-20210203(1)_1729.png" width="2048" height="2048">
  </image>
  <image id="251" name="scl/LBC1947-20210203(1)/LBC1947-20210203(1)_1728.png" width="2048" height="2048">
  </image>
  <image id="250" name="scl/LBC1947-20210203(1)/LBC1947-20210203(1)_1721.png" width="2048" height="2048">
  </image>
  <image id="249" name="scl/LBC1947-20210203(1)/LBC1947-20210203(1)_1711.png" width="2048" height="2048">
  </image>
  <image id="248" name="scl/LBC1947-20210203(1)/LBC1947-20210203(1)_1700.png" width="2048" height="2048">
    <box label="HSIL" occluded="0" source="manual" xtl="1832.86" ytl="1580.28" xbr="1952.30" ybr="1679.82" z_order="0">
      <attribute name="Description">High-grade squamous intraepithelial lesion</attribute>
    </box>
  </image>
  <image id="247" name="scl/LBC1947-20210203(1)/LBC1947-20210203(1)_1685.png" width="2048" height="2048">
  </image>
  <image id="246" name="scl/LBC1947-20210203(1)/LBC1947-20210203(1)_1683.png" width="2048" height="2048">
  </image>
  <image id="245" name="scl/LBC1947-20210203(1)/LBC1947-20210203(1)_1682.png" width="2048" height="2048">
  </image>
  <image id="244" name="scl/LBC1947-20210203(1)/LBC1947-20210203(1)_1681.png" width="2048" height="2048">
  </image>
  <image id="243" name="scl/LBC1947-20210203(1)/LBC1947-20210203(1)_1680.png" width="2048" height="2048">
  </image>
  <image id="242" name="scl/LBC1947-20210203(1)/LBC1947-20210203(1)_1672.png" width="2048" height="2048">
  </image>
  <image id="241" name="scl/LBC1947-20210203(1)/LBC1947-20210203(1)_1663.png" width="2048" height="2048">
  </image>
  <image id="240" name="scl/LBC1947-20210203(1)/LBC1947-20210203(1)_1659.png" width="2048" height="2048">
  </image>
  <image id="239" name="scl/LBC1947-20210203(1)/LBC1947-20210203(1)_1658.png" width="2048" height="2048">
  </image>
  <image id="238" name="scl/LBC1947-20210203(1)/LBC1947-20210203(1)_1653.png" width="2048" height="2048">
  </image>
  <image id="237" name="scl/LBC1947-20210203(1)/LBC1947-20210203(1)_1651.png" width="2048" height="2048">
  </image>
  <image id="236" name="scl/LBC1947-20210203(1)/LBC1947-20210203(1)_1649.png" width="2048" height="2048">
  </image>
  <image id="235" name="scl/LBC1947-20210203(1)/LBC1947-20210203(1)_1631.png" width="2048" height="2048">
  </image>
  <image id="234" name="scl/LBC1947-20210203(1)/LBC1947-20210203(1)_1623.png" width="2048" height="2048">
  </image>
  <image id="233" name="scl/LBC1947-20210203(1)/LBC1947-20210203(1)_1614.png" width="2048" height="2048">
  </image>
  <image id="232" name="scl/LBC1947-20210203(1)/LBC1947-20210203(1)_1602.png" width="2048" height="2048">
  </image>
  <image id="231" name="scl/LBC1947-20210203(1)/LBC1947-20210203(1)_1600.png" width="2048" height="2048">
  </image>
  <image id="230" name="scl/LBC1947-20210203(1)/LBC1947-20210203(1)_1597.png" width="2048" height="2048">
  </image>
  <image id="229" name="scl/LBC1947-20210203(1)/LBC1947-20210203(1)_1594.png" width="2048" height="2048">
  </image>
  <image id="228" name="scl/LBC1947-20210203(1)/LBC1947-20210203(1)_1586.png" width="2048" height="2048">
  </image>
  <image id="227" name="scl/LBC1947-20210203(1)/LBC1947-20210203(1)_1585.png" width="2048" height="2048">
  </image>
  <image id="226" name="scl/LBC1947-20210203(1)/LBC1947-20210203(1)_1574.png" width="2048" height="2048">
  </image>
  <image id="225" name="scl/LBC1947-20210203(1)/LBC1947-20210203(1)_1556.png" width="2048" height="2048">
  </image>
  <image id="224" name="scl/LBC1947-20210203(1)/LBC1947-20210203(1)_1555.png" width="2048" height="2048">
  </image>
  <image id="223" name="scl/LBC1947-20210203(1)/LBC1947-20210203(1)_1554.png" width="2048" height="2048">
  </image>
  <image id="222" name="scl/LBC1947-20210203(1)/LBC1947-20210203(1)_1551.png" width="2048" height="2048">
  </image>
  <image id="221" name="scl/LBC1947-20210203(1)/LBC1947-20210203(1)_1540.png" width="2048" height="2048">
  </image>
  <image id="220" name="scl/LBC1947-20210203(1)/LBC1947-20210203(1)_154.png" width="2048" height="2048">
  </image>
  <image id="219" name="scl/LBC1947-20210203(1)/LBC1947-20210203(1)_1538.png" width="2048" height="2048">
  </image>
  <image id="218" name="scl/LBC1947-20210203(1)/LBC1947-20210203(1)_1537.png" width="2048" height="2048">
    <box label="HSIL" occluded="0" source="manual" xtl="1424.75" ytl="22.50" xbr="1504.38" ybr="97.16" z_order="0">
      <attribute name="Description">High-grade squamous intraepithelial lesion</attribute>
    </box>
    <box label="HSIL" occluded="0" source="manual" xtl="1596.45" ytl="54.85" xbr="1673.60" ybr="114.58" z_order="0">
      <attribute name="Description">High-grade squamous intraepithelial lesion</attribute>
    </box>
    <box label="HSIL" occluded="0" source="manual" xtl="1509.36" ytl="149.42" xbr="1598.94" ybr="234.02" z_order="0">
      <attribute name="Description">High-grade squamous intraepithelial lesion</attribute>
    </box>
    <box label="HSIL" occluded="0" source="manual" xtl="1579.03" ytl="236.51" xbr="1653.69" ybr="363.42" z_order="0">
      <attribute name="Description">High-grade squamous intraepithelial lesion</attribute>
    </box>
  </image>
  <image id="217" name="scl/LBC1947-20210203(1)/LBC1947-20210203(1)_1536.png" width="2048" height="2048">
  </image>
  <image id="216" name="scl/LBC1947-20210203(1)/LBC1947-20210203(1)_1525.png" width="2048" height="2048">
  </image>
  <image id="215" name="scl/LBC1947-20210203(1)/LBC1947-20210203(1)_1506.png" width="2048" height="2048">
    <box label="HSIL" occluded="0" source="manual" xtl="1776.62" ytl="1082.34" xbr="1856.25" ybr="1164.46" z_order="0">
      <attribute name="Description">High-grade squamous intraepithelial lesion</attribute>
    </box>
  </image>
  <image id="214" name="scl/LBC1947-20210203(1)/LBC1947-20210203(1)_1503.png" width="2048" height="2048">
  </image>
  <image id="213" name="scl/LBC1947-20210203(1)/LBC1947-20210203(1)_1501.png" width="2048" height="2048">
  </image>
  <image id="212" name="scl/LBC1947-20210203(1)/LBC1947-20210203(1)_1488.png" width="2048" height="2048">
  </image>
  <image id="211" name="scl/LBC1947-20210203(1)/LBC1947-20210203(1)_1487.png" width="2048" height="2048">
  </image>
  <image id="210" name="scl/LBC1947-20210203(1)/LBC1947-20210203(1)_1480.png" width="2048" height="2048">
  </image>
  <image id="209" name="scl/LBC1947-20210203(1)/LBC1947-20210203(1)_1479.png" width="2048" height="2048">
  </image>
  <image id="208" name="scl/LBC1947-20210203(1)/LBC1947-20210203(1)_1478.png" width="2048" height="2048">
  </image>
  <image id="207" name="scl/LBC1947-20210203(1)/LBC1947-20210203(1)_1476.png" width="2048" height="2048">
  </image>
  <image id="206" name="scl/LBC1947-20210203(1)/LBC1947-20210203(1)_1463.png" width="2048" height="2048">
    <box label="HSIL" occluded="0" source="manual" xtl="1910.00" ytl="584.90" xbr="1987.14" ybr="659.55" z_order="0">
      <attribute name="Description">High-grade squamous intraepithelial lesion</attribute>
    </box>
  </image>
  <image id="205" name="scl/LBC1947-20210203(1)/LBC1947-20210203(1)_1450.png" width="2048" height="2048">
  </image>
  <image id="204" name="scl/LBC1947-20210203(1)/LBC1947-20210203(1)_1445.png" width="2048" height="2048">
  </image>
  <image id="203" name="scl/LBC1947-20210203(1)/LBC1947-20210203(1)_1442.png" width="2048" height="2048">
  </image>
  <image id="202" name="scl/LBC1947-20210203(1)/LBC1947-20210203(1)_1441.png" width="2048" height="2048">
  </image>
  <image id="201" name="scl/LBC1947-20210203(1)/LBC1947-20210203(1)_1439.png" width="2048" height="2048">
    <box label="HSIL" occluded="0" source="manual" xtl="745.40" ytl="1694.75" xbr="884.75" ybr="1831.61" z_order="0">
      <attribute name="Description">High-grade squamous intraepithelial lesion</attribute>
    </box>
  </image>
  <image id="200" name="scl/LBC1947-20210203(1)/LBC1947-20210203(1)_1438.png" width="2048" height="2048">
  </image>
  <image id="199" name="scl/LBC1947-20210203(1)/LBC1947-20210203(1)_1437.png" width="2048" height="2048">
  </image>
  <image id="198" name="scl/LBC1947-20210203(1)/LBC1947-20210203(1)_1436.png" width="2048" height="2048">
  </image>
  <image id="197" name="scl/LBC1947-20210203(1)/LBC1947-20210203(1)_1435.png" width="2048" height="2048">
  </image>
  <image id="196" name="scl/LBC1947-20210203(1)/LBC1947-20210203(1)_1434.png" width="2048" height="2048">
  </image>
  <image id="195" name="scl/LBC1947-20210203(1)/LBC1947-20210203(1)_1433.png" width="2048" height="2048">
  </image>
  <image id="194" name="scl/LBC1947-20210203(1)/LBC1947-20210203(1)_1432.png" width="2048" height="2048">
  </image>
  <image id="193" name="scl/LBC1947-20210203(1)/LBC1947-20210203(1)_1431.png" width="2048" height="2048">
  </image>
  <image id="192" name="scl/LBC1947-20210203(1)/LBC1947-20210203(1)_1430.png" width="2048" height="2048">
  </image>
  <image id="191" name="scl/LBC1947-20210203(1)/LBC1947-20210203(1)_1427.png" width="2048" height="2048">
  </image>
  <image id="190" name="scl/LBC1947-20210203(1)/LBC1947-20210203(1)_1407.png" width="2048" height="2048">
  </image>
  <image id="189" name="scl/LBC1947-20210203(1)/LBC1947-20210203(1)_1406.png" width="2048" height="2048">
  </image>
  <image id="188" name="scl/LBC1947-20210203(1)/LBC1947-20210203(1)_1405.png" width="2048" height="2048">
    <box label="HSIL" occluded="0" source="manual" xtl="1442.17" ytl="149.42" xbr="1541.71" ybr="246.46" z_order="0">
      <attribute name="Description">High-grade squamous intraepithelial lesion</attribute>
    </box>
  </image>
  <image id="187" name="scl/LBC1947-20210203(1)/LBC1947-20210203(1)_1404.png" width="2048" height="2048">
  </image>
  <image id="186" name="scl/LBC1947-20210203(1)/LBC1947-20210203(1)_1403.png" width="2048" height="2048">
  </image>
  <image id="185" name="scl/LBC1947-20210203(1)/LBC1947-20210203(1)_1402.png" width="2048" height="2048">
  </image>
  <image id="184" name="scl/LBC1947-20210203(1)/LBC1947-20210203(1)_1401.png" width="2048" height="2048">
  </image>
  <image id="183" name="scl/LBC1947-20210203(1)/LBC1947-20210203(1)_1400.png" width="2048" height="2048">
  </image>
  <image id="182" name="scl/LBC1947-20210203(1)/LBC1947-20210203(1)_1398.png" width="2048" height="2048">
  </image>
  <image id="181" name="scl/LBC1947-20210203(1)/LBC1947-20210203(1)_1395.png" width="2048" height="2048">
  </image>
  <image id="180" name="scl/LBC1947-20210203(1)/LBC1947-20210203(1)_1389.png" width="2048" height="2048">
  </image>
  <image id="179" name="scl/LBC1947-20210203(1)/LBC1947-20210203(1)_1388.png" width="2048" height="2048">
    <box label="HSIL" occluded="0" source="manual" xtl="240.24" ytl="346.00" xbr="327.34" ybr="435.59" z_order="0">
      <attribute name="Description">High-grade squamous intraepithelial lesion</attribute>
    </box>
  </image>
  <image id="178" name="scl/LBC1947-20210203(1)/LBC1947-20210203(1)_1387.png" width="2048" height="2048">
  </image>
  <image id="177" name="scl/LBC1947-20210203(1)/LBC1947-20210203(1)_1386.png" width="2048" height="2048">
  </image>
  <image id="176" name="scl/LBC1947-20210203(1)/LBC1947-20210203(1)_1385.png" width="2048" height="2048">
  </image>
  <image id="175" name="scl/LBC1947-20210203(1)/LBC1947-20210203(1)_1384.png" width="2048" height="2048">
  </image>
  <image id="174" name="scl/LBC1947-20210203(1)/LBC1947-20210203(1)_1383.png" width="2048" height="2048">
  </image>
  <image id="173" name="scl/LBC1947-20210203(1)/LBC1947-20210203(1)_1380.png" width="2048" height="2048">
  </image>
  <image id="172" name="scl/LBC1947-20210203(1)/LBC1947-20210203(1)_1378.png" width="2048" height="2048">
  </image>
  <image id="171" name="scl/LBC1947-20210203(1)/LBC1947-20210203(1)_1370.png" width="2048" height="2048">
  </image>
  <image id="170" name="scl/LBC1947-20210203(1)/LBC1947-20210203(1)_1369.png" width="2048" height="2048">
  </image>
  <image id="169" name="scl/LBC1947-20210203(1)/LBC1947-20210203(1)_1367.png" width="2048" height="2048">
  </image>
  <image id="168" name="scl/LBC1947-20210203(1)/LBC1947-20210203(1)_1363.png" width="2048" height="2048">
    <box label="HSIL" occluded="0" source="manual" xtl="1156.00" ytl="652.08" xbr="1245.58" ybr="731.71" z_order="0">
      <attribute name="Description">High-grade squamous intraepithelial lesion</attribute>
    </box>
  </image>
  <image id="167" name="scl/LBC1947-20210203(1)/LBC1947-20210203(1)_1361.png" width="2048" height="2048">
  </image>
  <image id="166" name="scl/LBC1947-20210203(1)/LBC1947-20210203(1)_1359.png" width="2048" height="2048">
  </image>
  <image id="165" name="scl/LBC1947-20210203(1)/LBC1947-20210203(1)_1358.png" width="2048" height="2048">
    <box label="HSIL" occluded="0" source="manual" xtl="1693.50" ytl="194.21" xbr="1790.55" ybr="276.33" z_order="0">
      <attribute name="Description">High-grade squamous intraepithelial lesion</attribute>
    </box>
  </image>
  <image id="164" name="scl/LBC1947-20210203(1)/LBC1947-20210203(1)_1357.png" width="2048" height="2048">
  </image>
  <image id="163" name="scl/LBC1947-20210203(1)/LBC1947-20210203(1)_1356.png" width="2048" height="2048">
  </image>
  <image id="162" name="scl/LBC1947-20210203(1)/LBC1947-20210203(1)_1355.png" width="2048" height="2048">
  </image>
  <image id="161" name="scl/LBC1947-20210203(1)/LBC1947-20210203(1)_1354.png" width="2048" height="2048">
  </image>
  <image id="160" name="scl/LBC1947-20210203(1)/LBC1947-20210203(1)_1353.png" width="2048" height="2048">
  </image>
  <image id="159" name="scl/LBC1947-20210203(1)/LBC1947-20210203(1)_1352.png" width="2048" height="2048">
  </image>
  <image id="158" name="scl/LBC1947-20210203(1)/LBC1947-20210203(1)_1351.png" width="2048" height="2048">
  </image>
  <image id="157" name="scl/LBC1947-20210203(1)/LBC1947-20210203(1)_1350.png" width="2048" height="2048">
  </image>
  <image id="156" name="scl/LBC1947-20210203(1)/LBC1947-20210203(1)_1343.png" width="2048" height="2048">
  </image>
  <image id="155" name="scl/LBC1947-20210203(1)/LBC1947-20210203(1)_1340.png" width="2048" height="2048">
    <box label="HSIL" occluded="0" source="manual" xtl="1593.96" ytl="393.28" xbr="1713.41" ybr="490.33" z_order="0">
      <attribute name="Description">High-grade squamous intraepithelial lesion</attribute>
    </box>
    <box label="HSIL" occluded="0" source="manual" xtl="118.31" ytl="266.37" xbr="210.38" ybr="358.45" z_order="0">
      <attribute name="Description">High-grade squamous intraepithelial lesion</attribute>
    </box>
  </image>
  <image id="154" name="scl/LBC1947-20210203(1)/LBC1947-20210203(1)_1338.png" width="2048" height="2048">
    <box label="HSIL" occluded="0" source="manual" xtl="1663.64" ytl="271.35" xbr="1770.64" ybr="395.77" z_order="0">
      <attribute name="Description">High-grade squamous intraepithelial lesion</attribute>
    </box>
  </image>
  <image id="153" name="scl/LBC1947-20210203(1)/LBC1947-20210203(1)_1337.png" width="2048" height="2048">
  </image>
  <image id="152" name="scl/LBC1947-20210203(1)/LBC1947-20210203(1)_1336.png" width="2048" height="2048">
  </image>
  <image id="151" name="scl/LBC1947-20210203(1)/LBC1947-20210203(1)_1335.png" width="2048" height="2048">
  </image>
  <image id="150" name="scl/LBC1947-20210203(1)/LBC1947-20210203(1)_1334.png" width="2048" height="2048">
  </image>
  <image id="149" name="scl/LBC1947-20210203(1)/LBC1947-20210203(1)_1329.png" width="2048" height="2048">
  </image>
  <image id="148" name="scl/LBC1947-20210203(1)/LBC1947-20210203(1)_1321.png" width="2048" height="2048">
  </image>
  <image id="147" name="scl/LBC1947-20210203(1)/LBC1947-20210203(1)_1320.png" width="2048" height="2048">
  </image>
  <image id="146" name="scl/LBC1947-20210203(1)/LBC1947-20210203(1)_1319.png" width="2048" height="2048">
  </image>
  <image id="145" name="scl/LBC1947-20210203(1)/LBC1947-20210203(1)_1314.png" width="2048" height="2048">
  </image>
  <image id="144" name="scl/LBC1947-20210203(1)/LBC1947-20210203(1)_1311.png" width="2048" height="2048">
  </image>
  <image id="143" name="scl/LBC1947-20210203(1)/LBC1947-20210203(1)_1310.png" width="2048" height="2048">
  </image>
  <image id="142" name="scl/LBC1947-20210203(1)/LBC1947-20210203(1)_1309.png" width="2048" height="2048">
  </image>
  <image id="141" name="scl/LBC1947-20210203(1)/LBC1947-20210203(1)_1308.png" width="2048" height="2048">
  </image>
  <image id="140" name="scl/LBC1947-20210203(1)/LBC1947-20210203(1)_1307.png" width="2048" height="2048">
  </image>
  <image id="139" name="scl/LBC1947-20210203(1)/LBC1947-20210203(1)_1294.png" width="2048" height="2048">
  </image>
  <image id="138" name="scl/LBC1947-20210203(1)/LBC1947-20210203(1)_1286.png" width="2048" height="2048">
  </image>
  <image id="137" name="scl/LBC1947-20210203(1)/LBC1947-20210203(1)_1285.png" width="2048" height="2048">
  </image>
  <image id="136" name="scl/LBC1947-20210203(1)/LBC1947-20210203(1)_1284.png" width="2048" height="2048">
  </image>
  <image id="135" name="scl/LBC1947-20210203(1)/LBC1947-20210203(1)_1283.png" width="2048" height="2048">
  </image>
  <image id="134" name="scl/LBC1947-20210203(1)/LBC1947-20210203(1)_1282.png" width="2048" height="2048">
  </image>
  <image id="133" name="scl/LBC1947-20210203(1)/LBC1947-20210203(1)_1281.png" width="2048" height="2048">
  </image>
  <image id="132" name="scl/LBC1947-20210203(1)/LBC1947-20210203(1)_1280.png" width="2048" height="2048">
  </image>
  <image id="131" name="scl/LBC1947-20210203(1)/LBC1947-20210203(1)_1279.png" width="2048" height="2048">
  </image>
  <image id="130" name="scl/LBC1947-20210203(1)/LBC1947-20210203(1)_1272.png" width="2048" height="2048">
  </image>
  <image id="129" name="scl/LBC1947-20210203(1)/LBC1947-20210203(1)_1271.png" width="2048" height="2048">
  </image>
  <image id="128" name="scl/LBC1947-20210203(1)/LBC1947-20210203(1)_1270.png" width="2048" height="2048">
  </image>
  <image id="127" name="scl/LBC1947-20210203(1)/LBC1947-20210203(1)_1269.png" width="2048" height="2048">
  </image>
  <image id="126" name="scl/LBC1947-20210203(1)/LBC1947-20210203(1)_1268.png" width="2048" height="2048">
  </image>
  <image id="125" name="scl/LBC1947-20210203(1)/LBC1947-20210203(1)_1267.png" width="2048" height="2048">
  </image>
  <image id="124" name="scl/LBC1947-20210203(1)/LBC1947-20210203(1)_1266.png" width="2048" height="2048">
  </image>
  <image id="123" name="scl/LBC1947-20210203(1)/LBC1947-20210203(1)_1265.png" width="2048" height="2048">
  </image>
  <image id="122" name="scl/LBC1947-20210203(1)/LBC1947-20210203(1)_1264.png" width="2048" height="2048">
  </image>
  <image id="121" name="scl/LBC1947-20210203(1)/LBC1947-20210203(1)_1263.png" width="2048" height="2048">
  </image>
  <image id="120" name="scl/LBC1947-20210203(1)/LBC1947-20210203(1)_1262.png" width="2048" height="2048">
  </image>
  <image id="119" name="scl/LBC1947-20210203(1)/LBC1947-20210203(1)_1261.png" width="2048" height="2048">
  </image>
  <image id="118" name="scl/LBC1947-20210203(1)/LBC1947-20210203(1)_1260.png" width="2048" height="2048">
  </image>
  <image id="117" name="scl/LBC1947-20210203(1)/LBC1947-20210203(1)_1257.png" width="2048" height="2048">
    <box label="HSIL" occluded="0" source="manual" xtl="874.80" ytl="1378.71" xbr="1014.15" ybr="1485.72" z_order="0">
      <attribute name="Description">High-grade squamous intraepithelial lesion</attribute>
    </box>
    <box label="HSIL" occluded="0" source="manual" xtl="961.90" ytl="1281.66" xbr="1053.97" ybr="1368.76" z_order="0">
      <attribute name="Description">High-grade squamous intraepithelial lesion</attribute>
    </box>
    <box label="HSIL" occluded="0" source="manual" xtl="1016.64" ytl="1358.80" xbr="1098.76" ybr="1435.95" z_order="0">
      <attribute name="Description">High-grade squamous intraepithelial lesion</attribute>
    </box>
    <box label="HSIL" occluded="0" source="manual" xtl="1063.92" ytl="1291.62" xbr="1156.00" ybr="1363.78" z_order="0">
      <attribute name="Description">High-grade squamous intraepithelial lesion</attribute>
    </box>
    <box label="HSIL" occluded="0" source="manual" xtl="1218.21" ytl="1197.05" xbr="1282.91" ybr="1279.17" z_order="0">
      <attribute name="Description">High-grade squamous intraepithelial lesion</attribute>
    </box>
    <box label="HSIL" occluded="0" source="manual" xtl="1220.70" ytl="1356.32" xbr="1292.86" ybr="1428.48" z_order="0">
      <attribute name="Description">High-grade squamous intraepithelial lesion</attribute>
    </box>
  </image>
  <image id="116" name="scl/LBC1947-20210203(1)/LBC1947-20210203(1)_1253.png" width="2048" height="2048">
  </image>
  <image id="115" name="scl/LBC1947-20210203(1)/LBC1947-20210203(1)_1250.png" width="2048" height="2048">
  </image>
  <image id="114" name="scl/LBC1947-20210203(1)/LBC1947-20210203(1)_1247.png" width="2048" height="2048">
  </image>
  <image id="113" name="scl/LBC1947-20210203(1)/LBC1947-20210203(1)_1243.png" width="2048" height="2048">
  </image>
  <image id="112" name="scl/LBC1947-20210203(1)/LBC1947-20210203(1)_1241.png" width="2048" height="2048">
  </image>
  <image id="111" name="scl/LBC1947-20210203(1)/LBC1947-20210203(1)_124.png" width="2048" height="2048">
  </image>
  <image id="110" name="scl/LBC1947-20210203(1)/LBC1947-20210203(1)_1238.png" width="2048" height="2048">
  </image>
  <image id="109" name="scl/LBC1947-20210203(1)/LBC1947-20210203(1)_1237.png" width="2048" height="2048">
  </image>
  <image id="108" name="scl/LBC1947-20210203(1)/LBC1947-20210203(1)_1236.png" width="2048" height="2048">
  </image>
  <image id="107" name="scl/LBC1947-20210203(1)/LBC1947-20210203(1)_1235.png" width="2048" height="2048">
  </image>
  <image id="106" name="scl/LBC1947-20210203(1)/LBC1947-20210203(1)_1234.png" width="2048" height="2048">
  </image>
  <image id="105" name="scl/LBC1947-20210203(1)/LBC1947-20210203(1)_1233.png" width="2048" height="2048">
  </image>
  <image id="104" name="scl/LBC1947-20210203(1)/LBC1947-20210203(1)_1232.png" width="2048" height="2048">
  </image>
  <image id="103" name="scl/LBC1947-20210203(1)/LBC1947-20210203(1)_1231.png" width="2048" height="2048">
  </image>
  <image id="102" name="scl/LBC1947-20210203(1)/LBC1947-20210203(1)_1230.png" width="2048" height="2048">
  </image>
  <image id="101" name="scl/LBC1947-20210203(1)/LBC1947-20210203(1)_1222.png" width="2048" height="2048">
  </image>
  <image id="100" name="scl/LBC1947-20210203(1)/LBC1947-20210203(1)_1221.png" width="2048" height="2048">
  </image>
  <image id="99" name="scl/LBC1947-20210203(1)/LBC1947-20210203(1)_1220.png" width="2048" height="2048">
  </image>
  <image id="98" name="scl/LBC1947-20210203(1)/LBC1947-20210203(1)_1219.png" width="2048" height="2048">
  </image>
  <image id="97" name="scl/LBC1947-20210203(1)/LBC1947-20210203(1)_1218.png" width="2048" height="2048">
  </image>
  <image id="96" name="scl/LBC1947-20210203(1)/LBC1947-20210203(1)_1217.png" width="2048" height="2048">
  </image>
  <image id="95" name="scl/LBC1947-20210203(1)/LBC1947-20210203(1)_1216.png" width="2048" height="2048">
  </image>
  <image id="94" name="scl/LBC1947-20210203(1)/LBC1947-20210203(1)_1215.png" width="2048" height="2048">
  </image>
  <image id="93" name="scl/LBC1947-20210203(1)/LBC1947-20210203(1)_1214.png" width="2048" height="2048">
  </image>
  <image id="92" name="scl/LBC1947-20210203(1)/LBC1947-20210203(1)_1213.png" width="2048" height="2048">
  </image>
  <image id="91" name="scl/LBC1947-20210203(1)/LBC1947-20210203(1)_1212.png" width="2048" height="2048">
  </image>
  <image id="90" name="scl/LBC1947-20210203(1)/LBC1947-20210203(1)_1211.png" width="2048" height="2048">
  </image>
  <image id="89" name="scl/LBC1947-20210203(1)/LBC1947-20210203(1)_1210.png" width="2048" height="2048">
  </image>
  <image id="88" name="scl/LBC1947-20210203(1)/LBC1947-20210203(1)_1209.png" width="2048" height="2048">
  </image>
  <image id="87" name="scl/LBC1947-20210203(1)/LBC1947-20210203(1)_1208.png" width="2048" height="2048">
  </image>
  <image id="86" name="scl/LBC1947-20210203(1)/LBC1947-20210203(1)_1207.png" width="2048" height="2048">
  </image>
  <image id="85" name="scl/LBC1947-20210203(1)/LBC1947-20210203(1)_1206.png" width="2048" height="2048">
  </image>
  <image id="84" name="scl/LBC1947-20210203(1)/LBC1947-20210203(1)_1204.png" width="2048" height="2048">
  </image>
  <image id="83" name="scl/LBC1947-20210203(1)/LBC1947-20210203(1)_1203.png" width="2048" height="2048">
  </image>
  <image id="82" name="scl/LBC1947-20210203(1)/LBC1947-20210203(1)_1193.png" width="2048" height="2048">
    <box label="HSIL" occluded="0" source="manual" xtl="78.49" ytl="1241.85" xbr="143.19" ybr="1323.97" z_order="0">
      <attribute name="Description">High-grade squamous intraepithelial lesion</attribute>
    </box>
  </image>
  <image id="81" name="scl/LBC1947-20210203(1)/LBC1947-20210203(1)_1188.png" width="2048" height="2048">
  </image>
  <image id="80" name="scl/LBC1947-20210203(1)/LBC1947-20210203(1)_1182.png" width="2048" height="2048">
  </image>
  <image id="79" name="scl/LBC1947-20210203(1)/LBC1947-20210203(1)_1169.png" width="2048" height="2048">
  </image>
  <image id="78" name="scl/LBC1947-20210203(1)/LBC1947-20210203(1)_1168.png" width="2048" height="2048">
  </image>
  <image id="77" name="scl/LBC1947-20210203(1)/LBC1947-20210203(1)_1167.png" width="2048" height="2048">
  </image>
  <image id="76" name="scl/LBC1947-20210203(1)/LBC1947-20210203(1)_1166.png" width="2048" height="2048">
  </image>
  <image id="75" name="scl/LBC1947-20210203(1)/LBC1947-20210203(1)_1164.png" width="2048" height="2048">
  </image>
  <image id="74" name="scl/LBC1947-20210203(1)/LBC1947-20210203(1)_1163.png" width="2048" height="2048">
  </image>
  <image id="73" name="scl/LBC1947-20210203(1)/LBC1947-20210203(1)_1162.png" width="2048" height="2048">
  </image>
  <image id="72" name="scl/LBC1947-20210203(1)/LBC1947-20210203(1)_1161.png" width="2048" height="2048">
  </image>
  <image id="71" name="scl/LBC1947-20210203(1)/LBC1947-20210203(1)_1160.png" width="2048" height="2048">
  </image>
  <image id="70" name="scl/LBC1947-20210203(1)/LBC1947-20210203(1)_1159.png" width="2048" height="2048">
  </image>
  <image id="69" name="scl/LBC1947-20210203(1)/LBC1947-20210203(1)_1158.png" width="2048" height="2048">
  </image>
  <image id="68" name="scl/LBC1947-20210203(1)/LBC1947-20210203(1)_1157.png" width="2048" height="2048">
  </image>
  <image id="67" name="scl/LBC1947-20210203(1)/LBC1947-20210203(1)_1151.png" width="2048" height="2048">
  </image>
  <image id="66" name="scl/LBC1947-20210203(1)/LBC1947-20210203(1)_1149.png" width="2048" height="2048">
  </image>
  <image id="65" name="scl/LBC1947-20210203(1)/LBC1947-20210203(1)_1146.png" width="2048" height="2048">
    <box label="HSIL" occluded="0" source="manual" xtl="1526.78" ytl="398.26" xbr="1608.89" ybr="482.87" z_order="0">
      <attribute name="Description">High-grade squamous intraepithelial lesion</attribute>
    </box>
  </image>
  <image id="64" name="scl/LBC1947-20210203(1)/LBC1947-20210203(1)_1145.png" width="2048" height="2048">
  </image>
  <image id="63" name="scl/LBC1947-20210203(1)/LBC1947-20210203(1)_1144.png" width="2048" height="2048">
  </image>
  <image id="62" name="scl/LBC1947-20210203(1)/LBC1947-20210203(1)_1143.png" width="2048" height="2048">
  </image>
  <image id="61" name="scl/LBC1947-20210203(1)/LBC1947-20210203(1)_1142.png" width="2048" height="2048">
  </image>
  <image id="60" name="scl/LBC1947-20210203(1)/LBC1947-20210203(1)_1141.png" width="2048" height="2048">
  </image>
  <image id="59" name="scl/LBC1947-20210203(1)/LBC1947-20210203(1)_1140.png" width="2048" height="2048">
  </image>
  <image id="58" name="scl/LBC1947-20210203(1)/LBC1947-20210203(1)_1137.png" width="2048" height="2048">
  </image>
  <image id="57" name="scl/LBC1947-20210203(1)/LBC1947-20210203(1)_1136.png" width="2048" height="2048">
  </image>
  <image id="56" name="scl/LBC1947-20210203(1)/LBC1947-20210203(1)_1133.png" width="2048" height="2048">
  </image>
  <image id="55" name="scl/LBC1947-20210203(1)/LBC1947-20210203(1)_1124.png" width="2048" height="2048">
  </image>
  <image id="54" name="scl/LBC1947-20210203(1)/LBC1947-20210203(1)_1118.png" width="2048" height="2048">
  </image>
  <image id="53" name="scl/LBC1947-20210203(1)/LBC1947-20210203(1)_1117.png" width="2048" height="2048">
  </image>
  <image id="52" name="scl/LBC1947-20210203(1)/LBC1947-20210203(1)_1116.png" width="2048" height="2048">
  </image>
  <image id="51" name="scl/LBC1947-20210203(1)/LBC1947-20210203(1)_1115.png" width="2048" height="2048">
  </image>
  <image id="50" name="scl/LBC1947-20210203(1)/LBC1947-20210203(1)_1113.png" width="2048" height="2048">
  </image>
  <image id="49" name="scl/LBC1947-20210203(1)/LBC1947-20210203(1)_1112.png" width="2048" height="2048">
  </image>
  <image id="48" name="scl/LBC1947-20210203(1)/LBC1947-20210203(1)_1111.png" width="2048" height="2048">
  </image>
  <image id="47" name="scl/LBC1947-20210203(1)/LBC1947-20210203(1)_1108.png" width="2048" height="2048">
  </image>
  <image id="46" name="scl/LBC1947-20210203(1)/LBC1947-20210203(1)_1107.png" width="2048" height="2048">
  </image>
  <image id="45" name="scl/LBC1947-20210203(1)/LBC1947-20210203(1)_1104.png" width="2048" height="2048">
  </image>
  <image id="44" name="scl/LBC1947-20210203(1)/LBC1947-20210203(1)_1103.png" width="2048" height="2048">
  </image>
  <image id="43" name="scl/LBC1947-20210203(1)/LBC1947-20210203(1)_1102.png" width="2048" height="2048">
  </image>
  <image id="42" name="scl/LBC1947-20210203(1)/LBC1947-20210203(1)_1098.png" width="2048" height="2048">
  </image>
  <image id="456" name="scl/LBC1947-20210203(1)/LBC1947-20210203(1)_989.png" width="2048" height="2048">
  </image>
  <image id="455" name="scl/LBC1947-20210203(1)/LBC1947-20210203(1)_986.png" width="2048" height="2048">
  </image>
  <image id="454" name="scl/LBC1947-20210203(1)/LBC1947-20210203(1)_962.png" width="2048" height="2048">
  </image>
  <image id="453" name="scl/LBC1947-20210203(1)/LBC1947-20210203(1)_958.png" width="2048" height="2048">
  </image>
  <image id="452" name="scl/LBC1947-20210203(1)/LBC1947-20210203(1)_957.png" width="2048" height="2048">
  </image>
  <image id="451" name="scl/LBC1947-20210203(1)/LBC1947-20210203(1)_952.png" width="2048" height="2048">
    <box label="HSIL" occluded="0" source="manual" xtl="1944.84" ytl="1092.54" xbr="2041.89" ybr="1214.48" z_order="0">
      <attribute name="Description">High-grade squamous intraepithelial lesion</attribute>
    </box>
  </image>
  <image id="450" name="scl/LBC1947-20210203(1)/LBC1947-20210203(1)_951.png" width="2048" height="2048">
    <box label="HSIL" occluded="0" source="manual" xtl="770.29" ytl="278.82" xbr="837.47" ybr="365.91" z_order="0">
      <attribute name="Description">High-grade squamous intraepithelial lesion</attribute>
    </box>
    <box label="HSIL" occluded="0" source="manual" xtl="623.47" ytl="288.77" xbr="703.10" ybr="388.31" z_order="0">
      <attribute name="Description">High-grade squamous intraepithelial lesion</attribute>
    </box>
  </image>
  <image id="449" name="scl/LBC1947-20210203(1)/LBC1947-20210203(1)_949.png" width="2048" height="2048">
  </image>
  <image id="448" name="scl/LBC1947-20210203(1)/LBC1947-20210203(1)_948.png" width="2048" height="2048">
  </image>
  <image id="447" name="scl/LBC1947-20210203(1)/LBC1947-20210203(1)_947.png" width="2048" height="2048">
  </image>
  <image id="446" name="scl/LBC1947-20210203(1)/LBC1947-20210203(1)_946.png" width="2048" height="2048">
  </image>
  <image id="445" name="scl/LBC1947-20210203(1)/LBC1947-20210203(1)_945.png" width="2048" height="2048">
  </image>
  <image id="444" name="scl/LBC1947-20210203(1)/LBC1947-20210203(1)_944.png" width="2048" height="2048">
  </image>
  <image id="443" name="scl/LBC1947-20210203(1)/LBC1947-20210203(1)_937.png" width="2048" height="2048">
  </image>
  <image id="442" name="scl/LBC1947-20210203(1)/LBC1947-20210203(1)_920.png" width="2048" height="2048">
  </image>
  <image id="441" name="scl/LBC1947-20210203(1)/LBC1947-20210203(1)_919.png" width="2048" height="2048">
  </image>
  <image id="440" name="scl/LBC1947-20210203(1)/LBC1947-20210203(1)_916.png" width="2048" height="2048">
  </image>
  <image id="439" name="scl/LBC1947-20210203(1)/LBC1947-20210203(1)_911.png" width="2048" height="2048">
  </image>
  <image id="438" name="scl/LBC1947-20210203(1)/LBC1947-20210203(1)_909.png" width="2048" height="2048">
  </image>
  <image id="437" name="scl/LBC1947-20210203(1)/LBC1947-20210203(1)_908.png" width="2048" height="2048">
  </image>
  <image id="436" name="scl/LBC1947-20210203(1)/LBC1947-20210203(1)_907.png" width="2048" height="2048">
  </image>
  <image id="435" name="scl/LBC1947-20210203(1)/LBC1947-20210203(1)_903.png" width="2048" height="2048">
  </image>
  <image id="434" name="scl/LBC1947-20210203(1)/LBC1947-20210203(1)_902.png" width="2048" height="2048">
  </image>
  <image id="433" name="scl/LBC1947-20210203(1)/LBC1947-20210203(1)_901.png" width="2048" height="2048">
  </image>
  <image id="432" name="scl/LBC1947-20210203(1)/LBC1947-20210203(1)_900.png" width="2048" height="2048">
    <box label="HSIL" occluded="0" source="manual" xtl="275.08" ytl="579.92" xbr="374.62" ybr="667.01" z_order="0">
      <attribute name="Description">High-grade squamous intraepithelial lesion</attribute>
    </box>
  </image>
  <image id="431" name="scl/LBC1947-20210203(1)/LBC1947-20210203(1)_899.png" width="2048" height="2048">
  </image>
  <image id="430" name="scl/LBC1947-20210203(1)/LBC1947-20210203(1)_898.png" width="2048" height="2048">
    <box label="HSIL" occluded="0" source="manual" xtl="280.06" ytl="298.72" xbr="339.78" ybr="358.45" z_order="0">
      <attribute name="Description">High-grade squamous intraepithelial lesion</attribute>
    </box>
    <box label="HSIL" occluded="0" source="manual" xtl="207.89" ytl="288.77" xbr="265.13" ybr="348.49" z_order="0">
      <attribute name="Description">High-grade squamous intraepithelial lesion</attribute>
    </box>
    <box label="HSIL" occluded="0" source="manual" xtl="130.75" ytl="395.77" xbr="178.03" ybr="470.43" z_order="0">
      <attribute name="Description">High-grade squamous intraepithelial lesion</attribute>
    </box>
  </image>
  <image id="429" name="scl/LBC1947-20210203(1)/LBC1947-20210203(1)_897.png" width="2048" height="2048">
  </image>
  <image id="428" name="scl/LBC1947-20210203(1)/LBC1947-20210203(1)_896.png" width="2048" height="2048">
  </image>
  <image id="427" name="scl/LBC1947-20210203(1)/LBC1947-20210203(1)_895.png" width="2048" height="2048">
  </image>
  <image id="426" name="scl/LBC1947-20210203(1)/LBC1947-20210203(1)_888.png" width="2048" height="2048">
  </image>
  <image id="425" name="scl/LBC1947-20210203(1)/LBC1947-20210203(1)_870.png" width="2048" height="2048">
  </image>
  <image id="424" name="scl/LBC1947-20210203(1)/LBC1947-20210203(1)_862.png" width="2048" height="2048">
    <box label="HSIL" occluded="0" source="manual" xtl="1581.52" ytl="216.60" xbr="1713.41" ybr="336.05" z_order="0">
      <attribute name="Description">High-grade squamous intraepithelial lesion</attribute>
    </box>
  </image>
  <image id="423" name="scl/LBC1947-20210203(1)/LBC1947-20210203(1)_860.png" width="2048" height="2048">
    <box label="HSIL" occluded="0" source="manual" xtl="270.11" ytl="273.84" xbr="359.69" ybr="343.51" z_order="0">
      <attribute name="Description">High-grade squamous intraepithelial lesion</attribute>
    </box>
  </image>
  <image id="422" name="scl/LBC1947-20210203(1)/LBC1947-20210203(1)_853.png" width="2048" height="2048">
  </image>
  <image id="421" name="scl/LBC1947-20210203(1)/LBC1947-20210203(1)_852.png" width="2048" height="2048">
  </image>
  <image id="420" name="scl/LBC1947-20210203(1)/LBC1947-20210203(1)_851.png" width="2048" height="2048">
  </image>
  <image id="419" name="scl/LBC1947-20210203(1)/LBC1947-20210203(1)_850.png" width="2048" height="2048">
  </image>
  <image id="418" name="scl/LBC1947-20210203(1)/LBC1947-20210203(1)_849.png" width="2048" height="2048">
    <box label="HSIL" occluded="0" source="manual" xtl="912.13" ytl="311.17" xbr="1006.69" ybr="445.54" z_order="0">
      <attribute name="Description">High-grade squamous intraepithelial lesion</attribute>
    </box>
  </image>
  <image id="417" name="scl/LBC1947-20210203(1)/LBC1947-20210203(1)_848.png" width="2048" height="2048">
  </image>
  <image id="416" name="scl/LBC1947-20210203(1)/LBC1947-20210203(1)_847.png" width="2048" height="2048">
  </image>
  <image id="415" name="scl/LBC1947-20210203(1)/LBC1947-20210203(1)_839.png" width="2048" height="2048">
  </image>
  <image id="414" name="scl/LBC1947-20210203(1)/LBC1947-20210203(1)_823.png" width="2048" height="2048">
  </image>
  <image id="413" name="scl/LBC1947-20210203(1)/LBC1947-20210203(1)_822.png" width="2048" height="2048">
    <box label="HSIL" occluded="0" source="manual" xtl="1504.38" ytl="112.09" xbr="1584.01" ybr="184.25" z_order="0">
      <attribute name="Description">High-grade squamous intraepithelial lesion</attribute>
    </box>
  </image>
  <image id="412" name="scl/LBC1947-20210203(1)/LBC1947-20210203(1)_813.png" width="2048" height="2048">
  </image>
  <image id="411" name="scl/LBC1947-20210203(1)/LBC1947-20210203(1)_806.png" width="2048" height="2048">
  </image>
  <image id="410" name="scl/LBC1947-20210203(1)/LBC1947-20210203(1)_791.png" width="2048" height="2048">
  </image>
  <image id="409" name="scl/LBC1947-20210203(1)/LBC1947-20210203(1)_790.png" width="2048" height="2048">
  </image>
  <image id="408" name="scl/LBC1947-20210203(1)/LBC1947-20210203(1)_777.png" width="2048" height="2048">
  </image>
  <image id="407" name="scl/LBC1947-20210203(1)/LBC1947-20210203(1)_773.png" width="2048" height="2048">
  </image>
  <image id="406" name="scl/LBC1947-20210203(1)/LBC1947-20210203(1)_772.png" width="2048" height="2048">
    <box label="HSIL" occluded="0" source="manual" xtl="1173.42" ytl="1535.49" xbr="1233.14" ybr="1607.65" z_order="0">
      <attribute name="Description">High-grade squamous intraepithelial lesion</attribute>
    </box>
    <box label="HSIL" occluded="0" source="manual" xtl="1300.33" ytl="1627.56" xbr="1384.93" ybr="1702.21" z_order="0">
      <attribute name="Description">High-grade squamous intraepithelial lesion</attribute>
    </box>
  </image>
  <image id="405" name="scl/LBC1947-20210203(1)/LBC1947-20210203(1)_766.png" width="2048" height="2048">
  </image>
  <image id="404" name="scl/LBC1947-20210203(1)/LBC1947-20210203(1)_765.png" width="2048" height="2048">
  </image>
  <image id="403" name="scl/LBC1947-20210203(1)/LBC1947-20210203(1)_760.png" width="2048" height="2048">
  </image>
  <image id="402" name="scl/LBC1947-20210203(1)/LBC1947-20210203(1)_759.png" width="2048" height="2048">
  </image>
  <image id="401" name="scl/LBC1947-20210203(1)/LBC1947-20210203(1)_755.png" width="2048" height="2048">
  </image>
  <image id="41" name="scl/LBC1947-20210203(1)/LBC1947-20210203(1)_1097.png" width="2048" height="2048">
  </image>
  <image id="40" name="scl/LBC1947-20210203(1)/LBC1947-20210203(1)_1096.png" width="2048" height="2048">
  </image>
  <image id="39" name="scl/LBC1947-20210203(1)/LBC1947-20210203(1)_1095.png" width="2048" height="2048">
  </image>
  <image id="38" name="scl/LBC1947-20210203(1)/LBC1947-20210203(1)_1094.png" width="2048" height="2048">
  </image>
  <image id="37" name="scl/LBC1947-20210203(1)/LBC1947-20210203(1)_1093.png" width="2048" height="2048">
  </image>
  <image id="36" name="scl/LBC1947-20210203(1)/LBC1947-20210203(1)_1092.png" width="2048" height="2048">
  </image>
  <image id="35" name="scl/LBC1947-20210203(1)/LBC1947-20210203(1)_1091.png" width="2048" height="2048">
  </image>
  <image id="34" name="scl/LBC1947-20210203(1)/LBC1947-20210203(1)_1090.png" width="2048" height="2048">
  </image>
  <image id="33" name="scl/LBC1947-20210203(1)/LBC1947-20210203(1)_1089.png" width="2048" height="2048">
  </image>
  <image id="32" name="scl/LBC1947-20210203(1)/LBC1947-20210203(1)_1088.png" width="2048" height="2048">
  </image>
  <image id="31" name="scl/LBC1947-20210203(1)/LBC1947-20210203(1)_1084.png" width="2048" height="2048">
  </image>
  <image id="30" name="scl/LBC1947-20210203(1)/LBC1947-20210203(1)_1075.png" width="2048" height="2048">
  </image>
  <image id="29" name="scl/LBC1947-20210203(1)/LBC1947-20210203(1)_1069.png" width="2048" height="2048">
  </image>
  <image id="28" name="scl/LBC1947-20210203(1)/LBC1947-20210203(1)_1068.png" width="2048" height="2048">
  </image>
  <image id="27" name="scl/LBC1947-20210203(1)/LBC1947-20210203(1)_1067.png" width="2048" height="2048">
  </image>
  <image id="26" name="scl/LBC1947-20210203(1)/LBC1947-20210203(1)_1066.png" width="2048" height="2048">
  </image>
  <image id="25" name="scl/LBC1947-20210203(1)/LBC1947-20210203(1)_1065.png" width="2048" height="2048">
  </image>
  <image id="24" name="scl/LBC1947-20210203(1)/LBC1947-20210203(1)_1064.png" width="2048" height="2048">
    <box label="HSIL" occluded="0" source="manual" xtl="357.20" ytl="649.59" xbr="476.65" ybr="788.95" z_order="0">
      <attribute name="Description">High-grade squamous intraepithelial lesion</attribute>
    </box>
    <box label="HSIL" occluded="0" source="manual" xtl="471.67" ytl="843.70" xbr="593.61" ybr="948.21" z_order="0">
      <attribute name="Description">High-grade squamous intraepithelial lesion</attribute>
    </box>
  </image>
  <image id="23" name="scl/LBC1947-20210203(1)/LBC1947-20210203(1)_1063.png" width="2048" height="2048">
  </image>
  <image id="22" name="scl/LBC1947-20210203(1)/LBC1947-20210203(1)_1062.png" width="2048" height="2048">
  </image>
  <image id="21" name="scl/LBC1947-20210203(1)/LBC1947-20210203(1)_1061.png" width="2048" height="2048">
  </image>
  <image id="20" name="scl/LBC1947-20210203(1)/LBC1947-20210203(1)_1054.png" width="2048" height="2048">
  </image>
  <image id="19" name="scl/LBC1947-20210203(1)/LBC1947-20210203(1)_1053.png" width="2048" height="2048">
  </image>
  <image id="18" name="scl/LBC1947-20210203(1)/LBC1947-20210203(1)_1050.png" width="2048" height="2048">
  </image>
  <image id="17" name="scl/LBC1947-20210203(1)/LBC1947-20210203(1)_105.png" width="2048" height="2048">
  </image>
  <image id="16" name="scl/LBC1947-20210203(1)/LBC1947-20210203(1)_1049.png" width="2048" height="2048">
  </image>
  <image id="15" name="scl/LBC1947-20210203(1)/LBC1947-20210203(1)_1048.png" width="2048" height="2048">
  </image>
  <image id="14" name="scl/LBC1947-20210203(1)/LBC1947-20210203(1)_1042.png" width="2048" height="2048">
  </image>
  <image id="13" name="scl/LBC1947-20210203(1)/LBC1947-20210203(1)_1041.png" width="2048" height="2048">
  </image>
  <image id="12" name="scl/LBC1947-20210203(1)/LBC1947-20210203(1)_1040.png" width="2048" height="2048">
  </image>
  <image id="11" name="scl/LBC1947-20210203(1)/LBC1947-20210203(1)_1035.png" width="2048" height="2048">
  </image>
  <image id="10" name="scl/LBC1947-20210203(1)/LBC1947-20210203(1)_1019.png" width="2048" height="2048">
  </image>
  <image id="9" name="scl/LBC1947-20210203(1)/LBC1947-20210203(1)_1018.png" width="2048" height="2048">
    <box label="HSIL" occluded="0" source="manual" xtl="1598.94" ytl="181.77" xbr="1695.99" ybr="273.84" z_order="0">
      <attribute name="Description">High-grade squamous intraepithelial lesion</attribute>
    </box>
  </image>
  <image id="8" name="scl/LBC1947-20210203(1)/LBC1947-20210203(1)_1017.png" width="2048" height="2048">
  </image>
  <image id="7" name="scl/LBC1947-20210203(1)/LBC1947-20210203(1)_1016.png" width="2048" height="2048">
  </image>
  <image id="6" name="scl/LBC1947-20210203(1)/LBC1947-20210203(1)_1015.png" width="2048" height="2048">
  </image>
  <image id="5" name="scl/LBC1947-20210203(1)/LBC1947-20210203(1)_1014.png" width="2048" height="2048">
    <box label="HSIL" occluded="0" source="manual" xtl="1530.26" ytl="129.26" xbr="1632.29" ybr="268.61" z_order="0">
      <attribute name="Description">High-grade squamous intraepithelial lesion</attribute>
    </box>
  </image>
  <image id="4" name="scl/LBC1947-20210203(1)/LBC1947-20210203(1)_1013.png" width="2048" height="2048">
  </image>
  <image id="3" name="scl/LBC1947-20210203(1)/LBC1947-20210203(1)_1008.png" width="2048" height="2048">
  </image>
  <image id="2" name="scl/LBC1947-20210203(1)/LBC1947-20210203(1)_1005.png" width="2048" height="2048">
  </image>
  <image id="1" name="scl/LBC1947-20210203(1)/LBC1947-20210203(1)_1001.png" width="2048" height="2048">
  </image>
  <image id="0" name="scl/LBC1947-20210203(1)/LBC1947-20210203(1)_1000.png" width="2048" height="2048">
  </image>
</annotations>