<?xml version="1.0" encoding="utf-8"?>
<annotations>
  <version>1.1</version>
  <meta>
    <task>
      <id>579</id>
      <name>[ASCUS] LBC598-20210113</name>
      <size>705</size>
      <mode>annotation</mode>
      <overlap>0</overlap>
      <bugtracker></bugtracker>
      <created>2021-12-14 00:49:18.678540+00:00</created>
      <updated>2021-12-29 23:09:24.871878+00:00</updated>
      <start_frame>0</start_frame>
      <stop_frame>704</stop_frame>
      <frame_filter></frame_filter>
      <labels>
        <label>
          <name>Benign atypia</name>
          <color>#3578d1</color>
          <attributes>
            <attribute>
              <name>Infection Type</name>
              <mutable>False</mutable>
              <input_type>select</input_type>
              <default_value>None</default_value>
              <values>None
Candida albicans
Trichomonas vaginalis
Herpes simplex virus
Cytomegalovirus
Grandnerella species
Actinomyces species
Chlamydia species</values>
            </attribute>
          </attributes>
        </label>
        <label>
          <name>Reactive change</name>
          <color>#ea02bd</color>
          <attributes>
            <attribute>
              <name>Type</name>
              <mutable>False</mutable>
              <input_type>select</input_type>
              <default_value>Associated cellular change</default_value>
              <values>Associated cellular change
Follicular cervicitis
Chemotherapy
Radiation change
Pregnancy</values>
            </attribute>
          </attributes>
        </label>
        <label>
          <name>ASC-US</name>
          <color>#ff0000</color>
          <attributes>
            <attribute>
              <name>Description</name>
              <mutable>False</mutable>
              <input_type>text</input_type>
              <default_value>Atypical squamous cells of undetermined significance</default_value>
              <values>Atypical squamous cells of undetermined significance</values>
            </attribute>
          </attributes>
        </label>
        <label>
          <name>ASCUS-SIL</name>
          <color>#ff0000</color>
          <attributes>
            <attribute>
              <name>Description</name>
              <mutable>False</mutable>
              <input_type>text</input_type>
              <default_value>ASCUS squamous intraepithelial lesion</default_value>
              <values>ASCUS squamous intraepithelial lesion</values>
            </attribute>
          </attributes>
        </label>
        <label>
          <name>ASC-H</name>
          <color>#ff0000</color>
          <attributes>
            <attribute>
              <name>Description</name>
              <mutable>False</mutable>
              <input_type>text</input_type>
              <default_value>Atypical squamous cells of undetermined significants-High</default_value>
              <values>Atypical squamous cells of undetermined significants-High</values>
            </attribute>
          </attributes>
        </label>
        <label>
          <name>LSIL</name>
          <color>#ff0000</color>
          <attributes>
            <attribute>
              <name>Description</name>
              <mutable>False</mutable>
              <input_type>text</input_type>
              <default_value>Low-grade squamous intraepithelial lesion</default_value>
              <values>Low-grade squamous intraepithelial lesion</values>
            </attribute>
          </attributes>
        </label>
        <label>
          <name>HSIL</name>
          <color>#ff0000</color>
          <attributes>
            <attribute>
              <name>Description</name>
              <mutable>False</mutable>
              <input_type>text</input_type>
              <default_value>High-grade squamous intraepithelial lesion</default_value>
              <values>High-grade squamous intraepithelial lesion</values>
            </attribute>
          </attributes>
        </label>
        <label>
          <name>Carcinoma</name>
          <color>#ff0000</color>
          <attributes>
            <attribute>
              <name>Description</name>
              <mutable>False</mutable>
              <input_type>text</input_type>
              <default_value>Invasive squamous cell carcinoma (편평상피암)</default_value>
              <values>Invasive squamous cell carcinoma (편평상피암)</values>
            </attribute>
          </attributes>
        </label>
        <label>
          <name>AGUS</name>
          <color>#ff0000</color>
          <attributes>
            <attribute>
              <name>Description</name>
              <mutable>False</mutable>
              <input_type>text</input_type>
              <default_value>Atypical glandular cells of undetermined significants</default_value>
              <values>Atypical glandular cells of undetermined significants</values>
            </attribute>
            <attribute>
              <name>Cell Type</name>
              <mutable>False</mutable>
              <input_type>select</input_type>
              <default_value>Endocervical cell</default_value>
              <values>Endocervical cell
Endometrial cell</values>
            </attribute>
          </attributes>
        </label>
        <label>
          <name>AIS</name>
          <color>#ff0000</color>
          <attributes>
            <attribute>
              <name>Description</name>
              <mutable>False</mutable>
              <input_type>text</input_type>
              <default_value>Adenocarcinoma Insitu (선상피내암)</default_value>
              <values>Adenocarcinoma Insitu (선상피내암)</values>
            </attribute>
          </attributes>
        </label>
        <label>
          <name>Adenocarcinoma</name>
          <color>#ff0000</color>
          <attributes>
            <attribute>
              <name>Cell Type</name>
              <mutable>False</mutable>
              <input_type>select</input_type>
              <default_value>Endocervical cell</default_value>
              <values>Endocervical cell
Endometrial cell</values>
            </attribute>
          </attributes>
        </label>
        <label>
          <name>Negative</name>
          <color>#0049ff</color>
          <attributes>
            <attribute>
              <name>Cell Type</name>
              <mutable>False</mutable>
              <input_type>select</input_type>
              <default_value>Superficial cell</default_value>
              <values>Superficial cell
Intermediate cell
Parabasal cell
Metaplastic cell
Tissue repair
Endocervical cell
Endometrial cell</values>
            </attribute>
          </attributes>
        </label>
        <label>
          <name>ASC-US with HPV infection</name>
          <color>#ff0000</color>
          <attributes>
          </attributes>
        </label>
        <label>
          <name>ASC-H with HPV infection</name>
          <color>#ff0000</color>
          <attributes>
          </attributes>
        </label>
        <label>
          <name>LSIL with HPV infection</name>
          <color>#ff0000</color>
          <attributes>
          </attributes>
        </label>
        <label>
          <name>HSIL with HPV infection</name>
          <color>#ff0000</color>
          <attributes>
          </attributes>
        </label>
        <label>
          <name>Candida</name>
          <color>#2d00ff</color>
          <attributes>
          </attributes>
        </label>
      </labels>
      <segments>
        <segment>
          <id>447</id>
          <start>0</start>
          <stop>704</stop>
          <url>http://cvat.doai.co/?id=447</url>
        </segment>
      </segments>
      <owner>
        <username>django</username>
        <email></email>
      </owner>
      <assignee></assignee>
    </task>
    <dumped>2022-01-04 01:42:04.251975+00:00</dumped>
  </meta>
  <image id="676" name="2021.05.11/LBC598-20210113(1)/LBC598-20210113(1)_941.png" width="2048" height="2048">
  </image>
  <image id="675" name="2021.05.11/LBC598-20210113(1)/LBC598-20210113(1)_940.png" width="2048" height="2048">
  </image>
  <image id="674" name="2021.05.11/LBC598-20210113(1)/LBC598-20210113(1)_937.png" width="2048" height="2048">
  </image>
  <image id="673" name="2021.05.11/LBC598-20210113(1)/LBC598-20210113(1)_926.png" width="2048" height="2048">
  </image>
  <image id="672" name="2021.05.11/LBC598-20210113(1)/LBC598-20210113(1)_924.png" width="2048" height="2048">
  </image>
  <image id="671" name="2021.05.11/LBC598-20210113(1)/LBC598-20210113(1)_923.png" width="2048" height="2048">
  </image>
  <image id="670" name="2021.05.11/LBC598-20210113(1)/LBC598-20210113(1)_922.png" width="2048" height="2048">
  </image>
  <image id="669" name="2021.05.11/LBC598-20210113(1)/LBC598-20210113(1)_921.png" width="2048" height="2048">
  </image>
  <image id="668" name="2021.05.11/LBC598-20210113(1)/LBC598-20210113(1)_920.png" width="2048" height="2048">
  </image>
  <image id="667" name="2021.05.11/LBC598-20210113(1)/LBC598-20210113(1)_918.png" width="2048" height="2048">
  </image>
  <image id="666" name="2021.05.11/LBC598-20210113(1)/LBC598-20210113(1)_917.png" width="2048" height="2048">
  </image>
  <image id="665" name="2021.05.11/LBC598-20210113(1)/LBC598-20210113(1)_916.png" width="2048" height="2048">
  </image>
  <image id="664" name="2021.05.11/LBC598-20210113(1)/LBC598-20210113(1)_915.png" width="2048" height="2048">
  </image>
  <image id="663" name="2021.05.11/LBC598-20210113(1)/LBC598-20210113(1)_914.png" width="2048" height="2048">
  </image>
  <image id="662" name="2021.05.11/LBC598-20210113(1)/LBC598-20210113(1)_913.png" width="2048" height="2048">
  </image>
  <image id="661" name="2021.05.11/LBC598-20210113(1)/LBC598-20210113(1)_912.png" width="2048" height="2048">
  </image>
  <image id="660" name="2021.05.11/LBC598-20210113(1)/LBC598-20210113(1)_911.png" width="2048" height="2048">
  </image>
  <image id="659" name="2021.05.11/LBC598-20210113(1)/LBC598-20210113(1)_909.png" width="2048" height="2048">
  </image>
  <image id="658" name="2021.05.11/LBC598-20210113(1)/LBC598-20210113(1)_908.png" width="2048" height="2048">
  </image>
  <image id="657" name="2021.05.11/LBC598-20210113(1)/LBC598-20210113(1)_907.png" width="2048" height="2048">
  </image>
  <image id="656" name="2021.05.11/LBC598-20210113(1)/LBC598-20210113(1)_905.png" width="2048" height="2048">
  </image>
  <image id="655" name="2021.05.11/LBC598-20210113(1)/LBC598-20210113(1)_903.png" width="2048" height="2048">
  </image>
  <image id="654" name="2021.05.11/LBC598-20210113(1)/LBC598-20210113(1)_902.png" width="2048" height="2048">
  </image>
  <image id="653" name="2021.05.11/LBC598-20210113(1)/LBC598-20210113(1)_897.png" width="2048" height="2048">
  </image>
  <image id="652" name="2021.05.11/LBC598-20210113(1)/LBC598-20210113(1)_896.png" width="2048" height="2048">
  </image>
  <image id="651" name="2021.05.11/LBC598-20210113(1)/LBC598-20210113(1)_894.png" width="2048" height="2048">
  </image>
  <image id="650" name="2021.05.11/LBC598-20210113(1)/LBC598-20210113(1)_893.png" width="2048" height="2048">
  </image>
  <image id="649" name="2021.05.11/LBC598-20210113(1)/LBC598-20210113(1)_892.png" width="2048" height="2048">
  </image>
  <image id="648" name="2021.05.11/LBC598-20210113(1)/LBC598-20210113(1)_891.png" width="2048" height="2048">
  </image>
  <image id="647" name="2021.05.11/LBC598-20210113(1)/LBC598-20210113(1)_889.png" width="2048" height="2048">
  </image>
  <image id="646" name="2021.05.11/LBC598-20210113(1)/LBC598-20210113(1)_888.png" width="2048" height="2048">
  </image>
  <image id="645" name="2021.05.11/LBC598-20210113(1)/LBC598-20210113(1)_878.png" width="2048" height="2048">
  </image>
  <image id="644" name="2021.05.11/LBC598-20210113(1)/LBC598-20210113(1)_877.png" width="2048" height="2048">
  </image>
  <image id="643" name="2021.05.11/LBC598-20210113(1)/LBC598-20210113(1)_876.png" width="2048" height="2048">
  </image>
  <image id="642" name="2021.05.11/LBC598-20210113(1)/LBC598-20210113(1)_875.png" width="2048" height="2048">
  </image>
  <image id="641" name="2021.05.11/LBC598-20210113(1)/LBC598-20210113(1)_874.png" width="2048" height="2048">
  </image>
  <image id="640" name="2021.05.11/LBC598-20210113(1)/LBC598-20210113(1)_872.png" width="2048" height="2048">
  </image>
  <image id="639" name="2021.05.11/LBC598-20210113(1)/LBC598-20210113(1)_871.png" width="2048" height="2048">
  </image>
  <image id="638" name="2021.05.11/LBC598-20210113(1)/LBC598-20210113(1)_870.png" width="2048" height="2048">
  </image>
  <image id="637" name="2021.05.11/LBC598-20210113(1)/LBC598-20210113(1)_869.png" width="2048" height="2048">
  </image>
  <image id="636" name="2021.05.11/LBC598-20210113(1)/LBC598-20210113(1)_868.png" width="2048" height="2048">
  </image>
  <image id="635" name="2021.05.11/LBC598-20210113(1)/LBC598-20210113(1)_867.png" width="2048" height="2048">
  </image>
  <image id="634" name="2021.05.11/LBC598-20210113(1)/LBC598-20210113(1)_866.png" width="2048" height="2048">
  </image>
  <image id="633" name="2021.05.11/LBC598-20210113(1)/LBC598-20210113(1)_865.png" width="2048" height="2048">
  </image>
  <image id="632" name="2021.05.11/LBC598-20210113(1)/LBC598-20210113(1)_864.png" width="2048" height="2048">
  </image>
  <image id="631" name="2021.05.11/LBC598-20210113(1)/LBC598-20210113(1)_863.png" width="2048" height="2048">
  </image>
  <image id="630" name="2021.05.11/LBC598-20210113(1)/LBC598-20210113(1)_862.png" width="2048" height="2048">
  </image>
  <image id="629" name="2021.05.11/LBC598-20210113(1)/LBC598-20210113(1)_860.png" width="2048" height="2048">
  </image>
  <image id="628" name="2021.05.11/LBC598-20210113(1)/LBC598-20210113(1)_850.png" width="2048" height="2048">
  </image>
  <image id="627" name="2021.05.11/LBC598-20210113(1)/LBC598-20210113(1)_848.png" width="2048" height="2048">
  </image>
  <image id="626" name="2021.05.11/LBC598-20210113(1)/LBC598-20210113(1)_847.png" width="2048" height="2048">
  </image>
  <image id="625" name="2021.05.11/LBC598-20210113(1)/LBC598-20210113(1)_845.png" width="2048" height="2048">
  </image>
  <image id="624" name="2021.05.11/LBC598-20210113(1)/LBC598-20210113(1)_844.png" width="2048" height="2048">
  </image>
  <image id="623" name="2021.05.11/LBC598-20210113(1)/LBC598-20210113(1)_843.png" width="2048" height="2048">
  </image>
  <image id="622" name="2021.05.11/LBC598-20210113(1)/LBC598-20210113(1)_842.png" width="2048" height="2048">
  </image>
  <image id="621" name="2021.05.11/LBC598-20210113(1)/LBC598-20210113(1)_841.png" width="2048" height="2048">
  </image>
  <image id="620" name="2021.05.11/LBC598-20210113(1)/LBC598-20210113(1)_840.png" width="2048" height="2048">
  </image>
  <image id="619" name="2021.05.11/LBC598-20210113(1)/LBC598-20210113(1)_839.png" width="2048" height="2048">
  </image>
  <image id="618" name="2021.05.11/LBC598-20210113(1)/LBC598-20210113(1)_830.png" width="2048" height="2048">
  </image>
  <image id="617" name="2021.05.11/LBC598-20210113(1)/LBC598-20210113(1)_829.png" width="2048" height="2048">
  </image>
  <image id="616" name="2021.05.11/LBC598-20210113(1)/LBC598-20210113(1)_828.png" width="2048" height="2048">
  </image>
  <image id="615" name="2021.05.11/LBC598-20210113(1)/LBC598-20210113(1)_827.png" width="2048" height="2048">
  </image>
  <image id="614" name="2021.05.11/LBC598-20210113(1)/LBC598-20210113(1)_826.png" width="2048" height="2048">
  </image>
  <image id="613" name="2021.05.11/LBC598-20210113(1)/LBC598-20210113(1)_825.png" width="2048" height="2048">
  </image>
  <image id="612" name="2021.05.11/LBC598-20210113(1)/LBC598-20210113(1)_824.png" width="2048" height="2048">
  </image>
  <image id="611" name="2021.05.11/LBC598-20210113(1)/LBC598-20210113(1)_821.png" width="2048" height="2048">
  </image>
  <image id="610" name="2021.05.11/LBC598-20210113(1)/LBC598-20210113(1)_820.png" width="2048" height="2048">
  </image>
  <image id="609" name="2021.05.11/LBC598-20210113(1)/LBC598-20210113(1)_819.png" width="2048" height="2048">
  </image>
  <image id="608" name="2021.05.11/LBC598-20210113(1)/LBC598-20210113(1)_818.png" width="2048" height="2048">
  </image>
  <image id="607" name="2021.05.11/LBC598-20210113(1)/LBC598-20210113(1)_817.png" width="2048" height="2048">
  </image>
  <image id="606" name="2021.05.11/LBC598-20210113(1)/LBC598-20210113(1)_816.png" width="2048" height="2048">
  </image>
  <image id="605" name="2021.05.11/LBC598-20210113(1)/LBC598-20210113(1)_815.png" width="2048" height="2048">
  </image>
  <image id="604" name="2021.05.11/LBC598-20210113(1)/LBC598-20210113(1)_814.png" width="2048" height="2048">
  </image>
  <image id="603" name="2021.05.11/LBC598-20210113(1)/LBC598-20210113(1)_813.png" width="2048" height="2048">
  </image>
  <image id="602" name="2021.05.11/LBC598-20210113(1)/LBC598-20210113(1)_812.png" width="2048" height="2048">
  </image>
  <image id="601" name="2021.05.11/LBC598-20210113(1)/LBC598-20210113(1)_811.png" width="2048" height="2048">
  </image>
  <image id="600" name="2021.05.11/LBC598-20210113(1)/LBC598-20210113(1)_810.png" width="2048" height="2048">
  </image>
  <image id="599" name="2021.05.11/LBC598-20210113(1)/LBC598-20210113(1)_809.png" width="2048" height="2048">
  </image>
  <image id="598" name="2021.05.11/LBC598-20210113(1)/LBC598-20210113(1)_808.png" width="2048" height="2048">
  </image>
  <image id="597" name="2021.05.11/LBC598-20210113(1)/LBC598-20210113(1)_798.png" width="2048" height="2048">
  </image>
  <image id="596" name="2021.05.11/LBC598-20210113(1)/LBC598-20210113(1)_796.png" width="2048" height="2048">
  </image>
  <image id="595" name="2021.05.11/LBC598-20210113(1)/LBC598-20210113(1)_794.png" width="2048" height="2048">
  </image>
  <image id="594" name="2021.05.11/LBC598-20210113(1)/LBC598-20210113(1)_793.png" width="2048" height="2048">
  </image>
  <image id="593" name="2021.05.11/LBC598-20210113(1)/LBC598-20210113(1)_792.png" width="2048" height="2048">
  </image>
  <image id="592" name="2021.05.11/LBC598-20210113(1)/LBC598-20210113(1)_791.png" width="2048" height="2048">
  </image>
  <image id="591" name="2021.05.11/LBC598-20210113(1)/LBC598-20210113(1)_790.png" width="2048" height="2048">
  </image>
  <image id="590" name="2021.05.11/LBC598-20210113(1)/LBC598-20210113(1)_780.png" width="2048" height="2048">
  </image>
  <image id="589" name="2021.05.11/LBC598-20210113(1)/LBC598-20210113(1)_779.png" width="2048" height="2048">
  </image>
  <image id="588" name="2021.05.11/LBC598-20210113(1)/LBC598-20210113(1)_778.png" width="2048" height="2048">
  </image>
  <image id="587" name="2021.05.11/LBC598-20210113(1)/LBC598-20210113(1)_777.png" width="2048" height="2048">
  </image>
  <image id="586" name="2021.05.11/LBC598-20210113(1)/LBC598-20210113(1)_776.png" width="2048" height="2048">
  </image>
  <image id="585" name="2021.05.11/LBC598-20210113(1)/LBC598-20210113(1)_775.png" width="2048" height="2048">
  </image>
  <image id="584" name="2021.05.11/LBC598-20210113(1)/LBC598-20210113(1)_773.png" width="2048" height="2048">
  </image>
  <image id="583" name="2021.05.11/LBC598-20210113(1)/LBC598-20210113(1)_769.png" width="2048" height="2048">
  </image>
  <image id="582" name="2021.05.11/LBC598-20210113(1)/LBC598-20210113(1)_768.png" width="2048" height="2048">
  </image>
  <image id="581" name="2021.05.11/LBC598-20210113(1)/LBC598-20210113(1)_767.png" width="2048" height="2048">
  </image>
  <image id="580" name="2021.05.11/LBC598-20210113(1)/LBC598-20210113(1)_766.png" width="2048" height="2048">
  </image>
  <image id="579" name="2021.05.11/LBC598-20210113(1)/LBC598-20210113(1)_765.png" width="2048" height="2048">
  </image>
  <image id="578" name="2021.05.11/LBC598-20210113(1)/LBC598-20210113(1)_764.png" width="2048" height="2048">
  </image>
  <image id="577" name="2021.05.11/LBC598-20210113(1)/LBC598-20210113(1)_760.png" width="2048" height="2048">
  </image>
  <image id="576" name="2021.05.11/LBC598-20210113(1)/LBC598-20210113(1)_758.png" width="2048" height="2048">
  </image>
  <image id="575" name="2021.05.11/LBC598-20210113(1)/LBC598-20210113(1)_755.png" width="2048" height="2048">
  </image>
  <image id="574" name="2021.05.11/LBC598-20210113(1)/LBC598-20210113(1)_749.png" width="2048" height="2048">
  </image>
  <image id="573" name="2021.05.11/LBC598-20210113(1)/LBC598-20210113(1)_745.png" width="2048" height="2048">
  </image>
  <image id="572" name="2021.05.11/LBC598-20210113(1)/LBC598-20210113(1)_741.png" width="2048" height="2048">
  </image>
  <image id="571" name="2021.05.11/LBC598-20210113(1)/LBC598-20210113(1)_74.png" width="2048" height="2048">
  </image>
  <image id="570" name="2021.05.11/LBC598-20210113(1)/LBC598-20210113(1)_731.png" width="2048" height="2048">
  </image>
  <image id="569" name="2021.05.11/LBC598-20210113(1)/LBC598-20210113(1)_730.png" width="2048" height="2048">
  </image>
  <image id="568" name="2021.05.11/LBC598-20210113(1)/LBC598-20210113(1)_73.png" width="2048" height="2048">
  </image>
  <image id="567" name="2021.05.11/LBC598-20210113(1)/LBC598-20210113(1)_729.png" width="2048" height="2048">
  </image>
  <image id="566" name="2021.05.11/LBC598-20210113(1)/LBC598-20210113(1)_728.png" width="2048" height="2048">
  </image>
  <image id="565" name="2021.05.11/LBC598-20210113(1)/LBC598-20210113(1)_727.png" width="2048" height="2048">
  </image>
  <image id="564" name="2021.05.11/LBC598-20210113(1)/LBC598-20210113(1)_726.png" width="2048" height="2048">
  </image>
  <image id="563" name="2021.05.11/LBC598-20210113(1)/LBC598-20210113(1)_725.png" width="2048" height="2048">
  </image>
  <image id="562" name="2021.05.11/LBC598-20210113(1)/LBC598-20210113(1)_724.png" width="2048" height="2048">
  </image>
  <image id="561" name="2021.05.11/LBC598-20210113(1)/LBC598-20210113(1)_723.png" width="2048" height="2048">
  </image>
  <image id="560" name="2021.05.11/LBC598-20210113(1)/LBC598-20210113(1)_722.png" width="2048" height="2048">
  </image>
  <image id="559" name="2021.05.11/LBC598-20210113(1)/LBC598-20210113(1)_720.png" width="2048" height="2048">
  </image>
  <image id="558" name="2021.05.11/LBC598-20210113(1)/LBC598-20210113(1)_72.png" width="2048" height="2048">
  </image>
  <image id="557" name="2021.05.11/LBC598-20210113(1)/LBC598-20210113(1)_719.png" width="2048" height="2048">
  </image>
  <image id="556" name="2021.05.11/LBC598-20210113(1)/LBC598-20210113(1)_715.png" width="2048" height="2048">
  </image>
  <image id="555" name="2021.05.11/LBC598-20210113(1)/LBC598-20210113(1)_713.png" width="2048" height="2048">
  </image>
  <image id="554" name="2021.05.11/LBC598-20210113(1)/LBC598-20210113(1)_711.png" width="2048" height="2048">
  </image>
  <image id="553" name="2021.05.11/LBC598-20210113(1)/LBC598-20210113(1)_707.png" width="2048" height="2048">
  </image>
  <image id="552" name="2021.05.11/LBC598-20210113(1)/LBC598-20210113(1)_704.png" width="2048" height="2048">
  </image>
  <image id="551" name="2021.05.11/LBC598-20210113(1)/LBC598-20210113(1)_700.png" width="2048" height="2048">
  </image>
  <image id="550" name="2021.05.11/LBC598-20210113(1)/LBC598-20210113(1)_699.png" width="2048" height="2048">
  </image>
  <image id="549" name="2021.05.11/LBC598-20210113(1)/LBC598-20210113(1)_698.png" width="2048" height="2048">
  </image>
  <image id="548" name="2021.05.11/LBC598-20210113(1)/LBC598-20210113(1)_697.png" width="2048" height="2048">
  </image>
  <image id="547" name="2021.05.11/LBC598-20210113(1)/LBC598-20210113(1)_692.png" width="2048" height="2048">
  </image>
  <image id="546" name="2021.05.11/LBC598-20210113(1)/LBC598-20210113(1)_681.png" width="2048" height="2048">
  </image>
  <image id="545" name="2021.05.11/LBC598-20210113(1)/LBC598-20210113(1)_680.png" width="2048" height="2048">
  </image>
  <image id="544" name="2021.05.11/LBC598-20210113(1)/LBC598-20210113(1)_679.png" width="2048" height="2048">
  </image>
  <image id="543" name="2021.05.11/LBC598-20210113(1)/LBC598-20210113(1)_678.png" width="2048" height="2048">
  </image>
  <image id="542" name="2021.05.11/LBC598-20210113(1)/LBC598-20210113(1)_674.png" width="2048" height="2048">
  </image>
  <image id="541" name="2021.05.11/LBC598-20210113(1)/LBC598-20210113(1)_673.png" width="2048" height="2048">
  </image>
  <image id="540" name="2021.05.11/LBC598-20210113(1)/LBC598-20210113(1)_672.png" width="2048" height="2048">
  </image>
  <image id="539" name="2021.05.11/LBC598-20210113(1)/LBC598-20210113(1)_671.png" width="2048" height="2048">
  </image>
  <image id="538" name="2021.05.11/LBC598-20210113(1)/LBC598-20210113(1)_668.png" width="2048" height="2048">
  </image>
  <image id="537" name="2021.05.11/LBC598-20210113(1)/LBC598-20210113(1)_665.png" width="2048" height="2048">
  </image>
  <image id="536" name="2021.05.11/LBC598-20210113(1)/LBC598-20210113(1)_657.png" width="2048" height="2048">
  </image>
  <image id="535" name="2021.05.11/LBC598-20210113(1)/LBC598-20210113(1)_655.png" width="2048" height="2048">
  </image>
  <image id="534" name="2021.05.11/LBC598-20210113(1)/LBC598-20210113(1)_653.png" width="2048" height="2048">
  </image>
  <image id="533" name="2021.05.11/LBC598-20210113(1)/LBC598-20210113(1)_649.png" width="2048" height="2048">
  </image>
  <image id="532" name="2021.05.11/LBC598-20210113(1)/LBC598-20210113(1)_648.png" width="2048" height="2048">
  </image>
  <image id="531" name="2021.05.11/LBC598-20210113(1)/LBC598-20210113(1)_647.png" width="2048" height="2048">
  </image>
  <image id="530" name="2021.05.11/LBC598-20210113(1)/LBC598-20210113(1)_643.png" width="2048" height="2048">
  </image>
  <image id="529" name="2021.05.11/LBC598-20210113(1)/LBC598-20210113(1)_631.png" width="2048" height="2048">
  </image>
  <image id="528" name="2021.05.11/LBC598-20210113(1)/LBC598-20210113(1)_629.png" width="2048" height="2048">
  </image>
  <image id="527" name="2021.05.11/LBC598-20210113(1)/LBC598-20210113(1)_626.png" width="2048" height="2048">
  </image>
  <image id="526" name="2021.05.11/LBC598-20210113(1)/LBC598-20210113(1)_625.png" width="2048" height="2048">
  </image>
  <image id="525" name="2021.05.11/LBC598-20210113(1)/LBC598-20210113(1)_624.png" width="2048" height="2048">
  </image>
  <image id="524" name="2021.05.11/LBC598-20210113(1)/LBC598-20210113(1)_623.png" width="2048" height="2048">
  </image>
  <image id="523" name="2021.05.11/LBC598-20210113(1)/LBC598-20210113(1)_621.png" width="2048" height="2048">
  </image>
  <image id="522" name="2021.05.11/LBC598-20210113(1)/LBC598-20210113(1)_619.png" width="2048" height="2048">
  </image>
  <image id="521" name="2021.05.11/LBC598-20210113(1)/LBC598-20210113(1)_617.png" width="2048" height="2048">
  </image>
  <image id="520" name="2021.05.11/LBC598-20210113(1)/LBC598-20210113(1)_616.png" width="2048" height="2048">
  </image>
  <image id="519" name="2021.05.11/LBC598-20210113(1)/LBC598-20210113(1)_609.png" width="2048" height="2048">
  </image>
  <image id="518" name="2021.05.11/LBC598-20210113(1)/LBC598-20210113(1)_608.png" width="2048" height="2048">
  </image>
  <image id="517" name="2021.05.11/LBC598-20210113(1)/LBC598-20210113(1)_606.png" width="2048" height="2048">
  </image>
  <image id="516" name="2021.05.11/LBC598-20210113(1)/LBC598-20210113(1)_604.png" width="2048" height="2048">
  </image>
  <image id="515" name="2021.05.11/LBC598-20210113(1)/LBC598-20210113(1)_602.png" width="2048" height="2048">
  </image>
  <image id="514" name="2021.05.11/LBC598-20210113(1)/LBC598-20210113(1)_594.png" width="2048" height="2048">
  </image>
  <image id="513" name="2021.05.11/LBC598-20210113(1)/LBC598-20210113(1)_576.png" width="2048" height="2048">
  </image>
  <image id="512" name="2021.05.11/LBC598-20210113(1)/LBC598-20210113(1)_572.png" width="2048" height="2048">
  </image>
  <image id="511" name="2021.05.11/LBC598-20210113(1)/LBC598-20210113(1)_570.png" width="2048" height="2048">
  </image>
  <image id="510" name="2021.05.11/LBC598-20210113(1)/LBC598-20210113(1)_569.png" width="2048" height="2048">
  </image>
  <image id="509" name="2021.05.11/LBC598-20210113(1)/LBC598-20210113(1)_568.png" width="2048" height="2048">
  </image>
  <image id="508" name="2021.05.11/LBC598-20210113(1)/LBC598-20210113(1)_565.png" width="2048" height="2048">
  </image>
  <image id="507" name="2021.05.11/LBC598-20210113(1)/LBC598-20210113(1)_563.png" width="2048" height="2048">
  </image>
  <image id="506" name="2021.05.11/LBC598-20210113(1)/LBC598-20210113(1)_560.png" width="2048" height="2048">
  </image>
  <image id="505" name="2021.05.11/LBC598-20210113(1)/LBC598-20210113(1)_557.png" width="2048" height="2048">
  </image>
  <image id="504" name="2021.05.11/LBC598-20210113(1)/LBC598-20210113(1)_554.png" width="2048" height="2048">
  </image>
  <image id="503" name="2021.05.11/LBC598-20210113(1)/LBC598-20210113(1)_552.png" width="2048" height="2048">
  </image>
  <image id="502" name="2021.05.11/LBC598-20210113(1)/LBC598-20210113(1)_551.png" width="2048" height="2048">
  </image>
  <image id="501" name="2021.05.11/LBC598-20210113(1)/LBC598-20210113(1)_55.png" width="2048" height="2048">
  </image>
  <image id="500" name="2021.05.11/LBC598-20210113(1)/LBC598-20210113(1)_545.png" width="2048" height="2048">
  </image>
  <image id="499" name="2021.05.11/LBC598-20210113(1)/LBC598-20210113(1)_532.png" width="2048" height="2048">
  </image>
  <image id="498" name="2021.05.11/LBC598-20210113(1)/LBC598-20210113(1)_531.png" width="2048" height="2048">
  </image>
  <image id="497" name="2021.05.11/LBC598-20210113(1)/LBC598-20210113(1)_527.png" width="2048" height="2048">
  </image>
  <image id="496" name="2021.05.11/LBC598-20210113(1)/LBC598-20210113(1)_525.png" width="2048" height="2048">
  </image>
  <image id="495" name="2021.05.11/LBC598-20210113(1)/LBC598-20210113(1)_523.png" width="2048" height="2048">
  </image>
  <image id="494" name="2021.05.11/LBC598-20210113(1)/LBC598-20210113(1)_522.png" width="2048" height="2048">
  </image>
  <image id="493" name="2021.05.11/LBC598-20210113(1)/LBC598-20210113(1)_520.png" width="2048" height="2048">
  </image>
  <image id="492" name="2021.05.11/LBC598-20210113(1)/LBC598-20210113(1)_519.png" width="2048" height="2048">
  </image>
  <image id="491" name="2021.05.11/LBC598-20210113(1)/LBC598-20210113(1)_516.png" width="2048" height="2048">
  </image>
  <image id="490" name="2021.05.11/LBC598-20210113(1)/LBC598-20210113(1)_511.png" width="2048" height="2048">
  </image>
  <image id="489" name="2021.05.11/LBC598-20210113(1)/LBC598-20210113(1)_510.png" width="2048" height="2048">
  </image>
  <image id="488" name="2021.05.11/LBC598-20210113(1)/LBC598-20210113(1)_509.png" width="2048" height="2048">
  </image>
  <image id="487" name="2021.05.11/LBC598-20210113(1)/LBC598-20210113(1)_508.png" width="2048" height="2048">
  </image>
  <image id="486" name="2021.05.11/LBC598-20210113(1)/LBC598-20210113(1)_506.png" width="2048" height="2048">
  </image>
  <image id="485" name="2021.05.11/LBC598-20210113(1)/LBC598-20210113(1)_502.png" width="2048" height="2048">
  </image>
  <image id="484" name="2021.05.11/LBC598-20210113(1)/LBC598-20210113(1)_496.png" width="2048" height="2048">
  </image>
  <image id="483" name="2021.05.11/LBC598-20210113(1)/LBC598-20210113(1)_477.png" width="2048" height="2048">
  </image>
  <image id="482" name="2021.05.11/LBC598-20210113(1)/LBC598-20210113(1)_476.png" width="2048" height="2048">
  </image>
  <image id="481" name="2021.05.11/LBC598-20210113(1)/LBC598-20210113(1)_475.png" width="2048" height="2048">
  </image>
  <image id="480" name="2021.05.11/LBC598-20210113(1)/LBC598-20210113(1)_474.png" width="2048" height="2048">
  </image>
  <image id="479" name="2021.05.11/LBC598-20210113(1)/LBC598-20210113(1)_473.png" width="2048" height="2048">
  </image>
  <image id="478" name="2021.05.11/LBC598-20210113(1)/LBC598-20210113(1)_471.png" width="2048" height="2048">
  </image>
  <image id="477" name="2021.05.11/LBC598-20210113(1)/LBC598-20210113(1)_470.png" width="2048" height="2048">
  </image>
  <image id="476" name="2021.05.11/LBC598-20210113(1)/LBC598-20210113(1)_469.png" width="2048" height="2048">
  </image>
  <image id="475" name="2021.05.11/LBC598-20210113(1)/LBC598-20210113(1)_467.png" width="2048" height="2048">
  </image>
  <image id="474" name="2021.05.11/LBC598-20210113(1)/LBC598-20210113(1)_465.png" width="2048" height="2048">
  </image>
  <image id="473" name="2021.05.11/LBC598-20210113(1)/LBC598-20210113(1)_463.png" width="2048" height="2048">
  </image>
  <image id="472" name="2021.05.11/LBC598-20210113(1)/LBC598-20210113(1)_460.png" width="2048" height="2048">
  </image>
  <image id="471" name="2021.05.11/LBC598-20210113(1)/LBC598-20210113(1)_457.png" width="2048" height="2048">
  </image>
  <image id="470" name="2021.05.11/LBC598-20210113(1)/LBC598-20210113(1)_456.png" width="2048" height="2048">
  </image>
  <image id="469" name="2021.05.11/LBC598-20210113(1)/LBC598-20210113(1)_447.png" width="2048" height="2048">
  </image>
  <image id="468" name="2021.05.11/LBC598-20210113(1)/LBC598-20210113(1)_427.png" width="2048" height="2048">
  </image>
  <image id="467" name="2021.05.11/LBC598-20210113(1)/LBC598-20210113(1)_426.png" width="2048" height="2048">
  </image>
  <image id="466" name="2021.05.11/LBC598-20210113(1)/LBC598-20210113(1)_424.png" width="2048" height="2048">
  </image>
  <image id="465" name="2021.05.11/LBC598-20210113(1)/LBC598-20210113(1)_417.png" width="2048" height="2048">
  </image>
  <image id="464" name="2021.05.11/LBC598-20210113(1)/LBC598-20210113(1)_414.png" width="2048" height="2048">
  </image>
  <image id="463" name="2021.05.11/LBC598-20210113(1)/LBC598-20210113(1)_412.png" width="2048" height="2048">
  </image>
  <image id="462" name="2021.05.11/LBC598-20210113(1)/LBC598-20210113(1)_406.png" width="2048" height="2048">
  </image>
  <image id="461" name="2021.05.11/LBC598-20210113(1)/LBC598-20210113(1)_398.png" width="2048" height="2048">
  </image>
  <image id="413" name="2021.05.11/LBC598-20210113(1)/LBC598-20210113(1)_2088.png" width="2048" height="2048">
  </image>
  <image id="412" name="2021.05.11/LBC598-20210113(1)/LBC598-20210113(1)_2087.png" width="2048" height="2048">
  </image>
  <image id="411" name="2021.05.11/LBC598-20210113(1)/LBC598-20210113(1)_2085.png" width="2048" height="2048">
    <box label="ASC-US" occluded="0" source="manual" xtl="1447.15" ytl="617.25" xbr="1601.43" ybr="796.41" z_order="0">
      <attribute name="Description">Atypical squamous cells of undetermined significance</attribute>
    </box>
    <box label="ASC-US" occluded="0" source="manual" xtl="1265.49" ytl="679.46" xbr="1412.31" ybr="846.18" z_order="0">
      <attribute name="Description">Atypical squamous cells of undetermined significance</attribute>
    </box>
  </image>
  <image id="410" name="2021.05.11/LBC598-20210113(1)/LBC598-20210113(1)_2084.png" width="2048" height="2048">
  </image>
  <image id="409" name="2021.05.11/LBC598-20210113(1)/LBC598-20210113(1)_2083.png" width="2048" height="2048">
  </image>
  <image id="408" name="2021.05.11/LBC598-20210113(1)/LBC598-20210113(1)_2082.png" width="2048" height="2048">
  </image>
  <image id="407" name="2021.05.11/LBC598-20210113(1)/LBC598-20210113(1)_2043.png" width="2048" height="2048">
  </image>
  <image id="406" name="2021.05.11/LBC598-20210113(1)/LBC598-20210113(1)_2040.png" width="2048" height="2048">
  </image>
  <image id="405" name="2021.05.11/LBC598-20210113(1)/LBC598-20210113(1)_2039.png" width="2048" height="2048">
  </image>
  <image id="404" name="2021.05.11/LBC598-20210113(1)/LBC598-20210113(1)_2038.png" width="2048" height="2048">
  </image>
  <image id="403" name="2021.05.11/LBC598-20210113(1)/LBC598-20210113(1)_2036.png" width="2048" height="2048">
  </image>
  <image id="402" name="2021.05.11/LBC598-20210113(1)/LBC598-20210113(1)_2035.png" width="2048" height="2048">
  </image>
  <image id="401" name="2021.05.11/LBC598-20210113(1)/LBC598-20210113(1)_2034.png" width="2048" height="2048">
  </image>
  <image id="400" name="2021.05.11/LBC598-20210113(1)/LBC598-20210113(1)_202.png" width="2048" height="2048">
  </image>
  <image id="399" name="2021.05.11/LBC598-20210113(1)/LBC598-20210113(1)_1996.png" width="2048" height="2048">
  </image>
  <image id="398" name="2021.05.11/LBC598-20210113(1)/LBC598-20210113(1)_1992.png" width="2048" height="2048">
  </image>
  <image id="397" name="2021.05.11/LBC598-20210113(1)/LBC598-20210113(1)_1991.png" width="2048" height="2048">
  </image>
  <image id="396" name="2021.05.11/LBC598-20210113(1)/LBC598-20210113(1)_1990.png" width="2048" height="2048">
  </image>
  <image id="395" name="2021.05.11/LBC598-20210113(1)/LBC598-20210113(1)_1989.png" width="2048" height="2048">
  </image>
  <image id="394" name="2021.05.11/LBC598-20210113(1)/LBC598-20210113(1)_1988.png" width="2048" height="2048">
  </image>
  <image id="393" name="2021.05.11/LBC598-20210113(1)/LBC598-20210113(1)_1987.png" width="2048" height="2048">
  </image>
  <image id="392" name="2021.05.11/LBC598-20210113(1)/LBC598-20210113(1)_1986.png" width="2048" height="2048">
  </image>
  <image id="391" name="2021.05.11/LBC598-20210113(1)/LBC598-20210113(1)_1985.png" width="2048" height="2048">
  </image>
  <image id="390" name="2021.05.11/LBC598-20210113(1)/LBC598-20210113(1)_1984.png" width="2048" height="2048">
  </image>
  <image id="389" name="2021.05.11/LBC598-20210113(1)/LBC598-20210113(1)_1983.png" width="2048" height="2048">
  </image>
  <image id="388" name="2021.05.11/LBC598-20210113(1)/LBC598-20210113(1)_1982.png" width="2048" height="2048">
  </image>
  <image id="387" name="2021.05.11/LBC598-20210113(1)/LBC598-20210113(1)_1981.png" width="2048" height="2048">
  </image>
  <image id="386" name="2021.05.11/LBC598-20210113(1)/LBC598-20210113(1)_1980.png" width="2048" height="2048">
  </image>
  <image id="385" name="2021.05.11/LBC598-20210113(1)/LBC598-20210113(1)_1948.png" width="2048" height="2048">
  </image>
  <image id="384" name="2021.05.11/LBC598-20210113(1)/LBC598-20210113(1)_1943.png" width="2048" height="2048">
  </image>
  <image id="383" name="2021.05.11/LBC598-20210113(1)/LBC598-20210113(1)_1941.png" width="2048" height="2048">
  </image>
  <image id="382" name="2021.05.11/LBC598-20210113(1)/LBC598-20210113(1)_1940.png" width="2048" height="2048">
  </image>
  <image id="381" name="2021.05.11/LBC598-20210113(1)/LBC598-20210113(1)_1939.png" width="2048" height="2048">
  </image>
  <image id="380" name="2021.05.11/LBC598-20210113(1)/LBC598-20210113(1)_1938.png" width="2048" height="2048">
  </image>
  <image id="379" name="2021.05.11/LBC598-20210113(1)/LBC598-20210113(1)_1937.png" width="2048" height="2048">
  </image>
  <image id="378" name="2021.05.11/LBC598-20210113(1)/LBC598-20210113(1)_1936.png" width="2048" height="2048">
  </image>
  <image id="377" name="2021.05.11/LBC598-20210113(1)/LBC598-20210113(1)_1935.png" width="2048" height="2048">
  </image>
  <image id="376" name="2021.05.11/LBC598-20210113(1)/LBC598-20210113(1)_1934.png" width="2048" height="2048">
  </image>
  <image id="375" name="2021.05.11/LBC598-20210113(1)/LBC598-20210113(1)_1933.png" width="2048" height="2048">
  </image>
  <image id="374" name="2021.05.11/LBC598-20210113(1)/LBC598-20210113(1)_1932.png" width="2048" height="2048">
  </image>
  <image id="373" name="2021.05.11/LBC598-20210113(1)/LBC598-20210113(1)_1892.png" width="2048" height="2048">
  </image>
  <image id="372" name="2021.05.11/LBC598-20210113(1)/LBC598-20210113(1)_1889.png" width="2048" height="2048">
  </image>
  <image id="371" name="2021.05.11/LBC598-20210113(1)/LBC598-20210113(1)_1887.png" width="2048" height="2048">
  </image>
  <image id="370" name="2021.05.11/LBC598-20210113(1)/LBC598-20210113(1)_1886.png" width="2048" height="2048">
  </image>
  <image id="369" name="2021.05.11/LBC598-20210113(1)/LBC598-20210113(1)_1885.png" width="2048" height="2048">
  </image>
  <image id="368" name="2021.05.11/LBC598-20210113(1)/LBC598-20210113(1)_1883.png" width="2048" height="2048">
  </image>
  <image id="367" name="2021.05.11/LBC598-20210113(1)/LBC598-20210113(1)_1882.png" width="2048" height="2048">
  </image>
  <image id="366" name="2021.05.11/LBC598-20210113(1)/LBC598-20210113(1)_1880.png" width="2048" height="2048">
  </image>
  <image id="365" name="2021.05.11/LBC598-20210113(1)/LBC598-20210113(1)_1846.png" width="2048" height="2048">
  </image>
  <image id="364" name="2021.05.11/LBC598-20210113(1)/LBC598-20210113(1)_1842.png" width="2048" height="2048">
  </image>
  <image id="363" name="2021.05.11/LBC598-20210113(1)/LBC598-20210113(1)_1841.png" width="2048" height="2048">
  </image>
  <image id="362" name="2021.05.11/LBC598-20210113(1)/LBC598-20210113(1)_1838.png" width="2048" height="2048">
  </image>
  <image id="361" name="2021.05.11/LBC598-20210113(1)/LBC598-20210113(1)_1837.png" width="2048" height="2048">
  </image>
  <image id="360" name="2021.05.11/LBC598-20210113(1)/LBC598-20210113(1)_1836.png" width="2048" height="2048">
  </image>
  <image id="359" name="2021.05.11/LBC598-20210113(1)/LBC598-20210113(1)_1835.png" width="2048" height="2048">
  </image>
  <image id="358" name="2021.05.11/LBC598-20210113(1)/LBC598-20210113(1)_1834.png" width="2048" height="2048">
  </image>
  <image id="357" name="2021.05.11/LBC598-20210113(1)/LBC598-20210113(1)_1833.png" width="2048" height="2048">
  </image>
  <image id="356" name="2021.05.11/LBC598-20210113(1)/LBC598-20210113(1)_1830.png" width="2048" height="2048">
  </image>
  <image id="355" name="2021.05.11/LBC598-20210113(1)/LBC598-20210113(1)_1805.png" width="2048" height="2048">
  </image>
  <image id="354" name="2021.05.11/LBC598-20210113(1)/LBC598-20210113(1)_1804.png" width="2048" height="2048">
  </image>
  <image id="353" name="2021.05.11/LBC598-20210113(1)/LBC598-20210113(1)_1799.png" width="2048" height="2048">
  </image>
  <image id="352" name="2021.05.11/LBC598-20210113(1)/LBC598-20210113(1)_1797.png" width="2048" height="2048">
  </image>
  <image id="351" name="2021.05.11/LBC598-20210113(1)/LBC598-20210113(1)_1795.png" width="2048" height="2048">
  </image>
  <image id="350" name="2021.05.11/LBC598-20210113(1)/LBC598-20210113(1)_1794.png" width="2048" height="2048">
  </image>
  <image id="349" name="2021.05.11/LBC598-20210113(1)/LBC598-20210113(1)_1791.png" width="2048" height="2048">
  </image>
  <image id="348" name="2021.05.11/LBC598-20210113(1)/LBC598-20210113(1)_1790.png" width="2048" height="2048">
  </image>
  <image id="347" name="2021.05.11/LBC598-20210113(1)/LBC598-20210113(1)_179.png" width="2048" height="2048">
  </image>
  <image id="346" name="2021.05.11/LBC598-20210113(1)/LBC598-20210113(1)_1788.png" width="2048" height="2048">
  </image>
  <image id="345" name="2021.05.11/LBC598-20210113(1)/LBC598-20210113(1)_1787.png" width="2048" height="2048">
  </image>
  <image id="344" name="2021.05.11/LBC598-20210113(1)/LBC598-20210113(1)_1786.png" width="2048" height="2048">
  </image>
  <image id="343" name="2021.05.11/LBC598-20210113(1)/LBC598-20210113(1)_1785.png" width="2048" height="2048">
  </image>
  <image id="342" name="2021.05.11/LBC598-20210113(1)/LBC598-20210113(1)_1782.png" width="2048" height="2048">
  </image>
  <image id="341" name="2021.05.11/LBC598-20210113(1)/LBC598-20210113(1)_1781.png" width="2048" height="2048">
  </image>
  <image id="340" name="2021.05.11/LBC598-20210113(1)/LBC598-20210113(1)_1780.png" width="2048" height="2048">
  </image>
  <image id="339" name="2021.05.11/LBC598-20210113(1)/LBC598-20210113(1)_178.png" width="2048" height="2048">
  </image>
  <image id="338" name="2021.05.11/LBC598-20210113(1)/LBC598-20210113(1)_1779.png" width="2048" height="2048">
  </image>
  <image id="337" name="2021.05.11/LBC598-20210113(1)/LBC598-20210113(1)_1778.png" width="2048" height="2048">
  </image>
  <image id="336" name="2021.05.11/LBC598-20210113(1)/LBC598-20210113(1)_1757.png" width="2048" height="2048">
  </image>
  <image id="335" name="2021.05.11/LBC598-20210113(1)/LBC598-20210113(1)_1750.png" width="2048" height="2048">
  </image>
  <image id="334" name="2021.05.11/LBC598-20210113(1)/LBC598-20210113(1)_1748.png" width="2048" height="2048">
  </image>
  <image id="333" name="2021.05.11/LBC598-20210113(1)/LBC598-20210113(1)_1747.png" width="2048" height="2048">
  </image>
  <image id="332" name="2021.05.11/LBC598-20210113(1)/LBC598-20210113(1)_1745.png" width="2048" height="2048">
  </image>
  <image id="331" name="2021.05.11/LBC598-20210113(1)/LBC598-20210113(1)_1744.png" width="2048" height="2048">
  </image>
  <image id="330" name="2021.05.11/LBC598-20210113(1)/LBC598-20210113(1)_1743.png" width="2048" height="2048">
  </image>
  <image id="329" name="2021.05.11/LBC598-20210113(1)/LBC598-20210113(1)_1742.png" width="2048" height="2048">
  </image>
  <image id="328" name="2021.05.11/LBC598-20210113(1)/LBC598-20210113(1)_174.png" width="2048" height="2048">
  </image>
  <image id="327" name="2021.05.11/LBC598-20210113(1)/LBC598-20210113(1)_1739.png" width="2048" height="2048">
  </image>
  <image id="326" name="2021.05.11/LBC598-20210113(1)/LBC598-20210113(1)_1738.png" width="2048" height="2048">
  </image>
  <image id="325" name="2021.05.11/LBC598-20210113(1)/LBC598-20210113(1)_1737.png" width="2048" height="2048">
  </image>
  <image id="324" name="2021.05.11/LBC598-20210113(1)/LBC598-20210113(1)_1733.png" width="2048" height="2048">
  </image>
  <image id="323" name="2021.05.11/LBC598-20210113(1)/LBC598-20210113(1)_1732.png" width="2048" height="2048">
  </image>
  <image id="322" name="2021.05.11/LBC598-20210113(1)/LBC598-20210113(1)_1731.png" width="2048" height="2048">
  </image>
  <image id="321" name="2021.05.11/LBC598-20210113(1)/LBC598-20210113(1)_1730.png" width="2048" height="2048">
  </image>
  <image id="320" name="2021.05.11/LBC598-20210113(1)/LBC598-20210113(1)_173.png" width="2048" height="2048">
  </image>
  <image id="319" name="2021.05.11/LBC598-20210113(1)/LBC598-20210113(1)_1729.png" width="2048" height="2048">
  </image>
  <image id="318" name="2021.05.11/LBC598-20210113(1)/LBC598-20210113(1)_172.png" width="2048" height="2048">
  </image>
  <image id="317" name="2021.05.11/LBC598-20210113(1)/LBC598-20210113(1)_1711.png" width="2048" height="2048">
  </image>
  <image id="316" name="2021.05.11/LBC598-20210113(1)/LBC598-20210113(1)_171.png" width="2048" height="2048">
  </image>
  <image id="315" name="2021.05.11/LBC598-20210113(1)/LBC598-20210113(1)_1708.png" width="2048" height="2048">
  </image>
  <image id="314" name="2021.05.11/LBC598-20210113(1)/LBC598-20210113(1)_1707.png" width="2048" height="2048">
  </image>
  <image id="313" name="2021.05.11/LBC598-20210113(1)/LBC598-20210113(1)_1706.png" width="2048" height="2048">
  </image>
  <image id="312" name="2021.05.11/LBC598-20210113(1)/LBC598-20210113(1)_1703.png" width="2048" height="2048">
  </image>
  <image id="311" name="2021.05.11/LBC598-20210113(1)/LBC598-20210113(1)_1702.png" width="2048" height="2048">
  </image>
  <image id="310" name="2021.05.11/LBC598-20210113(1)/LBC598-20210113(1)_1701.png" width="2048" height="2048">
  </image>
  <image id="309" name="2021.05.11/LBC598-20210113(1)/LBC598-20210113(1)_170.png" width="2048" height="2048">
  </image>
  <image id="308" name="2021.05.11/LBC598-20210113(1)/LBC598-20210113(1)_1698.png" width="2048" height="2048">
  </image>
  <image id="307" name="2021.05.11/LBC598-20210113(1)/LBC598-20210113(1)_1697.png" width="2048" height="2048">
  </image>
  <image id="306" name="2021.05.11/LBC598-20210113(1)/LBC598-20210113(1)_1694.png" width="2048" height="2048">
  </image>
  <image id="305" name="2021.05.11/LBC598-20210113(1)/LBC598-20210113(1)_1693.png" width="2048" height="2048">
  </image>
  <image id="304" name="2021.05.11/LBC598-20210113(1)/LBC598-20210113(1)_1692.png" width="2048" height="2048">
  </image>
  <image id="303" name="2021.05.11/LBC598-20210113(1)/LBC598-20210113(1)_1690.png" width="2048" height="2048">
  </image>
  <image id="302" name="2021.05.11/LBC598-20210113(1)/LBC598-20210113(1)_169.png" width="2048" height="2048">
  </image>
  <image id="301" name="2021.05.11/LBC598-20210113(1)/LBC598-20210113(1)_1689.png" width="2048" height="2048">
  </image>
  <image id="300" name="2021.05.11/LBC598-20210113(1)/LBC598-20210113(1)_1688.png" width="2048" height="2048">
  </image>
  <image id="299" name="2021.05.11/LBC598-20210113(1)/LBC598-20210113(1)_1687.png" width="2048" height="2048">
  </image>
  <image id="298" name="2021.05.11/LBC598-20210113(1)/LBC598-20210113(1)_1684.png" width="2048" height="2048">
  </image>
  <image id="297" name="2021.05.11/LBC598-20210113(1)/LBC598-20210113(1)_1683.png" width="2048" height="2048">
  </image>
  <image id="296" name="2021.05.11/LBC598-20210113(1)/LBC598-20210113(1)_1682.png" width="2048" height="2048">
  </image>
  <image id="295" name="2021.05.11/LBC598-20210113(1)/LBC598-20210113(1)_1681.png" width="2048" height="2048">
  </image>
  <image id="294" name="2021.05.11/LBC598-20210113(1)/LBC598-20210113(1)_1680.png" width="2048" height="2048">
  </image>
  <image id="293" name="2021.05.11/LBC598-20210113(1)/LBC598-20210113(1)_168.png" width="2048" height="2048">
  </image>
  <image id="292" name="2021.05.11/LBC598-20210113(1)/LBC598-20210113(1)_1679.png" width="2048" height="2048">
  </image>
  <image id="291" name="2021.05.11/LBC598-20210113(1)/LBC598-20210113(1)_1658.png" width="2048" height="2048">
  </image>
  <image id="290" name="2021.05.11/LBC598-20210113(1)/LBC598-20210113(1)_1654.png" width="2048" height="2048">
  </image>
  <image id="289" name="2021.05.11/LBC598-20210113(1)/LBC598-20210113(1)_1652.png" width="2048" height="2048">
  </image>
  <image id="288" name="2021.05.11/LBC598-20210113(1)/LBC598-20210113(1)_1648.png" width="2048" height="2048">
  </image>
  <image id="287" name="2021.05.11/LBC598-20210113(1)/LBC598-20210113(1)_1647.png" width="2048" height="2048">
  </image>
  <image id="286" name="2021.05.11/LBC598-20210113(1)/LBC598-20210113(1)_1646.png" width="2048" height="2048">
  </image>
  <image id="285" name="2021.05.11/LBC598-20210113(1)/LBC598-20210113(1)_1645.png" width="2048" height="2048">
  </image>
  <image id="284" name="2021.05.11/LBC598-20210113(1)/LBC598-20210113(1)_1642.png" width="2048" height="2048">
  </image>
  <image id="704" name="2021.05.11/LBC598-20210113(1)/LBC598-20210113(1)_997.png" width="2048" height="2048">
  </image>
  <image id="703" name="2021.05.11/LBC598-20210113(1)/LBC598-20210113(1)_996.png" width="2048" height="2048">
  </image>
  <image id="702" name="2021.05.11/LBC598-20210113(1)/LBC598-20210113(1)_994.png" width="2048" height="2048">
  </image>
  <image id="701" name="2021.05.11/LBC598-20210113(1)/LBC598-20210113(1)_992.png" width="2048" height="2048">
  </image>
  <image id="700" name="2021.05.11/LBC598-20210113(1)/LBC598-20210113(1)_991.png" width="2048" height="2048">
  </image>
  <image id="699" name="2021.05.11/LBC598-20210113(1)/LBC598-20210113(1)_990.png" width="2048" height="2048">
  </image>
  <image id="698" name="2021.05.11/LBC598-20210113(1)/LBC598-20210113(1)_989.png" width="2048" height="2048">
  </image>
  <image id="697" name="2021.05.11/LBC598-20210113(1)/LBC598-20210113(1)_988.png" width="2048" height="2048">
  </image>
  <image id="696" name="2021.05.11/LBC598-20210113(1)/LBC598-20210113(1)_986.png" width="2048" height="2048">
  </image>
  <image id="695" name="2021.05.11/LBC598-20210113(1)/LBC598-20210113(1)_974.png" width="2048" height="2048">
  </image>
  <image id="694" name="2021.05.11/LBC598-20210113(1)/LBC598-20210113(1)_973.png" width="2048" height="2048">
  </image>
  <image id="693" name="2021.05.11/LBC598-20210113(1)/LBC598-20210113(1)_969.png" width="2048" height="2048">
  </image>
  <image id="692" name="2021.05.11/LBC598-20210113(1)/LBC598-20210113(1)_968.png" width="2048" height="2048">
  </image>
  <image id="691" name="2021.05.11/LBC598-20210113(1)/LBC598-20210113(1)_967.png" width="2048" height="2048">
  </image>
  <image id="690" name="2021.05.11/LBC598-20210113(1)/LBC598-20210113(1)_966.png" width="2048" height="2048">
  </image>
  <image id="689" name="2021.05.11/LBC598-20210113(1)/LBC598-20210113(1)_965.png" width="2048" height="2048">
  </image>
  <image id="688" name="2021.05.11/LBC598-20210113(1)/LBC598-20210113(1)_963.png" width="2048" height="2048">
  </image>
  <image id="687" name="2021.05.11/LBC598-20210113(1)/LBC598-20210113(1)_962.png" width="2048" height="2048">
  </image>
  <image id="686" name="2021.05.11/LBC598-20210113(1)/LBC598-20210113(1)_960.png" width="2048" height="2048">
  </image>
  <image id="685" name="2021.05.11/LBC598-20210113(1)/LBC598-20210113(1)_958.png" width="2048" height="2048">
  </image>
  <image id="684" name="2021.05.11/LBC598-20210113(1)/LBC598-20210113(1)_955.png" width="2048" height="2048">
  </image>
  <image id="683" name="2021.05.11/LBC598-20210113(1)/LBC598-20210113(1)_954.png" width="2048" height="2048">
    <box label="ASC-US" occluded="0" source="manual" xtl="1337.65" ytl="853.65" xbr="1526.78" ybr="1037.79" z_order="0">
      <attribute name="Description">Atypical squamous cells of undetermined significance</attribute>
    </box>
  </image>
  <image id="682" name="2021.05.11/LBC598-20210113(1)/LBC598-20210113(1)_949.png" width="2048" height="2048">
  </image>
  <image id="681" name="2021.05.11/LBC598-20210113(1)/LBC598-20210113(1)_948.png" width="2048" height="2048">
  </image>
  <image id="680" name="2021.05.11/LBC598-20210113(1)/LBC598-20210113(1)_945.png" width="2048" height="2048">
  </image>
  <image id="679" name="2021.05.11/LBC598-20210113(1)/LBC598-20210113(1)_944.png" width="2048" height="2048">
  </image>
  <image id="678" name="2021.05.11/LBC598-20210113(1)/LBC598-20210113(1)_943.png" width="2048" height="2048">
  </image>
  <image id="677" name="2021.05.11/LBC598-20210113(1)/LBC598-20210113(1)_942.png" width="2048" height="2048">
  </image>
  <image id="283" name="2021.05.11/LBC598-20210113(1)/LBC598-20210113(1)_1641.png" width="2048" height="2048">
  </image>
  <image id="282" name="2021.05.11/LBC598-20210113(1)/LBC598-20210113(1)_1637.png" width="2048" height="2048">
  </image>
  <image id="281" name="2021.05.11/LBC598-20210113(1)/LBC598-20210113(1)_1636.png" width="2048" height="2048">
  </image>
  <image id="280" name="2021.05.11/LBC598-20210113(1)/LBC598-20210113(1)_1635.png" width="2048" height="2048">
  </image>
  <image id="279" name="2021.05.11/LBC598-20210113(1)/LBC598-20210113(1)_1634.png" width="2048" height="2048">
  </image>
  <image id="278" name="2021.05.11/LBC598-20210113(1)/LBC598-20210113(1)_1632.png" width="2048" height="2048">
  </image>
  <image id="277" name="2021.05.11/LBC598-20210113(1)/LBC598-20210113(1)_1631.png" width="2048" height="2048">
  </image>
  <image id="276" name="2021.05.11/LBC598-20210113(1)/LBC598-20210113(1)_1630.png" width="2048" height="2048">
  </image>
  <image id="275" name="2021.05.11/LBC598-20210113(1)/LBC598-20210113(1)_1609.png" width="2048" height="2048">
  </image>
  <image id="274" name="2021.05.11/LBC598-20210113(1)/LBC598-20210113(1)_1608.png" width="2048" height="2048">
  </image>
  <image id="273" name="2021.05.11/LBC598-20210113(1)/LBC598-20210113(1)_1607.png" width="2048" height="2048">
  </image>
  <image id="272" name="2021.05.11/LBC598-20210113(1)/LBC598-20210113(1)_1604.png" width="2048" height="2048">
  </image>
  <image id="271" name="2021.05.11/LBC598-20210113(1)/LBC598-20210113(1)_1602.png" width="2048" height="2048">
  </image>
  <image id="270" name="2021.05.11/LBC598-20210113(1)/LBC598-20210113(1)_1600.png" width="2048" height="2048">
  </image>
  <image id="269" name="2021.05.11/LBC598-20210113(1)/LBC598-20210113(1)_1598.png" width="2048" height="2048">
  </image>
  <image id="268" name="2021.05.11/LBC598-20210113(1)/LBC598-20210113(1)_1596.png" width="2048" height="2048">
  </image>
  <image id="267" name="2021.05.11/LBC598-20210113(1)/LBC598-20210113(1)_1590.png" width="2048" height="2048">
  </image>
  <image id="266" name="2021.05.11/LBC598-20210113(1)/LBC598-20210113(1)_1589.png" width="2048" height="2048">
  </image>
  <image id="265" name="2021.05.11/LBC598-20210113(1)/LBC598-20210113(1)_1586.png" width="2048" height="2048">
  </image>
  <image id="264" name="2021.05.11/LBC598-20210113(1)/LBC598-20210113(1)_1585.png" width="2048" height="2048">
  </image>
  <image id="263" name="2021.05.11/LBC598-20210113(1)/LBC598-20210113(1)_1584.png" width="2048" height="2048">
  </image>
  <image id="262" name="2021.05.11/LBC598-20210113(1)/LBC598-20210113(1)_1583.png" width="2048" height="2048">
  </image>
  <image id="261" name="2021.05.11/LBC598-20210113(1)/LBC598-20210113(1)_1582.png" width="2048" height="2048">
  </image>
  <image id="260" name="2021.05.11/LBC598-20210113(1)/LBC598-20210113(1)_1581.png" width="2048" height="2048">
  </image>
  <image id="259" name="2021.05.11/LBC598-20210113(1)/LBC598-20210113(1)_1562.png" width="2048" height="2048">
  </image>
  <image id="258" name="2021.05.11/LBC598-20210113(1)/LBC598-20210113(1)_1561.png" width="2048" height="2048">
  </image>
  <image id="257" name="2021.05.11/LBC598-20210113(1)/LBC598-20210113(1)_1556.png" width="2048" height="2048">
  </image>
  <image id="256" name="2021.05.11/LBC598-20210113(1)/LBC598-20210113(1)_1555.png" width="2048" height="2048">
  </image>
  <image id="255" name="2021.05.11/LBC598-20210113(1)/LBC598-20210113(1)_1553.png" width="2048" height="2048">
  </image>
  <image id="254" name="2021.05.11/LBC598-20210113(1)/LBC598-20210113(1)_1551.png" width="2048" height="2048">
  </image>
  <image id="253" name="2021.05.11/LBC598-20210113(1)/LBC598-20210113(1)_1549.png" width="2048" height="2048">
  </image>
  <image id="252" name="2021.05.11/LBC598-20210113(1)/LBC598-20210113(1)_1546.png" width="2048" height="2048">
  </image>
  <image id="251" name="2021.05.11/LBC598-20210113(1)/LBC598-20210113(1)_1541.png" width="2048" height="2048">
  </image>
  <image id="250" name="2021.05.11/LBC598-20210113(1)/LBC598-20210113(1)_1540.png" width="2048" height="2048">
  </image>
  <image id="249" name="2021.05.11/LBC598-20210113(1)/LBC598-20210113(1)_1539.png" width="2048" height="2048">
  </image>
  <image id="248" name="2021.05.11/LBC598-20210113(1)/LBC598-20210113(1)_1538.png" width="2048" height="2048">
  </image>
  <image id="247" name="2021.05.11/LBC598-20210113(1)/LBC598-20210113(1)_1537.png" width="2048" height="2048">
  </image>
  <image id="246" name="2021.05.11/LBC598-20210113(1)/LBC598-20210113(1)_1536.png" width="2048" height="2048">
  </image>
  <image id="245" name="2021.05.11/LBC598-20210113(1)/LBC598-20210113(1)_1535.png" width="2048" height="2048">
  </image>
  <image id="244" name="2021.05.11/LBC598-20210113(1)/LBC598-20210113(1)_1534.png" width="2048" height="2048">
  </image>
  <image id="243" name="2021.05.11/LBC598-20210113(1)/LBC598-20210113(1)_1533.png" width="2048" height="2048">
  </image>
  <image id="242" name="2021.05.11/LBC598-20210113(1)/LBC598-20210113(1)_1532.png" width="2048" height="2048">
  </image>
  <image id="241" name="2021.05.11/LBC598-20210113(1)/LBC598-20210113(1)_1531.png" width="2048" height="2048">
  </image>
  <image id="240" name="2021.05.11/LBC598-20210113(1)/LBC598-20210113(1)_1530.png" width="2048" height="2048">
  </image>
  <image id="239" name="2021.05.11/LBC598-20210113(1)/LBC598-20210113(1)_153.png" width="2048" height="2048">
  </image>
  <image id="238" name="2021.05.11/LBC598-20210113(1)/LBC598-20210113(1)_1529.png" width="2048" height="2048">
  </image>
  <image id="237" name="2021.05.11/LBC598-20210113(1)/LBC598-20210113(1)_1510.png" width="2048" height="2048">
  </image>
  <image id="236" name="2021.05.11/LBC598-20210113(1)/LBC598-20210113(1)_1508.png" width="2048" height="2048">
  </image>
  <image id="235" name="2021.05.11/LBC598-20210113(1)/LBC598-20210113(1)_1507.png" width="2048" height="2048">
  </image>
  <image id="234" name="2021.05.11/LBC598-20210113(1)/LBC598-20210113(1)_1506.png" width="2048" height="2048">
  </image>
  <image id="233" name="2021.05.11/LBC598-20210113(1)/LBC598-20210113(1)_1505.png" width="2048" height="2048">
  </image>
  <image id="232" name="2021.05.11/LBC598-20210113(1)/LBC598-20210113(1)_1504.png" width="2048" height="2048">
  </image>
  <image id="231" name="2021.05.11/LBC598-20210113(1)/LBC598-20210113(1)_1503.png" width="2048" height="2048">
  </image>
  <image id="230" name="2021.05.11/LBC598-20210113(1)/LBC598-20210113(1)_1502.png" width="2048" height="2048">
  </image>
  <image id="229" name="2021.05.11/LBC598-20210113(1)/LBC598-20210113(1)_1496.png" width="2048" height="2048">
  </image>
  <image id="228" name="2021.05.11/LBC598-20210113(1)/LBC598-20210113(1)_1493.png" width="2048" height="2048">
  </image>
  <image id="227" name="2021.05.11/LBC598-20210113(1)/LBC598-20210113(1)_1492.png" width="2048" height="2048">
  </image>
  <image id="226" name="2021.05.11/LBC598-20210113(1)/LBC598-20210113(1)_1489.png" width="2048" height="2048">
  </image>
  <image id="225" name="2021.05.11/LBC598-20210113(1)/LBC598-20210113(1)_1488.png" width="2048" height="2048">
  </image>
  <image id="224" name="2021.05.11/LBC598-20210113(1)/LBC598-20210113(1)_1487.png" width="2048" height="2048">
  </image>
  <image id="223" name="2021.05.11/LBC598-20210113(1)/LBC598-20210113(1)_1486.png" width="2048" height="2048">
  </image>
  <image id="196" name="2021.05.11/LBC598-20210113(1)/LBC598-20210113(1)_1408.png" width="2048" height="2048">
  </image>
  <image id="195" name="2021.05.11/LBC598-20210113(1)/LBC598-20210113(1)_1407.png" width="2048" height="2048">
  </image>
  <image id="194" name="2021.05.11/LBC598-20210113(1)/LBC598-20210113(1)_1406.png" width="2048" height="2048">
  </image>
  <image id="193" name="2021.05.11/LBC598-20210113(1)/LBC598-20210113(1)_1405.png" width="2048" height="2048">
  </image>
  <image id="192" name="2021.05.11/LBC598-20210113(1)/LBC598-20210113(1)_1400.png" width="2048" height="2048">
  </image>
  <image id="191" name="2021.05.11/LBC598-20210113(1)/LBC598-20210113(1)_1399.png" width="2048" height="2048">
  </image>
  <image id="190" name="2021.05.11/LBC598-20210113(1)/LBC598-20210113(1)_1398.png" width="2048" height="2048">
  </image>
  <image id="189" name="2021.05.11/LBC598-20210113(1)/LBC598-20210113(1)_1396.png" width="2048" height="2048">
  </image>
  <image id="188" name="2021.05.11/LBC598-20210113(1)/LBC598-20210113(1)_1395.png" width="2048" height="2048">
  </image>
  <image id="187" name="2021.05.11/LBC598-20210113(1)/LBC598-20210113(1)_1392.png" width="2048" height="2048">
  </image>
  <image id="186" name="2021.05.11/LBC598-20210113(1)/LBC598-20210113(1)_1391.png" width="2048" height="2048">
  </image>
  <image id="185" name="2021.05.11/LBC598-20210113(1)/LBC598-20210113(1)_1390.png" width="2048" height="2048">
  </image>
  <image id="184" name="2021.05.11/LBC598-20210113(1)/LBC598-20210113(1)_1389.png" width="2048" height="2048">
  </image>
  <image id="183" name="2021.05.11/LBC598-20210113(1)/LBC598-20210113(1)_1388.png" width="2048" height="2048">
  </image>
  <image id="182" name="2021.05.11/LBC598-20210113(1)/LBC598-20210113(1)_1387.png" width="2048" height="2048">
  </image>
  <image id="181" name="2021.05.11/LBC598-20210113(1)/LBC598-20210113(1)_1386.png" width="2048" height="2048">
  </image>
  <image id="180" name="2021.05.11/LBC598-20210113(1)/LBC598-20210113(1)_1385.png" width="2048" height="2048">
  </image>
  <image id="179" name="2021.05.11/LBC598-20210113(1)/LBC598-20210113(1)_1378.png" width="2048" height="2048">
  </image>
  <image id="178" name="2021.05.11/LBC598-20210113(1)/LBC598-20210113(1)_1368.png" width="2048" height="2048">
  </image>
  <image id="177" name="2021.05.11/LBC598-20210113(1)/LBC598-20210113(1)_1364.png" width="2048" height="2048">
  </image>
  <image id="176" name="2021.05.11/LBC598-20210113(1)/LBC598-20210113(1)_1363.png" width="2048" height="2048">
  </image>
  <image id="175" name="2021.05.11/LBC598-20210113(1)/LBC598-20210113(1)_1362.png" width="2048" height="2048">
  </image>
  <image id="174" name="2021.05.11/LBC598-20210113(1)/LBC598-20210113(1)_1361.png" width="2048" height="2048">
  </image>
  <image id="173" name="2021.05.11/LBC598-20210113(1)/LBC598-20210113(1)_1360.png" width="2048" height="2048">
  </image>
  <image id="172" name="2021.05.11/LBC598-20210113(1)/LBC598-20210113(1)_1359.png" width="2048" height="2048">
  </image>
  <image id="171" name="2021.05.11/LBC598-20210113(1)/LBC598-20210113(1)_1358.png" width="2048" height="2048">
  </image>
  <image id="170" name="2021.05.11/LBC598-20210113(1)/LBC598-20210113(1)_1357.png" width="2048" height="2048">
  </image>
  <image id="169" name="2021.05.11/LBC598-20210113(1)/LBC598-20210113(1)_1354.png" width="2048" height="2048">
  </image>
  <image id="168" name="2021.05.11/LBC598-20210113(1)/LBC598-20210113(1)_1350.png" width="2048" height="2048">
  </image>
  <image id="167" name="2021.05.11/LBC598-20210113(1)/LBC598-20210113(1)_1347.png" width="2048" height="2048">
  </image>
  <image id="166" name="2021.05.11/LBC598-20210113(1)/LBC598-20210113(1)_1346.png" width="2048" height="2048">
  </image>
  <image id="165" name="2021.05.11/LBC598-20210113(1)/LBC598-20210113(1)_1344.png" width="2048" height="2048">
  </image>
  <image id="164" name="2021.05.11/LBC598-20210113(1)/LBC598-20210113(1)_1343.png" width="2048" height="2048">
  </image>
  <image id="163" name="2021.05.11/LBC598-20210113(1)/LBC598-20210113(1)_1342.png" width="2048" height="2048">
  </image>
  <image id="162" name="2021.05.11/LBC598-20210113(1)/LBC598-20210113(1)_1341.png" width="2048" height="2048">
  </image>
  <image id="161" name="2021.05.11/LBC598-20210113(1)/LBC598-20210113(1)_1340.png" width="2048" height="2048">
  </image>
  <image id="160" name="2021.05.11/LBC598-20210113(1)/LBC598-20210113(1)_1339.png" width="2048" height="2048">
  </image>
  <image id="159" name="2021.05.11/LBC598-20210113(1)/LBC598-20210113(1)_1338.png" width="2048" height="2048">
  </image>
  <image id="158" name="2021.05.11/LBC598-20210113(1)/LBC598-20210113(1)_1337.png" width="2048" height="2048">
  </image>
  <image id="157" name="2021.05.11/LBC598-20210113(1)/LBC598-20210113(1)_1335.png" width="2048" height="2048">
  </image>
  <image id="156" name="2021.05.11/LBC598-20210113(1)/LBC598-20210113(1)_1334.png" width="2048" height="2048">
  </image>
  <image id="155" name="2021.05.11/LBC598-20210113(1)/LBC598-20210113(1)_1329.png" width="2048" height="2048">
  </image>
  <image id="154" name="2021.05.11/LBC598-20210113(1)/LBC598-20210113(1)_1318.png" width="2048" height="2048">
  </image>
  <image id="153" name="2021.05.11/LBC598-20210113(1)/LBC598-20210113(1)_1316.png" width="2048" height="2048">
  </image>
  <image id="152" name="2021.05.11/LBC598-20210113(1)/LBC598-20210113(1)_1315.png" width="2048" height="2048">
  </image>
  <image id="151" name="2021.05.11/LBC598-20210113(1)/LBC598-20210113(1)_1314.png" width="2048" height="2048">
  </image>
  <image id="150" name="2021.05.11/LBC598-20210113(1)/LBC598-20210113(1)_1312.png" width="2048" height="2048">
  </image>
  <image id="149" name="2021.05.11/LBC598-20210113(1)/LBC598-20210113(1)_1310.png" width="2048" height="2048">
  </image>
  <image id="148" name="2021.05.11/LBC598-20210113(1)/LBC598-20210113(1)_1308.png" width="2048" height="2048">
  </image>
  <image id="147" name="2021.05.11/LBC598-20210113(1)/LBC598-20210113(1)_1306.png" width="2048" height="2048">
  </image>
  <image id="146" name="2021.05.11/LBC598-20210113(1)/LBC598-20210113(1)_1302.png" width="2048" height="2048">
  </image>
  <image id="145" name="2021.05.11/LBC598-20210113(1)/LBC598-20210113(1)_1301.png" width="2048" height="2048">
  </image>
  <image id="144" name="2021.05.11/LBC598-20210113(1)/LBC598-20210113(1)_1298.png" width="2048" height="2048">
  </image>
  <image id="143" name="2021.05.11/LBC598-20210113(1)/LBC598-20210113(1)_1296.png" width="2048" height="2048">
  </image>
  <image id="142" name="2021.05.11/LBC598-20210113(1)/LBC598-20210113(1)_1295.png" width="2048" height="2048">
  </image>
  <image id="141" name="2021.05.11/LBC598-20210113(1)/LBC598-20210113(1)_1293.png" width="2048" height="2048">
  </image>
  <image id="140" name="2021.05.11/LBC598-20210113(1)/LBC598-20210113(1)_1292.png" width="2048" height="2048">
  </image>
  <image id="139" name="2021.05.11/LBC598-20210113(1)/LBC598-20210113(1)_1291.png" width="2048" height="2048">
  </image>
  <image id="138" name="2021.05.11/LBC598-20210113(1)/LBC598-20210113(1)_1290.png" width="2048" height="2048">
  </image>
  <image id="137" name="2021.05.11/LBC598-20210113(1)/LBC598-20210113(1)_1288.png" width="2048" height="2048">
  </image>
  <image id="136" name="2021.05.11/LBC598-20210113(1)/LBC598-20210113(1)_1287.png" width="2048" height="2048">
  </image>
  <image id="135" name="2021.05.11/LBC598-20210113(1)/LBC598-20210113(1)_1283.png" width="2048" height="2048">
  </image>
  <image id="134" name="2021.05.11/LBC598-20210113(1)/LBC598-20210113(1)_1280.png" width="2048" height="2048">
  </image>
  <image id="133" name="2021.05.11/LBC598-20210113(1)/LBC598-20210113(1)_1268.png" width="2048" height="2048">
  </image>
  <image id="132" name="2021.05.11/LBC598-20210113(1)/LBC598-20210113(1)_1267.png" width="2048" height="2048">
  </image>
  <image id="131" name="2021.05.11/LBC598-20210113(1)/LBC598-20210113(1)_1266.png" width="2048" height="2048">
  </image>
  <image id="130" name="2021.05.11/LBC598-20210113(1)/LBC598-20210113(1)_1265.png" width="2048" height="2048">
  </image>
  <image id="129" name="2021.05.11/LBC598-20210113(1)/LBC598-20210113(1)_1264.png" width="2048" height="2048">
  </image>
  <image id="128" name="2021.05.11/LBC598-20210113(1)/LBC598-20210113(1)_1263.png" width="2048" height="2048">
  </image>
  <image id="127" name="2021.05.11/LBC598-20210113(1)/LBC598-20210113(1)_1262.png" width="2048" height="2048">
  </image>
  <image id="126" name="2021.05.11/LBC598-20210113(1)/LBC598-20210113(1)_1261.png" width="2048" height="2048">
  </image>
  <image id="125" name="2021.05.11/LBC598-20210113(1)/LBC598-20210113(1)_1260.png" width="2048" height="2048">
  </image>
  <image id="124" name="2021.05.11/LBC598-20210113(1)/LBC598-20210113(1)_1256.png" width="2048" height="2048">
  </image>
  <image id="123" name="2021.05.11/LBC598-20210113(1)/LBC598-20210113(1)_1251.png" width="2048" height="2048">
  </image>
  <image id="122" name="2021.05.11/LBC598-20210113(1)/LBC598-20210113(1)_1250.png" width="2048" height="2048">
  </image>
  <image id="121" name="2021.05.11/LBC598-20210113(1)/LBC598-20210113(1)_1245.png" width="2048" height="2048">
  </image>
  <image id="120" name="2021.05.11/LBC598-20210113(1)/LBC598-20210113(1)_1244.png" width="2048" height="2048">
  </image>
  <image id="119" name="2021.05.11/LBC598-20210113(1)/LBC598-20210113(1)_1243.png" width="2048" height="2048">
  </image>
  <image id="118" name="2021.05.11/LBC598-20210113(1)/LBC598-20210113(1)_1241.png" width="2048" height="2048">
  </image>
  <image id="117" name="2021.05.11/LBC598-20210113(1)/LBC598-20210113(1)_1240.png" width="2048" height="2048">
  </image>
  <image id="116" name="2021.05.11/LBC598-20210113(1)/LBC598-20210113(1)_124.png" width="2048" height="2048">
  </image>
  <image id="115" name="2021.05.11/LBC598-20210113(1)/LBC598-20210113(1)_1239.png" width="2048" height="2048">
  </image>
  <image id="114" name="2021.05.11/LBC598-20210113(1)/LBC598-20210113(1)_1238.png" width="2048" height="2048">
  </image>
  <image id="113" name="2021.05.11/LBC598-20210113(1)/LBC598-20210113(1)_1236.png" width="2048" height="2048">
  </image>
  <image id="112" name="2021.05.11/LBC598-20210113(1)/LBC598-20210113(1)_1231.png" width="2048" height="2048">
  </image>
  <image id="111" name="2021.05.11/LBC598-20210113(1)/LBC598-20210113(1)_123.png" width="2048" height="2048">
  </image>
  <image id="110" name="2021.05.11/LBC598-20210113(1)/LBC598-20210113(1)_1222.png" width="2048" height="2048">
  </image>
  <image id="109" name="2021.05.11/LBC598-20210113(1)/LBC598-20210113(1)_1220.png" width="2048" height="2048">
  </image>
  <image id="108" name="2021.05.11/LBC598-20210113(1)/LBC598-20210113(1)_122.png" width="2048" height="2048">
  </image>
  <image id="107" name="2021.05.11/LBC598-20210113(1)/LBC598-20210113(1)_1218.png" width="2048" height="2048">
  </image>
  <image id="106" name="2021.05.11/LBC598-20210113(1)/LBC598-20210113(1)_1217.png" width="2048" height="2048">
  </image>
  <image id="105" name="2021.05.11/LBC598-20210113(1)/LBC598-20210113(1)_1216.png" width="2048" height="2048">
  </image>
  <image id="104" name="2021.05.11/LBC598-20210113(1)/LBC598-20210113(1)_1215.png" width="2048" height="2048">
  </image>
  <image id="103" name="2021.05.11/LBC598-20210113(1)/LBC598-20210113(1)_1211.png" width="2048" height="2048">
  </image>
  <image id="102" name="2021.05.11/LBC598-20210113(1)/LBC598-20210113(1)_1210.png" width="2048" height="2048">
  </image>
  <image id="101" name="2021.05.11/LBC598-20210113(1)/LBC598-20210113(1)_121.png" width="2048" height="2048">
  </image>
  <image id="100" name="2021.05.11/LBC598-20210113(1)/LBC598-20210113(1)_1208.png" width="2048" height="2048">
  </image>
  <image id="99" name="2021.05.11/LBC598-20210113(1)/LBC598-20210113(1)_1201.png" width="2048" height="2048">
  </image>
  <image id="98" name="2021.05.11/LBC598-20210113(1)/LBC598-20210113(1)_120.png" width="2048" height="2048">
  </image>
  <image id="97" name="2021.05.11/LBC598-20210113(1)/LBC598-20210113(1)_1197.png" width="2048" height="2048">
  </image>
  <image id="96" name="2021.05.11/LBC598-20210113(1)/LBC598-20210113(1)_1196.png" width="2048" height="2048">
  </image>
  <image id="95" name="2021.05.11/LBC598-20210113(1)/LBC598-20210113(1)_1194.png" width="2048" height="2048">
  </image>
  <image id="94" name="2021.05.11/LBC598-20210113(1)/LBC598-20210113(1)_1193.png" width="2048" height="2048">
  </image>
  <image id="93" name="2021.05.11/LBC598-20210113(1)/LBC598-20210113(1)_1192.png" width="2048" height="2048">
  </image>
  <image id="92" name="2021.05.11/LBC598-20210113(1)/LBC598-20210113(1)_1189.png" width="2048" height="2048">
  </image>
  <image id="91" name="2021.05.11/LBC598-20210113(1)/LBC598-20210113(1)_1188.png" width="2048" height="2048">
  </image>
  <image id="90" name="2021.05.11/LBC598-20210113(1)/LBC598-20210113(1)_1187.png" width="2048" height="2048">
  </image>
  <image id="89" name="2021.05.11/LBC598-20210113(1)/LBC598-20210113(1)_1186.png" width="2048" height="2048">
  </image>
  <image id="88" name="2021.05.11/LBC598-20210113(1)/LBC598-20210113(1)_1185.png" width="2048" height="2048">
  </image>
  <image id="87" name="2021.05.11/LBC598-20210113(1)/LBC598-20210113(1)_1184.png" width="2048" height="2048">
  </image>
  <image id="86" name="2021.05.11/LBC598-20210113(1)/LBC598-20210113(1)_1182.png" width="2048" height="2048">
  </image>
  <image id="85" name="2021.05.11/LBC598-20210113(1)/LBC598-20210113(1)_1173.png" width="2048" height="2048">
  </image>
  <image id="84" name="2021.05.11/LBC598-20210113(1)/LBC598-20210113(1)_1172.png" width="2048" height="2048">
  </image>
  <image id="83" name="2021.05.11/LBC598-20210113(1)/LBC598-20210113(1)_1168.png" width="2048" height="2048">
  </image>
  <image id="82" name="2021.05.11/LBC598-20210113(1)/LBC598-20210113(1)_1167.png" width="2048" height="2048">
  </image>
  <image id="81" name="2021.05.11/LBC598-20210113(1)/LBC598-20210113(1)_1166.png" width="2048" height="2048">
  </image>
  <image id="80" name="2021.05.11/LBC598-20210113(1)/LBC598-20210113(1)_1165.png" width="2048" height="2048">
  </image>
  <image id="79" name="2021.05.11/LBC598-20210113(1)/LBC598-20210113(1)_1164.png" width="2048" height="2048">
  </image>
  <image id="78" name="2021.05.11/LBC598-20210113(1)/LBC598-20210113(1)_1159.png" width="2048" height="2048">
  </image>
  <image id="77" name="2021.05.11/LBC598-20210113(1)/LBC598-20210113(1)_1157.png" width="2048" height="2048">
  </image>
  <image id="76" name="2021.05.11/LBC598-20210113(1)/LBC598-20210113(1)_1154.png" width="2048" height="2048">
  </image>
  <image id="75" name="2021.05.11/LBC598-20210113(1)/LBC598-20210113(1)_1153.png" width="2048" height="2048">
  </image>
  <image id="74" name="2021.05.11/LBC598-20210113(1)/LBC598-20210113(1)_1152.png" width="2048" height="2048">
  </image>
  <image id="73" name="2021.05.11/LBC598-20210113(1)/LBC598-20210113(1)_1151.png" width="2048" height="2048">
  </image>
  <image id="72" name="2021.05.11/LBC598-20210113(1)/LBC598-20210113(1)_1147.png" width="2048" height="2048">
  </image>
  <image id="71" name="2021.05.11/LBC598-20210113(1)/LBC598-20210113(1)_1146.png" width="2048" height="2048">
  </image>
  <image id="70" name="2021.05.11/LBC598-20210113(1)/LBC598-20210113(1)_1145.png" width="2048" height="2048">
  </image>
  <image id="69" name="2021.05.11/LBC598-20210113(1)/LBC598-20210113(1)_1144.png" width="2048" height="2048">
    <box label="ASC-US" occluded="0" source="manual" xtl="763.81" ytl="823.54" xbr="873.31" ybr="972.85" z_order="0">
      <attribute name="Description">Atypical squamous cells of undetermined significance</attribute>
    </box>
  </image>
  <image id="68" name="2021.05.11/LBC598-20210113(1)/LBC598-20210113(1)_1143.png" width="2048" height="2048">
  </image>
  <image id="67" name="2021.05.11/LBC598-20210113(1)/LBC598-20210113(1)_1142.png" width="2048" height="2048">
  </image>
  <image id="66" name="2021.05.11/LBC598-20210113(1)/LBC598-20210113(1)_1140.png" width="2048" height="2048">
  </image>
  <image id="65" name="2021.05.11/LBC598-20210113(1)/LBC598-20210113(1)_1139.png" width="2048" height="2048">
  </image>
  <image id="64" name="2021.05.11/LBC598-20210113(1)/LBC598-20210113(1)_1138.png" width="2048" height="2048">
  </image>
  <image id="63" name="2021.05.11/LBC598-20210113(1)/LBC598-20210113(1)_1137.png" width="2048" height="2048">
  </image>
  <image id="62" name="2021.05.11/LBC598-20210113(1)/LBC598-20210113(1)_1136.png" width="2048" height="2048">
  </image>
  <image id="61" name="2021.05.11/LBC598-20210113(1)/LBC598-20210113(1)_1135.png" width="2048" height="2048">
  </image>
  <image id="60" name="2021.05.11/LBC598-20210113(1)/LBC598-20210113(1)_1133.png" width="2048" height="2048">
  </image>
  <image id="59" name="2021.05.11/LBC598-20210113(1)/LBC598-20210113(1)_1125.png" width="2048" height="2048">
  </image>
  <image id="58" name="2021.05.11/LBC598-20210113(1)/LBC598-20210113(1)_1121.png" width="2048" height="2048">
  </image>
  <image id="57" name="2021.05.11/LBC598-20210113(1)/LBC598-20210113(1)_1117.png" width="2048" height="2048">
  </image>
  <image id="56" name="2021.05.11/LBC598-20210113(1)/LBC598-20210113(1)_1110.png" width="2048" height="2048">
  </image>
  <image id="55" name="2021.05.11/LBC598-20210113(1)/LBC598-20210113(1)_1109.png" width="2048" height="2048">
  </image>
  <image id="54" name="2021.05.11/LBC598-20210113(1)/LBC598-20210113(1)_1108.png" width="2048" height="2048">
  </image>
  <image id="53" name="2021.05.11/LBC598-20210113(1)/LBC598-20210113(1)_1107.png" width="2048" height="2048">
  </image>
  <image id="52" name="2021.05.11/LBC598-20210113(1)/LBC598-20210113(1)_1106.png" width="2048" height="2048">
  </image>
  <image id="51" name="2021.05.11/LBC598-20210113(1)/LBC598-20210113(1)_1105.png" width="2048" height="2048">
  </image>
  <image id="50" name="2021.05.11/LBC598-20210113(1)/LBC598-20210113(1)_1104.png" width="2048" height="2048">
  </image>
  <image id="49" name="2021.05.11/LBC598-20210113(1)/LBC598-20210113(1)_1102.png" width="2048" height="2048">
  </image>
  <image id="48" name="2021.05.11/LBC598-20210113(1)/LBC598-20210113(1)_1101.png" width="2048" height="2048">
  </image>
  <image id="47" name="2021.05.11/LBC598-20210113(1)/LBC598-20210113(1)_1098.png" width="2048" height="2048">
  </image>
  <image id="46" name="2021.05.11/LBC598-20210113(1)/LBC598-20210113(1)_1095.png" width="2048" height="2048">
  </image>
  <image id="45" name="2021.05.11/LBC598-20210113(1)/LBC598-20210113(1)_1094.png" width="2048" height="2048">
  </image>
  <image id="44" name="2021.05.11/LBC598-20210113(1)/LBC598-20210113(1)_1093.png" width="2048" height="2048">
  </image>
  <image id="43" name="2021.05.11/LBC598-20210113(1)/LBC598-20210113(1)_1091.png" width="2048" height="2048">
  </image>
  <image id="42" name="2021.05.11/LBC598-20210113(1)/LBC598-20210113(1)_1090.png" width="2048" height="2048">
  </image>
  <image id="460" name="2021.05.11/LBC598-20210113(1)/LBC598-20210113(1)_383.png" width="2048" height="2048">
  </image>
  <image id="459" name="2021.05.11/LBC598-20210113(1)/LBC598-20210113(1)_376.png" width="2048" height="2048">
  </image>
  <image id="458" name="2021.05.11/LBC598-20210113(1)/LBC598-20210113(1)_374.png" width="2048" height="2048">
  </image>
  <image id="457" name="2021.05.11/LBC598-20210113(1)/LBC598-20210113(1)_371.png" width="2048" height="2048">
  </image>
  <image id="456" name="2021.05.11/LBC598-20210113(1)/LBC598-20210113(1)_370.png" width="2048" height="2048">
  </image>
  <image id="455" name="2021.05.11/LBC598-20210113(1)/LBC598-20210113(1)_369.png" width="2048" height="2048">
  </image>
  <image id="454" name="2021.05.11/LBC598-20210113(1)/LBC598-20210113(1)_368.png" width="2048" height="2048">
  </image>
  <image id="453" name="2021.05.11/LBC598-20210113(1)/LBC598-20210113(1)_365.png" width="2048" height="2048">
  </image>
  <image id="452" name="2021.05.11/LBC598-20210113(1)/LBC598-20210113(1)_364.png" width="2048" height="2048">
  </image>
  <image id="451" name="2021.05.11/LBC598-20210113(1)/LBC598-20210113(1)_362.png" width="2048" height="2048">
  </image>
  <image id="450" name="2021.05.11/LBC598-20210113(1)/LBC598-20210113(1)_349.png" width="2048" height="2048">
  </image>
  <image id="449" name="2021.05.11/LBC598-20210113(1)/LBC598-20210113(1)_328.png" width="2048" height="2048">
  </image>
  <image id="448" name="2021.05.11/LBC598-20210113(1)/LBC598-20210113(1)_320.png" width="2048" height="2048">
  </image>
  <image id="447" name="2021.05.11/LBC598-20210113(1)/LBC598-20210113(1)_319.png" width="2048" height="2048">
  </image>
  <image id="446" name="2021.05.11/LBC598-20210113(1)/LBC598-20210113(1)_318.png" width="2048" height="2048">
  </image>
  <image id="445" name="2021.05.11/LBC598-20210113(1)/LBC598-20210113(1)_316.png" width="2048" height="2048">
  </image>
  <image id="444" name="2021.05.11/LBC598-20210113(1)/LBC598-20210113(1)_315.png" width="2048" height="2048">
  </image>
  <image id="443" name="2021.05.11/LBC598-20210113(1)/LBC598-20210113(1)_313.png" width="2048" height="2048">
  </image>
  <image id="442" name="2021.05.11/LBC598-20210113(1)/LBC598-20210113(1)_309.png" width="2048" height="2048">
  </image>
  <image id="441" name="2021.05.11/LBC598-20210113(1)/LBC598-20210113(1)_300.png" width="2048" height="2048">
  </image>
  <image id="440" name="2021.05.11/LBC598-20210113(1)/LBC598-20210113(1)_280.png" width="2048" height="2048">
  </image>
  <image id="439" name="2021.05.11/LBC598-20210113(1)/LBC598-20210113(1)_279.png" width="2048" height="2048">
  </image>
  <image id="438" name="2021.05.11/LBC598-20210113(1)/LBC598-20210113(1)_278.png" width="2048" height="2048">
  </image>
  <image id="437" name="2021.05.11/LBC598-20210113(1)/LBC598-20210113(1)_277.png" width="2048" height="2048">
  </image>
  <image id="436" name="2021.05.11/LBC598-20210113(1)/LBC598-20210113(1)_274.png" width="2048" height="2048">
  </image>
  <image id="435" name="2021.05.11/LBC598-20210113(1)/LBC598-20210113(1)_273.png" width="2048" height="2048">
  </image>
  <image id="434" name="2021.05.11/LBC598-20210113(1)/LBC598-20210113(1)_271.png" width="2048" height="2048">
  </image>
  <image id="433" name="2021.05.11/LBC598-20210113(1)/LBC598-20210113(1)_270.png" width="2048" height="2048">
  </image>
  <image id="432" name="2021.05.11/LBC598-20210113(1)/LBC598-20210113(1)_268.png" width="2048" height="2048">
  </image>
  <image id="431" name="2021.05.11/LBC598-20210113(1)/LBC598-20210113(1)_265.png" width="2048" height="2048">
  </image>
  <image id="430" name="2021.05.11/LBC598-20210113(1)/LBC598-20210113(1)_264.png" width="2048" height="2048">
  </image>
  <image id="429" name="2021.05.11/LBC598-20210113(1)/LBC598-20210113(1)_251.png" width="2048" height="2048">
  </image>
  <image id="428" name="2021.05.11/LBC598-20210113(1)/LBC598-20210113(1)_229.png" width="2048" height="2048">
  </image>
  <image id="427" name="2021.05.11/LBC598-20210113(1)/LBC598-20210113(1)_225.png" width="2048" height="2048">
  </image>
  <image id="426" name="2021.05.11/LBC598-20210113(1)/LBC598-20210113(1)_224.png" width="2048" height="2048">
  </image>
  <image id="425" name="2021.05.11/LBC598-20210113(1)/LBC598-20210113(1)_223.png" width="2048" height="2048">
  </image>
  <image id="424" name="2021.05.11/LBC598-20210113(1)/LBC598-20210113(1)_222.png" width="2048" height="2048">
  </image>
  <image id="423" name="2021.05.11/LBC598-20210113(1)/LBC598-20210113(1)_221.png" width="2048" height="2048">
  </image>
  <image id="422" name="2021.05.11/LBC598-20210113(1)/LBC598-20210113(1)_220.png" width="2048" height="2048">
  </image>
  <image id="421" name="2021.05.11/LBC598-20210113(1)/LBC598-20210113(1)_219.png" width="2048" height="2048">
  </image>
  <image id="420" name="2021.05.11/LBC598-20210113(1)/LBC598-20210113(1)_214.png" width="2048" height="2048">
  </image>
  <image id="419" name="2021.05.11/LBC598-20210113(1)/LBC598-20210113(1)_2137.png" width="2048" height="2048">
  </image>
  <image id="418" name="2021.05.11/LBC598-20210113(1)/LBC598-20210113(1)_2136.png" width="2048" height="2048">
  </image>
  <image id="417" name="2021.05.11/LBC598-20210113(1)/LBC598-20210113(1)_2135.png" width="2048" height="2048">
  </image>
  <image id="416" name="2021.05.11/LBC598-20210113(1)/LBC598-20210113(1)_2134.png" width="2048" height="2048">
  </image>
  <image id="415" name="2021.05.11/LBC598-20210113(1)/LBC598-20210113(1)_2133.png" width="2048" height="2048">
  </image>
  <image id="414" name="2021.05.11/LBC598-20210113(1)/LBC598-20210113(1)_2132.png" width="2048" height="2048">
  </image>
  <image id="222" name="2021.05.11/LBC598-20210113(1)/LBC598-20210113(1)_1481.png" width="2048" height="2048">
  </image>
  <image id="221" name="2021.05.11/LBC598-20210113(1)/LBC598-20210113(1)_1480.png" width="2048" height="2048">
  </image>
  <image id="220" name="2021.05.11/LBC598-20210113(1)/LBC598-20210113(1)_1479.png" width="2048" height="2048">
  </image>
  <image id="219" name="2021.05.11/LBC598-20210113(1)/LBC598-20210113(1)_1461.png" width="2048" height="2048">
  </image>
  <image id="218" name="2021.05.11/LBC598-20210113(1)/LBC598-20210113(1)_1460.png" width="2048" height="2048">
  </image>
  <image id="217" name="2021.05.11/LBC598-20210113(1)/LBC598-20210113(1)_1459.png" width="2048" height="2048">
  </image>
  <image id="216" name="2021.05.11/LBC598-20210113(1)/LBC598-20210113(1)_1458.png" width="2048" height="2048">
  </image>
  <image id="215" name="2021.05.11/LBC598-20210113(1)/LBC598-20210113(1)_1454.png" width="2048" height="2048">
  </image>
  <image id="214" name="2021.05.11/LBC598-20210113(1)/LBC598-20210113(1)_1450.png" width="2048" height="2048">
  </image>
  <image id="213" name="2021.05.11/LBC598-20210113(1)/LBC598-20210113(1)_1449.png" width="2048" height="2048">
  </image>
  <image id="212" name="2021.05.11/LBC598-20210113(1)/LBC598-20210113(1)_1448.png" width="2048" height="2048">
  </image>
  <image id="211" name="2021.05.11/LBC598-20210113(1)/LBC598-20210113(1)_1444.png" width="2048" height="2048">
  </image>
  <image id="210" name="2021.05.11/LBC598-20210113(1)/LBC598-20210113(1)_1443.png" width="2048" height="2048">
  </image>
  <image id="209" name="2021.05.11/LBC598-20210113(1)/LBC598-20210113(1)_1441.png" width="2048" height="2048">
  </image>
  <image id="208" name="2021.05.11/LBC598-20210113(1)/LBC598-20210113(1)_1439.png" width="2048" height="2048">
  </image>
  <image id="207" name="2021.05.11/LBC598-20210113(1)/LBC598-20210113(1)_1438.png" width="2048" height="2048">
  </image>
  <image id="206" name="2021.05.11/LBC598-20210113(1)/LBC598-20210113(1)_1437.png" width="2048" height="2048">
  </image>
  <image id="205" name="2021.05.11/LBC598-20210113(1)/LBC598-20210113(1)_1435.png" width="2048" height="2048">
  </image>
  <image id="204" name="2021.05.11/LBC598-20210113(1)/LBC598-20210113(1)_1434.png" width="2048" height="2048">
  </image>
  <image id="203" name="2021.05.11/LBC598-20210113(1)/LBC598-20210113(1)_1433.png" width="2048" height="2048">
  </image>
  <image id="202" name="2021.05.11/LBC598-20210113(1)/LBC598-20210113(1)_1432.png" width="2048" height="2048">
  </image>
  <image id="201" name="2021.05.11/LBC598-20210113(1)/LBC598-20210113(1)_1414.png" width="2048" height="2048">
  </image>
  <image id="200" name="2021.05.11/LBC598-20210113(1)/LBC598-20210113(1)_1412.png" width="2048" height="2048">
  </image>
  <image id="199" name="2021.05.11/LBC598-20210113(1)/LBC598-20210113(1)_1411.png" width="2048" height="2048">
  </image>
  <image id="198" name="2021.05.11/LBC598-20210113(1)/LBC598-20210113(1)_1410.png" width="2048" height="2048">
  </image>
  <image id="197" name="2021.05.11/LBC598-20210113(1)/LBC598-20210113(1)_1409.png" width="2048" height="2048">
  </image>
  <image id="41" name="2021.05.11/LBC598-20210113(1)/LBC598-20210113(1)_1089.png" width="2048" height="2048">
  </image>
  <image id="40" name="2021.05.11/LBC598-20210113(1)/LBC598-20210113(1)_1088.png" width="2048" height="2048">
  </image>
  <image id="39" name="2021.05.11/LBC598-20210113(1)/LBC598-20210113(1)_1084.png" width="2048" height="2048">
  </image>
  <image id="38" name="2021.05.11/LBC598-20210113(1)/LBC598-20210113(1)_1076.png" width="2048" height="2048">
  </image>
  <image id="37" name="2021.05.11/LBC598-20210113(1)/LBC598-20210113(1)_1075.png" width="2048" height="2048">
  </image>
  <image id="36" name="2021.05.11/LBC598-20210113(1)/LBC598-20210113(1)_1074.png" width="2048" height="2048">
  </image>
  <image id="35" name="2021.05.11/LBC598-20210113(1)/LBC598-20210113(1)_1069.png" width="2048" height="2048">
  </image>
  <image id="34" name="2021.05.11/LBC598-20210113(1)/LBC598-20210113(1)_1068.png" width="2048" height="2048">
  </image>
  <image id="33" name="2021.05.11/LBC598-20210113(1)/LBC598-20210113(1)_1066.png" width="2048" height="2048">
  </image>
  <image id="32" name="2021.05.11/LBC598-20210113(1)/LBC598-20210113(1)_1065.png" width="2048" height="2048">
  </image>
  <image id="31" name="2021.05.11/LBC598-20210113(1)/LBC598-20210113(1)_1063.png" width="2048" height="2048">
  </image>
  <image id="30" name="2021.05.11/LBC598-20210113(1)/LBC598-20210113(1)_1061.png" width="2048" height="2048">
  </image>
  <image id="29" name="2021.05.11/LBC598-20210113(1)/LBC598-20210113(1)_1055.png" width="2048" height="2048">
  </image>
  <image id="28" name="2021.05.11/LBC598-20210113(1)/LBC598-20210113(1)_1048.png" width="2048" height="2048">
  </image>
  <image id="27" name="2021.05.11/LBC598-20210113(1)/LBC598-20210113(1)_1047.png" width="2048" height="2048">
  </image>
  <image id="26" name="2021.05.11/LBC598-20210113(1)/LBC598-20210113(1)_1045.png" width="2048" height="2048">
  </image>
  <image id="25" name="2021.05.11/LBC598-20210113(1)/LBC598-20210113(1)_1042.png" width="2048" height="2048">
  </image>
  <image id="24" name="2021.05.11/LBC598-20210113(1)/LBC598-20210113(1)_1041.png" width="2048" height="2048">
  </image>
  <image id="23" name="2021.05.11/LBC598-20210113(1)/LBC598-20210113(1)_1040.png" width="2048" height="2048">
  </image>
  <image id="22" name="2021.05.11/LBC598-20210113(1)/LBC598-20210113(1)_104.png" width="2048" height="2048">
  </image>
  <image id="21" name="2021.05.11/LBC598-20210113(1)/LBC598-20210113(1)_1039.png" width="2048" height="2048">
  </image>
  <image id="20" name="2021.05.11/LBC598-20210113(1)/LBC598-20210113(1)_1038.png" width="2048" height="2048">
  </image>
  <image id="19" name="2021.05.11/LBC598-20210113(1)/LBC598-20210113(1)_1037.png" width="2048" height="2048">
  </image>
  <image id="18" name="2021.05.11/LBC598-20210113(1)/LBC598-20210113(1)_1035.png" width="2048" height="2048">
  </image>
  <image id="17" name="2021.05.11/LBC598-20210113(1)/LBC598-20210113(1)_1025.png" width="2048" height="2048">
  </image>
  <image id="16" name="2021.05.11/LBC598-20210113(1)/LBC598-20210113(1)_1023.png" width="2048" height="2048">
  </image>
  <image id="15" name="2021.05.11/LBC598-20210113(1)/LBC598-20210113(1)_1019.png" width="2048" height="2048">
  </image>
  <image id="14" name="2021.05.11/LBC598-20210113(1)/LBC598-20210113(1)_1018.png" width="2048" height="2048">
  </image>
  <image id="13" name="2021.05.11/LBC598-20210113(1)/LBC598-20210113(1)_1016.png" width="2048" height="2048">
  </image>
  <image id="12" name="2021.05.11/LBC598-20210113(1)/LBC598-20210113(1)_1015.png" width="2048" height="2048">
  </image>
  <image id="11" name="2021.05.11/LBC598-20210113(1)/LBC598-20210113(1)_1014.png" width="2048" height="2048">
  </image>
  <image id="10" name="2021.05.11/LBC598-20210113(1)/LBC598-20210113(1)_1013.png" width="2048" height="2048">
  </image>
  <image id="9" name="2021.05.11/LBC598-20210113(1)/LBC598-20210113(1)_1012.png" width="2048" height="2048">
  </image>
  <image id="8" name="2021.05.11/LBC598-20210113(1)/LBC598-20210113(1)_1011.png" width="2048" height="2048">
  </image>
  <image id="7" name="2021.05.11/LBC598-20210113(1)/LBC598-20210113(1)_1010.png" width="2048" height="2048">
  </image>
  <image id="6" name="2021.05.11/LBC598-20210113(1)/LBC598-20210113(1)_1009.png" width="2048" height="2048">
  </image>
  <image id="5" name="2021.05.11/LBC598-20210113(1)/LBC598-20210113(1)_1008.png" width="2048" height="2048">
  </image>
  <image id="4" name="2021.05.11/LBC598-20210113(1)/LBC598-20210113(1)_1007.png" width="2048" height="2048">
  </image>
  <image id="3" name="2021.05.11/LBC598-20210113(1)/LBC598-20210113(1)_1006.png" width="2048" height="2048">
  </image>
  <image id="2" name="2021.05.11/LBC598-20210113(1)/LBC598-20210113(1)_1005.png" width="2048" height="2048">
  </image>
  <image id="1" name="2021.05.11/LBC598-20210113(1)/LBC598-20210113(1)_1003.png" width="2048" height="2048">
  </image>
  <image id="0" name="2021.05.11/LBC598-20210113(1)/LBC598-20210113(1)_1000.png" width="2048" height="2048">
  </image>
</annotations>