<?xml version="1.0" encoding="utf-8"?>
<annotations>
  <version>1.1</version>
  <meta>
    <task>
      <id>461</id>
      <name>[AS6] LBC419-20210111</name>
      <size>679</size>
      <mode>annotation</mode>
      <overlap>0</overlap>
      <bugtracker></bugtracker>
      <created>2021-07-26 07:18:10.672323+00:00</created>
      <updated>2021-11-12 00:23:10.277299+00:00</updated>
      <start_frame>0</start_frame>
      <stop_frame>678</stop_frame>
      <frame_filter></frame_filter>
      <labels>
        <label>
          <name>AS</name>
          <color>#fff600</color>
          <attributes>
            <attribute>
              <name>Description</name>
              <mutable>False</mutable>
              <input_type>text</input_type>
              <default_value>ASC-US</default_value>
              <values>ASC-US</values>
            </attribute>
          </attributes>
        </label>
        <label>
          <name>AH</name>
          <color>#ffba00</color>
          <attributes>
            <attribute>
              <name>Description</name>
              <mutable>False</mutable>
              <input_type>text</input_type>
              <default_value>ASC-H</default_value>
              <values>ASC-H</values>
            </attribute>
          </attributes>
        </label>
        <label>
          <name>LS</name>
          <color>#ff8d00</color>
          <attributes>
            <attribute>
              <name>Description</name>
              <mutable>False</mutable>
              <input_type>text</input_type>
              <default_value>LSIL</default_value>
              <values>LSIL</values>
            </attribute>
          </attributes>
        </label>
        <label>
          <name>HS</name>
          <color>#ff5000</color>
          <attributes>
            <attribute>
              <name>Description</name>
              <mutable>False</mutable>
              <input_type>text</input_type>
              <default_value>High-grade squamous intraepithelial lesion</default_value>
              <values>High-grade squamous intraepithelial lesion</values>
            </attribute>
          </attributes>
        </label>
        <label>
          <name>HN</name>
          <color>#ff3200</color>
          <attributes>
            <attribute>
              <name>Description</name>
              <mutable>False</mutable>
              <input_type>text</input_type>
              <default_value>HSIL with features suspicious for invasion</default_value>
              <values>HSIL with features suspicious for invasion</values>
            </attribute>
          </attributes>
        </label>
        <label>
          <name>SM</name>
          <color>#ff0000</color>
          <attributes>
            <attribute>
              <name>Description</name>
              <mutable>False</mutable>
              <input_type>text</input_type>
              <default_value>Suspicious for malignancy</default_value>
              <values>Suspicious for malignancy</values>
            </attribute>
          </attributes>
        </label>
        <label>
          <name>SC</name>
          <color>#ff0000</color>
          <attributes>
            <attribute>
              <name>Description</name>
              <mutable>False</mutable>
              <input_type>text</input_type>
              <default_value>Invasive squamous cell carcinoma</default_value>
              <values>Invasive squamous cell carcinoma</values>
            </attribute>
          </attributes>
        </label>
        <label>
          <name>C</name>
          <color>#87c76b</color>
          <attributes>
            <attribute>
              <name>Description</name>
              <mutable>False</mutable>
              <input_type>text</input_type>
              <default_value>Candida albicans</default_value>
              <values>Candida albicans</values>
            </attribute>
          </attributes>
        </label>
        <label>
          <name>T</name>
          <color>#5aa72c</color>
          <attributes>
            <attribute>
              <name>Description</name>
              <mutable>False</mutable>
              <input_type>text</input_type>
              <default_value>Trichomonas vaginalis</default_value>
              <values>Trichomonas vaginalis</values>
            </attribute>
          </attributes>
        </label>
        <label>
          <name>H</name>
          <color>#5ed80c</color>
          <attributes>
            <attribute>
              <name>Description</name>
              <mutable>False</mutable>
              <input_type>text</input_type>
              <default_value>Herpes simplex virus</default_value>
              <values>Herpes simplex virus</values>
            </attribute>
          </attributes>
        </label>
        <label>
          <name>AC</name>
          <color>#0dc424</color>
          <attributes>
            <attribute>
              <name>Description</name>
              <mutable>False</mutable>
              <input_type>text</input_type>
              <default_value>Actinomyces species</default_value>
              <values>Actinomyces species</values>
            </attribute>
          </attributes>
        </label>
        <label>
          <name>Others</name>
          <color>#0e1de8</color>
          <attributes>
            <attribute>
              <name>Description</name>
              <mutable>False</mutable>
              <input_type>text</input_type>
              <default_value></default_value>
              <values></values>
            </attribute>
          </attributes>
        </label>
        <label>
          <name>판독불가</name>
          <color>#ff6037</color>
          <attributes>
          </attributes>
        </label>
      </labels>
      <segments>
        <segment>
          <id>329</id>
          <start>0</start>
          <stop>678</stop>
          <url>http://cvat.doai.ai/?id=329</url>
        </segment>
      </segments>
      <owner>
        <username>jhjang</username>
        <email>junhwanjang@doai.ai</email>
      </owner>
      <assignee></assignee>
    </task>
    <dumped>2021-11-23 01:24:34.679964+00:00</dumped>
  </meta>
  <image id="678" name="patch_images/2021.01.14/LBC419-20210111(1)/LBC419-20210111(1)_997.png" width="2048" height="2048">
  </image>
  <image id="677" name="patch_images/2021.01.14/LBC419-20210111(1)/LBC419-20210111(1)_994.png" width="2048" height="2048">
  </image>
  <image id="676" name="patch_images/2021.01.14/LBC419-20210111(1)/LBC419-20210111(1)_993.png" width="2048" height="2048">
  </image>
  <image id="675" name="patch_images/2021.01.14/LBC419-20210111(1)/LBC419-20210111(1)_992.png" width="2048" height="2048">
  </image>
  <image id="674" name="patch_images/2021.01.14/LBC419-20210111(1)/LBC419-20210111(1)_991.png" width="2048" height="2048">
  </image>
  <image id="673" name="patch_images/2021.01.14/LBC419-20210111(1)/LBC419-20210111(1)_990.png" width="2048" height="2048">
  </image>
  <image id="672" name="patch_images/2021.01.14/LBC419-20210111(1)/LBC419-20210111(1)_986.png" width="2048" height="2048">
  </image>
  <image id="671" name="patch_images/2021.01.14/LBC419-20210111(1)/LBC419-20210111(1)_984.png" width="2048" height="2048">
  </image>
  <image id="670" name="patch_images/2021.01.14/LBC419-20210111(1)/LBC419-20210111(1)_983.png" width="2048" height="2048">
  </image>
  <image id="669" name="patch_images/2021.01.14/LBC419-20210111(1)/LBC419-20210111(1)_982.png" width="2048" height="2048">
  </image>
  <image id="668" name="patch_images/2021.01.14/LBC419-20210111(1)/LBC419-20210111(1)_980.png" width="2048" height="2048">
  </image>
  <image id="667" name="patch_images/2021.01.14/LBC419-20210111(1)/LBC419-20210111(1)_98.png" width="2048" height="2048">
  </image>
  <image id="666" name="patch_images/2021.01.14/LBC419-20210111(1)/LBC419-20210111(1)_979.png" width="2048" height="2048">
  </image>
  <image id="665" name="patch_images/2021.01.14/LBC419-20210111(1)/LBC419-20210111(1)_978.png" width="2048" height="2048">
    <box label="AS" occluded="0" source="manual" xtl="404.48" ytl="487.85" xbr="718.03" ybr="709.32" z_order="0">
      <attribute name="Description">ASC-US</attribute>
    </box>
  </image>
  <image id="664" name="patch_images/2021.01.14/LBC419-20210111(1)/LBC419-20210111(1)_976.png" width="2048" height="2048">
  </image>
  <image id="663" name="patch_images/2021.01.14/LBC419-20210111(1)/LBC419-20210111(1)_975.png" width="2048" height="2048">
  </image>
  <image id="662" name="patch_images/2021.01.14/LBC419-20210111(1)/LBC419-20210111(1)_973.png" width="2048" height="2048">
  </image>
  <image id="661" name="patch_images/2021.01.14/LBC419-20210111(1)/LBC419-20210111(1)_972.png" width="2048" height="2048">
  </image>
  <image id="660" name="patch_images/2021.01.14/LBC419-20210111(1)/LBC419-20210111(1)_970.png" width="2048" height="2048">
  </image>
  <image id="659" name="patch_images/2021.01.14/LBC419-20210111(1)/LBC419-20210111(1)_967.png" width="2048" height="2048">
  </image>
  <image id="658" name="patch_images/2021.01.14/LBC419-20210111(1)/LBC419-20210111(1)_966.png" width="2048" height="2048">
  </image>
  <image id="657" name="patch_images/2021.01.14/LBC419-20210111(1)/LBC419-20210111(1)_965.png" width="2048" height="2048">
  </image>
  <image id="656" name="patch_images/2021.01.14/LBC419-20210111(1)/LBC419-20210111(1)_964.png" width="2048" height="2048">
  </image>
  <image id="655" name="patch_images/2021.01.14/LBC419-20210111(1)/LBC419-20210111(1)_963.png" width="2048" height="2048">
  </image>
  <image id="654" name="patch_images/2021.01.14/LBC419-20210111(1)/LBC419-20210111(1)_962.png" width="2048" height="2048">
  </image>
  <image id="653" name="patch_images/2021.01.14/LBC419-20210111(1)/LBC419-20210111(1)_961.png" width="2048" height="2048">
  </image>
  <image id="652" name="patch_images/2021.01.14/LBC419-20210111(1)/LBC419-20210111(1)_958.png" width="2048" height="2048">
  </image>
  <image id="651" name="patch_images/2021.01.14/LBC419-20210111(1)/LBC419-20210111(1)_947.png" width="2048" height="2048">
  </image>
  <image id="650" name="patch_images/2021.01.14/LBC419-20210111(1)/LBC419-20210111(1)_944.png" width="2048" height="2048">
  </image>
  <image id="649" name="patch_images/2021.01.14/LBC419-20210111(1)/LBC419-20210111(1)_943.png" width="2048" height="2048">
  </image>
  <image id="648" name="patch_images/2021.01.14/LBC419-20210111(1)/LBC419-20210111(1)_942.png" width="2048" height="2048">
  </image>
  <image id="647" name="patch_images/2021.01.14/LBC419-20210111(1)/LBC419-20210111(1)_941.png" width="2048" height="2048">
  </image>
  <image id="646" name="patch_images/2021.01.14/LBC419-20210111(1)/LBC419-20210111(1)_939.png" width="2048" height="2048">
  </image>
  <image id="645" name="patch_images/2021.01.14/LBC419-20210111(1)/LBC419-20210111(1)_938.png" width="2048" height="2048">
  </image>
  <image id="644" name="patch_images/2021.01.14/LBC419-20210111(1)/LBC419-20210111(1)_937.png" width="2048" height="2048">
  </image>
  <image id="643" name="patch_images/2021.01.14/LBC419-20210111(1)/LBC419-20210111(1)_936.png" width="2048" height="2048">
  </image>
  <image id="642" name="patch_images/2021.01.14/LBC419-20210111(1)/LBC419-20210111(1)_933.png" width="2048" height="2048">
  </image>
  <image id="641" name="patch_images/2021.01.14/LBC419-20210111(1)/LBC419-20210111(1)_932.png" width="2048" height="2048">
  </image>
  <image id="640" name="patch_images/2021.01.14/LBC419-20210111(1)/LBC419-20210111(1)_930.png" width="2048" height="2048">
  </image>
  <image id="639" name="patch_images/2021.01.14/LBC419-20210111(1)/LBC419-20210111(1)_929.png" width="2048" height="2048">
  </image>
  <image id="638" name="patch_images/2021.01.14/LBC419-20210111(1)/LBC419-20210111(1)_927.png" width="2048" height="2048">
  </image>
  <image id="637" name="patch_images/2021.01.14/LBC419-20210111(1)/LBC419-20210111(1)_926.png" width="2048" height="2048">
  </image>
  <image id="636" name="patch_images/2021.01.14/LBC419-20210111(1)/LBC419-20210111(1)_922.png" width="2048" height="2048">
  </image>
  <image id="635" name="patch_images/2021.01.14/LBC419-20210111(1)/LBC419-20210111(1)_921.png" width="2048" height="2048">
  </image>
  <image id="634" name="patch_images/2021.01.14/LBC419-20210111(1)/LBC419-20210111(1)_919.png" width="2048" height="2048">
  </image>
  <image id="633" name="patch_images/2021.01.14/LBC419-20210111(1)/LBC419-20210111(1)_917.png" width="2048" height="2048">
  </image>
  <image id="632" name="patch_images/2021.01.14/LBC419-20210111(1)/LBC419-20210111(1)_915.png" width="2048" height="2048">
  </image>
  <image id="631" name="patch_images/2021.01.14/LBC419-20210111(1)/LBC419-20210111(1)_911.png" width="2048" height="2048">
  </image>
  <image id="630" name="patch_images/2021.01.14/LBC419-20210111(1)/LBC419-20210111(1)_910.png" width="2048" height="2048">
  </image>
  <image id="629" name="patch_images/2021.01.14/LBC419-20210111(1)/LBC419-20210111(1)_909.png" width="2048" height="2048">
  </image>
  <image id="628" name="patch_images/2021.01.14/LBC419-20210111(1)/LBC419-20210111(1)_908.png" width="2048" height="2048">
  </image>
  <image id="627" name="patch_images/2021.01.14/LBC419-20210111(1)/LBC419-20210111(1)_898.png" width="2048" height="2048">
  </image>
  <image id="626" name="patch_images/2021.01.14/LBC419-20210111(1)/LBC419-20210111(1)_897.png" width="2048" height="2048">
  </image>
  <image id="625" name="patch_images/2021.01.14/LBC419-20210111(1)/LBC419-20210111(1)_890.png" width="2048" height="2048">
  </image>
  <image id="624" name="patch_images/2021.01.14/LBC419-20210111(1)/LBC419-20210111(1)_889.png" width="2048" height="2048">
  </image>
  <image id="623" name="patch_images/2021.01.14/LBC419-20210111(1)/LBC419-20210111(1)_888.png" width="2048" height="2048">
  </image>
  <image id="622" name="patch_images/2021.01.14/LBC419-20210111(1)/LBC419-20210111(1)_887.png" width="2048" height="2048">
  </image>
  <image id="621" name="patch_images/2021.01.14/LBC419-20210111(1)/LBC419-20210111(1)_885.png" width="2048" height="2048">
  </image>
  <image id="620" name="patch_images/2021.01.14/LBC419-20210111(1)/LBC419-20210111(1)_884.png" width="2048" height="2048">
  </image>
  <image id="619" name="patch_images/2021.01.14/LBC419-20210111(1)/LBC419-20210111(1)_882.png" width="2048" height="2048">
  </image>
  <image id="618" name="patch_images/2021.01.14/LBC419-20210111(1)/LBC419-20210111(1)_880.png" width="2048" height="2048">
  </image>
  <image id="617" name="patch_images/2021.01.14/LBC419-20210111(1)/LBC419-20210111(1)_879.png" width="2048" height="2048">
  </image>
  <image id="616" name="patch_images/2021.01.14/LBC419-20210111(1)/LBC419-20210111(1)_878.png" width="2048" height="2048">
  </image>
  <image id="615" name="patch_images/2021.01.14/LBC419-20210111(1)/LBC419-20210111(1)_875.png" width="2048" height="2048">
  </image>
  <image id="614" name="patch_images/2021.01.14/LBC419-20210111(1)/LBC419-20210111(1)_871.png" width="2048" height="2048">
  </image>
  <image id="613" name="patch_images/2021.01.14/LBC419-20210111(1)/LBC419-20210111(1)_869.png" width="2048" height="2048">
  </image>
  <image id="612" name="patch_images/2021.01.14/LBC419-20210111(1)/LBC419-20210111(1)_866.png" width="2048" height="2048">
  </image>
  <image id="611" name="patch_images/2021.01.14/LBC419-20210111(1)/LBC419-20210111(1)_864.png" width="2048" height="2048">
  </image>
  <image id="610" name="patch_images/2021.01.14/LBC419-20210111(1)/LBC419-20210111(1)_863.png" width="2048" height="2048">
  </image>
  <image id="609" name="patch_images/2021.01.14/LBC419-20210111(1)/LBC419-20210111(1)_860.png" width="2048" height="2048">
  </image>
  <image id="608" name="patch_images/2021.01.14/LBC419-20210111(1)/LBC419-20210111(1)_858.png" width="2048" height="2048">
  </image>
  <image id="607" name="patch_images/2021.01.14/LBC419-20210111(1)/LBC419-20210111(1)_848.png" width="2048" height="2048">
  </image>
  <image id="606" name="patch_images/2021.01.14/LBC419-20210111(1)/LBC419-20210111(1)_847.png" width="2048" height="2048">
  </image>
  <image id="605" name="patch_images/2021.01.14/LBC419-20210111(1)/LBC419-20210111(1)_842.png" width="2048" height="2048">
  </image>
  <image id="604" name="patch_images/2021.01.14/LBC419-20210111(1)/LBC419-20210111(1)_839.png" width="2048" height="2048">
  </image>
  <image id="603" name="patch_images/2021.01.14/LBC419-20210111(1)/LBC419-20210111(1)_835.png" width="2048" height="2048">
  </image>
  <image id="602" name="patch_images/2021.01.14/LBC419-20210111(1)/LBC419-20210111(1)_834.png" width="2048" height="2048">
  </image>
  <image id="601" name="patch_images/2021.01.14/LBC419-20210111(1)/LBC419-20210111(1)_833.png" width="2048" height="2048">
  </image>
  <image id="600" name="patch_images/2021.01.14/LBC419-20210111(1)/LBC419-20210111(1)_829.png" width="2048" height="2048">
  </image>
  <image id="599" name="patch_images/2021.01.14/LBC419-20210111(1)/LBC419-20210111(1)_828.png" width="2048" height="2048">
  </image>
  <image id="598" name="patch_images/2021.01.14/LBC419-20210111(1)/LBC419-20210111(1)_827.png" width="2048" height="2048">
  </image>
  <image id="597" name="patch_images/2021.01.14/LBC419-20210111(1)/LBC419-20210111(1)_826.png" width="2048" height="2048">
  </image>
  <image id="596" name="patch_images/2021.01.14/LBC419-20210111(1)/LBC419-20210111(1)_824.png" width="2048" height="2048">
  </image>
  <image id="595" name="patch_images/2021.01.14/LBC419-20210111(1)/LBC419-20210111(1)_822.png" width="2048" height="2048">
  </image>
  <image id="594" name="patch_images/2021.01.14/LBC419-20210111(1)/LBC419-20210111(1)_820.png" width="2048" height="2048">
  </image>
  <image id="593" name="patch_images/2021.01.14/LBC419-20210111(1)/LBC419-20210111(1)_818.png" width="2048" height="2048">
  </image>
  <image id="592" name="patch_images/2021.01.14/LBC419-20210111(1)/LBC419-20210111(1)_814.png" width="2048" height="2048">
  </image>
  <image id="591" name="patch_images/2021.01.14/LBC419-20210111(1)/LBC419-20210111(1)_813.png" width="2048" height="2048">
  </image>
  <image id="590" name="patch_images/2021.01.14/LBC419-20210111(1)/LBC419-20210111(1)_812.png" width="2048" height="2048">
  </image>
  <image id="589" name="patch_images/2021.01.14/LBC419-20210111(1)/LBC419-20210111(1)_811.png" width="2048" height="2048">
  </image>
  <image id="588" name="patch_images/2021.01.14/LBC419-20210111(1)/LBC419-20210111(1)_809.png" width="2048" height="2048">
  </image>
  <image id="587" name="patch_images/2021.01.14/LBC419-20210111(1)/LBC419-20210111(1)_798.png" width="2048" height="2048">
  </image>
  <image id="586" name="patch_images/2021.01.14/LBC419-20210111(1)/LBC419-20210111(1)_797.png" width="2048" height="2048">
  </image>
  <image id="585" name="patch_images/2021.01.14/LBC419-20210111(1)/LBC419-20210111(1)_795.png" width="2048" height="2048">
  </image>
  <image id="584" name="patch_images/2021.01.14/LBC419-20210111(1)/LBC419-20210111(1)_788.png" width="2048" height="2048">
  </image>
  <image id="583" name="patch_images/2021.01.14/LBC419-20210111(1)/LBC419-20210111(1)_787.png" width="2048" height="2048">
  </image>
  <image id="582" name="patch_images/2021.01.14/LBC419-20210111(1)/LBC419-20210111(1)_785.png" width="2048" height="2048">
  </image>
  <image id="581" name="patch_images/2021.01.14/LBC419-20210111(1)/LBC419-20210111(1)_784.png" width="2048" height="2048">
  </image>
  <image id="580" name="patch_images/2021.01.14/LBC419-20210111(1)/LBC419-20210111(1)_783.png" width="2048" height="2048">
  </image>
  <image id="579" name="patch_images/2021.01.14/LBC419-20210111(1)/LBC419-20210111(1)_782.png" width="2048" height="2048">
  </image>
  <image id="578" name="patch_images/2021.01.14/LBC419-20210111(1)/LBC419-20210111(1)_780.png" width="2048" height="2048">
  </image>
  <image id="577" name="patch_images/2021.01.14/LBC419-20210111(1)/LBC419-20210111(1)_779.png" width="2048" height="2048">
  </image>
  <image id="576" name="patch_images/2021.01.14/LBC419-20210111(1)/LBC419-20210111(1)_778.png" width="2048" height="2048">
  </image>
  <image id="575" name="patch_images/2021.01.14/LBC419-20210111(1)/LBC419-20210111(1)_777.png" width="2048" height="2048">
  </image>
  <image id="574" name="patch_images/2021.01.14/LBC419-20210111(1)/LBC419-20210111(1)_776.png" width="2048" height="2048">
  </image>
  <image id="573" name="patch_images/2021.01.14/LBC419-20210111(1)/LBC419-20210111(1)_773.png" width="2048" height="2048">
  </image>
  <image id="572" name="patch_images/2021.01.14/LBC419-20210111(1)/LBC419-20210111(1)_772.png" width="2048" height="2048">
  </image>
  <image id="571" name="patch_images/2021.01.14/LBC419-20210111(1)/LBC419-20210111(1)_771.png" width="2048" height="2048">
  </image>
  <image id="570" name="patch_images/2021.01.14/LBC419-20210111(1)/LBC419-20210111(1)_770.png" width="2048" height="2048">
  </image>
  <image id="569" name="patch_images/2021.01.14/LBC419-20210111(1)/LBC419-20210111(1)_769.png" width="2048" height="2048">
  </image>
  <image id="568" name="patch_images/2021.01.14/LBC419-20210111(1)/LBC419-20210111(1)_768.png" width="2048" height="2048">
  </image>
  <image id="567" name="patch_images/2021.01.14/LBC419-20210111(1)/LBC419-20210111(1)_767.png" width="2048" height="2048">
  </image>
  <image id="566" name="patch_images/2021.01.14/LBC419-20210111(1)/LBC419-20210111(1)_766.png" width="2048" height="2048">
  </image>
  <image id="565" name="patch_images/2021.01.14/LBC419-20210111(1)/LBC419-20210111(1)_765.png" width="2048" height="2048">
  </image>
  <image id="564" name="patch_images/2021.01.14/LBC419-20210111(1)/LBC419-20210111(1)_764.png" width="2048" height="2048">
  </image>
  <image id="563" name="patch_images/2021.01.14/LBC419-20210111(1)/LBC419-20210111(1)_763.png" width="2048" height="2048">
  </image>
  <image id="562" name="patch_images/2021.01.14/LBC419-20210111(1)/LBC419-20210111(1)_761.png" width="2048" height="2048">
  </image>
  <image id="561" name="patch_images/2021.01.14/LBC419-20210111(1)/LBC419-20210111(1)_747.png" width="2048" height="2048">
  </image>
  <image id="560" name="patch_images/2021.01.14/LBC419-20210111(1)/LBC419-20210111(1)_740.png" width="2048" height="2048">
  </image>
  <image id="552" name="patch_images/2021.01.14/LBC419-20210111(1)/LBC419-20210111(1)_726.png" width="2048" height="2048">
  </image>
  <image id="551" name="patch_images/2021.01.14/LBC419-20210111(1)/LBC419-20210111(1)_725.png" width="2048" height="2048">
  </image>
  <image id="550" name="patch_images/2021.01.14/LBC419-20210111(1)/LBC419-20210111(1)_723.png" width="2048" height="2048">
  </image>
  <image id="549" name="patch_images/2021.01.14/LBC419-20210111(1)/LBC419-20210111(1)_722.png" width="2048" height="2048">
  </image>
  <image id="548" name="patch_images/2021.01.14/LBC419-20210111(1)/LBC419-20210111(1)_721.png" width="2048" height="2048">
  </image>
  <image id="547" name="patch_images/2021.01.14/LBC419-20210111(1)/LBC419-20210111(1)_720.png" width="2048" height="2048">
  </image>
  <image id="546" name="patch_images/2021.01.14/LBC419-20210111(1)/LBC419-20210111(1)_719.png" width="2048" height="2048">
  </image>
  <image id="545" name="patch_images/2021.01.14/LBC419-20210111(1)/LBC419-20210111(1)_718.png" width="2048" height="2048">
  </image>
  <image id="544" name="patch_images/2021.01.14/LBC419-20210111(1)/LBC419-20210111(1)_717.png" width="2048" height="2048">
  </image>
  <image id="543" name="patch_images/2021.01.14/LBC419-20210111(1)/LBC419-20210111(1)_716.png" width="2048" height="2048">
  </image>
  <image id="542" name="patch_images/2021.01.14/LBC419-20210111(1)/LBC419-20210111(1)_715.png" width="2048" height="2048">
  </image>
  <image id="541" name="patch_images/2021.01.14/LBC419-20210111(1)/LBC419-20210111(1)_714.png" width="2048" height="2048">
  </image>
  <image id="540" name="patch_images/2021.01.14/LBC419-20210111(1)/LBC419-20210111(1)_713.png" width="2048" height="2048">
  </image>
  <image id="539" name="patch_images/2021.01.14/LBC419-20210111(1)/LBC419-20210111(1)_709.png" width="2048" height="2048">
  </image>
  <image id="538" name="patch_images/2021.01.14/LBC419-20210111(1)/LBC419-20210111(1)_698.png" width="2048" height="2048">
  </image>
  <image id="537" name="patch_images/2021.01.14/LBC419-20210111(1)/LBC419-20210111(1)_697.png" width="2048" height="2048">
  </image>
  <image id="536" name="patch_images/2021.01.14/LBC419-20210111(1)/LBC419-20210111(1)_695.png" width="2048" height="2048">
  </image>
  <image id="535" name="patch_images/2021.01.14/LBC419-20210111(1)/LBC419-20210111(1)_690.png" width="2048" height="2048">
  </image>
  <image id="534" name="patch_images/2021.01.14/LBC419-20210111(1)/LBC419-20210111(1)_685.png" width="2048" height="2048">
  </image>
  <image id="533" name="patch_images/2021.01.14/LBC419-20210111(1)/LBC419-20210111(1)_684.png" width="2048" height="2048">
  </image>
  <image id="532" name="patch_images/2021.01.14/LBC419-20210111(1)/LBC419-20210111(1)_683.png" width="2048" height="2048">
  </image>
  <image id="531" name="patch_images/2021.01.14/LBC419-20210111(1)/LBC419-20210111(1)_682.png" width="2048" height="2048">
  </image>
  <image id="530" name="patch_images/2021.01.14/LBC419-20210111(1)/LBC419-20210111(1)_681.png" width="2048" height="2048">
  </image>
  <image id="529" name="patch_images/2021.01.14/LBC419-20210111(1)/LBC419-20210111(1)_680.png" width="2048" height="2048">
  </image>
  <image id="528" name="patch_images/2021.01.14/LBC419-20210111(1)/LBC419-20210111(1)_678.png" width="2048" height="2048">
  </image>
  <image id="527" name="patch_images/2021.01.14/LBC419-20210111(1)/LBC419-20210111(1)_676.png" width="2048" height="2048">
  </image>
  <image id="526" name="patch_images/2021.01.14/LBC419-20210111(1)/LBC419-20210111(1)_673.png" width="2048" height="2048">
  </image>
  <image id="525" name="patch_images/2021.01.14/LBC419-20210111(1)/LBC419-20210111(1)_672.png" width="2048" height="2048">
  </image>
  <image id="524" name="patch_images/2021.01.14/LBC419-20210111(1)/LBC419-20210111(1)_671.png" width="2048" height="2048">
  </image>
  <image id="523" name="patch_images/2021.01.14/LBC419-20210111(1)/LBC419-20210111(1)_670.png" width="2048" height="2048">
  </image>
  <image id="522" name="patch_images/2021.01.14/LBC419-20210111(1)/LBC419-20210111(1)_666.png" width="2048" height="2048">
  </image>
  <image id="521" name="patch_images/2021.01.14/LBC419-20210111(1)/LBC419-20210111(1)_662.png" width="2048" height="2048">
  </image>
  <image id="520" name="patch_images/2021.01.14/LBC419-20210111(1)/LBC419-20210111(1)_648.png" width="2048" height="2048">
  </image>
  <image id="519" name="patch_images/2021.01.14/LBC419-20210111(1)/LBC419-20210111(1)_647.png" width="2048" height="2048">
  </image>
  <image id="518" name="patch_images/2021.01.14/LBC419-20210111(1)/LBC419-20210111(1)_643.png" width="2048" height="2048">
  </image>
  <image id="517" name="patch_images/2021.01.14/LBC419-20210111(1)/LBC419-20210111(1)_642.png" width="2048" height="2048">
  </image>
  <image id="516" name="patch_images/2021.01.14/LBC419-20210111(1)/LBC419-20210111(1)_641.png" width="2048" height="2048">
  </image>
  <image id="515" name="patch_images/2021.01.14/LBC419-20210111(1)/LBC419-20210111(1)_640.png" width="2048" height="2048">
  </image>
  <image id="514" name="patch_images/2021.01.14/LBC419-20210111(1)/LBC419-20210111(1)_639.png" width="2048" height="2048">
  </image>
  <image id="513" name="patch_images/2021.01.14/LBC419-20210111(1)/LBC419-20210111(1)_638.png" width="2048" height="2048">
  </image>
  <image id="512" name="patch_images/2021.01.14/LBC419-20210111(1)/LBC419-20210111(1)_634.png" width="2048" height="2048">
  </image>
  <image id="511" name="patch_images/2021.01.14/LBC419-20210111(1)/LBC419-20210111(1)_633.png" width="2048" height="2048">
  </image>
  <image id="510" name="patch_images/2021.01.14/LBC419-20210111(1)/LBC419-20210111(1)_632.png" width="2048" height="2048">
  </image>
  <image id="509" name="patch_images/2021.01.14/LBC419-20210111(1)/LBC419-20210111(1)_630.png" width="2048" height="2048">
  </image>
  <image id="508" name="patch_images/2021.01.14/LBC419-20210111(1)/LBC419-20210111(1)_629.png" width="2048" height="2048">
  </image>
  <image id="507" name="patch_images/2021.01.14/LBC419-20210111(1)/LBC419-20210111(1)_627.png" width="2048" height="2048">
  </image>
  <image id="506" name="patch_images/2021.01.14/LBC419-20210111(1)/LBC419-20210111(1)_626.png" width="2048" height="2048">
  </image>
  <image id="505" name="patch_images/2021.01.14/LBC419-20210111(1)/LBC419-20210111(1)_623.png" width="2048" height="2048">
  </image>
  <image id="504" name="patch_images/2021.01.14/LBC419-20210111(1)/LBC419-20210111(1)_622.png" width="2048" height="2048">
  </image>
  <image id="503" name="patch_images/2021.01.14/LBC419-20210111(1)/LBC419-20210111(1)_621.png" width="2048" height="2048">
  </image>
  <image id="502" name="patch_images/2021.01.14/LBC419-20210111(1)/LBC419-20210111(1)_620.png" width="2048" height="2048">
  </image>
  <image id="501" name="patch_images/2021.01.14/LBC419-20210111(1)/LBC419-20210111(1)_619.png" width="2048" height="2048">
  </image>
  <image id="500" name="patch_images/2021.01.14/LBC419-20210111(1)/LBC419-20210111(1)_618.png" width="2048" height="2048">
  </image>
  <image id="499" name="patch_images/2021.01.14/LBC419-20210111(1)/LBC419-20210111(1)_617.png" width="2048" height="2048">
  </image>
  <image id="498" name="patch_images/2021.01.14/LBC419-20210111(1)/LBC419-20210111(1)_615.png" width="2048" height="2048">
  </image>
  <image id="497" name="patch_images/2021.01.14/LBC419-20210111(1)/LBC419-20210111(1)_614.png" width="2048" height="2048">
  </image>
  <image id="496" name="patch_images/2021.01.14/LBC419-20210111(1)/LBC419-20210111(1)_611.png" width="2048" height="2048">
  </image>
  <image id="495" name="patch_images/2021.01.14/LBC419-20210111(1)/LBC419-20210111(1)_610.png" width="2048" height="2048">
  </image>
  <image id="494" name="patch_images/2021.01.14/LBC419-20210111(1)/LBC419-20210111(1)_598.png" width="2048" height="2048">
  </image>
  <image id="493" name="patch_images/2021.01.14/LBC419-20210111(1)/LBC419-20210111(1)_597.png" width="2048" height="2048">
  </image>
  <image id="492" name="patch_images/2021.01.14/LBC419-20210111(1)/LBC419-20210111(1)_593.png" width="2048" height="2048">
  </image>
  <image id="491" name="patch_images/2021.01.14/LBC419-20210111(1)/LBC419-20210111(1)_592.png" width="2048" height="2048">
  </image>
  <image id="490" name="patch_images/2021.01.14/LBC419-20210111(1)/LBC419-20210111(1)_591.png" width="2048" height="2048">
  </image>
  <image id="489" name="patch_images/2021.01.14/LBC419-20210111(1)/LBC419-20210111(1)_590.png" width="2048" height="2048">
  </image>
  <image id="488" name="patch_images/2021.01.14/LBC419-20210111(1)/LBC419-20210111(1)_589.png" width="2048" height="2048">
  </image>
  <image id="487" name="patch_images/2021.01.14/LBC419-20210111(1)/LBC419-20210111(1)_587.png" width="2048" height="2048">
  </image>
  <image id="486" name="patch_images/2021.01.14/LBC419-20210111(1)/LBC419-20210111(1)_582.png" width="2048" height="2048">
  </image>
  <image id="485" name="patch_images/2021.01.14/LBC419-20210111(1)/LBC419-20210111(1)_581.png" width="2048" height="2048">
  </image>
  <image id="484" name="patch_images/2021.01.14/LBC419-20210111(1)/LBC419-20210111(1)_580.png" width="2048" height="2048">
  </image>
  <image id="483" name="patch_images/2021.01.14/LBC419-20210111(1)/LBC419-20210111(1)_579.png" width="2048" height="2048">
  </image>
  <image id="482" name="patch_images/2021.01.14/LBC419-20210111(1)/LBC419-20210111(1)_577.png" width="2048" height="2048">
  </image>
  <image id="481" name="patch_images/2021.01.14/LBC419-20210111(1)/LBC419-20210111(1)_575.png" width="2048" height="2048">
  </image>
  <image id="480" name="patch_images/2021.01.14/LBC419-20210111(1)/LBC419-20210111(1)_573.png" width="2048" height="2048">
  </image>
  <image id="479" name="patch_images/2021.01.14/LBC419-20210111(1)/LBC419-20210111(1)_572.png" width="2048" height="2048">
  </image>
  <image id="478" name="patch_images/2021.01.14/LBC419-20210111(1)/LBC419-20210111(1)_571.png" width="2048" height="2048">
  </image>
  <image id="477" name="patch_images/2021.01.14/LBC419-20210111(1)/LBC419-20210111(1)_570.png" width="2048" height="2048">
  </image>
  <image id="476" name="patch_images/2021.01.14/LBC419-20210111(1)/LBC419-20210111(1)_569.png" width="2048" height="2048">
  </image>
  <image id="475" name="patch_images/2021.01.14/LBC419-20210111(1)/LBC419-20210111(1)_568.png" width="2048" height="2048">
  </image>
  <image id="474" name="patch_images/2021.01.14/LBC419-20210111(1)/LBC419-20210111(1)_567.png" width="2048" height="2048">
  </image>
  <image id="473" name="patch_images/2021.01.14/LBC419-20210111(1)/LBC419-20210111(1)_564.png" width="2048" height="2048">
  </image>
  <image id="472" name="patch_images/2021.01.14/LBC419-20210111(1)/LBC419-20210111(1)_548.png" width="2048" height="2048">
  </image>
  <image id="471" name="patch_images/2021.01.14/LBC419-20210111(1)/LBC419-20210111(1)_547.png" width="2048" height="2048">
  </image>
  <image id="470" name="patch_images/2021.01.14/LBC419-20210111(1)/LBC419-20210111(1)_543.png" width="2048" height="2048">
  </image>
  <image id="469" name="patch_images/2021.01.14/LBC419-20210111(1)/LBC419-20210111(1)_542.png" width="2048" height="2048">
  </image>
  <image id="468" name="patch_images/2021.01.14/LBC419-20210111(1)/LBC419-20210111(1)_540.png" width="2048" height="2048">
  </image>
  <image id="467" name="patch_images/2021.01.14/LBC419-20210111(1)/LBC419-20210111(1)_539.png" width="2048" height="2048">
  </image>
  <image id="466" name="patch_images/2021.01.14/LBC419-20210111(1)/LBC419-20210111(1)_538.png" width="2048" height="2048">
  </image>
  <image id="465" name="patch_images/2021.01.14/LBC419-20210111(1)/LBC419-20210111(1)_533.png" width="2048" height="2048">
  </image>
  <image id="464" name="patch_images/2021.01.14/LBC419-20210111(1)/LBC419-20210111(1)_532.png" width="2048" height="2048">
  </image>
  <image id="463" name="patch_images/2021.01.14/LBC419-20210111(1)/LBC419-20210111(1)_531.png" width="2048" height="2048">
  </image>
  <image id="462" name="patch_images/2021.01.14/LBC419-20210111(1)/LBC419-20210111(1)_528.png" width="2048" height="2048">
  </image>
  <image id="461" name="patch_images/2021.01.14/LBC419-20210111(1)/LBC419-20210111(1)_526.png" width="2048" height="2048">
  </image>
  <image id="460" name="patch_images/2021.01.14/LBC419-20210111(1)/LBC419-20210111(1)_525.png" width="2048" height="2048">
  </image>
  <image id="459" name="patch_images/2021.01.14/LBC419-20210111(1)/LBC419-20210111(1)_522.png" width="2048" height="2048">
  </image>
  <image id="458" name="patch_images/2021.01.14/LBC419-20210111(1)/LBC419-20210111(1)_521.png" width="2048" height="2048">
  </image>
  <image id="457" name="patch_images/2021.01.14/LBC419-20210111(1)/LBC419-20210111(1)_520.png" width="2048" height="2048">
  </image>
  <image id="456" name="patch_images/2021.01.14/LBC419-20210111(1)/LBC419-20210111(1)_519.png" width="2048" height="2048">
  </image>
  <image id="455" name="patch_images/2021.01.14/LBC419-20210111(1)/LBC419-20210111(1)_517.png" width="2048" height="2048">
  </image>
  <image id="454" name="patch_images/2021.01.14/LBC419-20210111(1)/LBC419-20210111(1)_513.png" width="2048" height="2048">
  </image>
  <image id="453" name="patch_images/2021.01.14/LBC419-20210111(1)/LBC419-20210111(1)_511.png" width="2048" height="2048">
  </image>
  <image id="452" name="patch_images/2021.01.14/LBC419-20210111(1)/LBC419-20210111(1)_498.png" width="2048" height="2048">
  </image>
  <image id="451" name="patch_images/2021.01.14/LBC419-20210111(1)/LBC419-20210111(1)_497.png" width="2048" height="2048">
  </image>
  <image id="450" name="patch_images/2021.01.14/LBC419-20210111(1)/LBC419-20210111(1)_493.png" width="2048" height="2048">
  </image>
  <image id="449" name="patch_images/2021.01.14/LBC419-20210111(1)/LBC419-20210111(1)_492.png" width="2048" height="2048">
  </image>
  <image id="448" name="patch_images/2021.01.14/LBC419-20210111(1)/LBC419-20210111(1)_491.png" width="2048" height="2048">
  </image>
  <image id="447" name="patch_images/2021.01.14/LBC419-20210111(1)/LBC419-20210111(1)_490.png" width="2048" height="2048">
  </image>
  <image id="446" name="patch_images/2021.01.14/LBC419-20210111(1)/LBC419-20210111(1)_489.png" width="2048" height="2048">
  </image>
  <image id="445" name="patch_images/2021.01.14/LBC419-20210111(1)/LBC419-20210111(1)_486.png" width="2048" height="2048">
  </image>
  <image id="444" name="patch_images/2021.01.14/LBC419-20210111(1)/LBC419-20210111(1)_485.png" width="2048" height="2048">
  </image>
  <image id="443" name="patch_images/2021.01.14/LBC419-20210111(1)/LBC419-20210111(1)_484.png" width="2048" height="2048">
  </image>
  <image id="442" name="patch_images/2021.01.14/LBC419-20210111(1)/LBC419-20210111(1)_48.png" width="2048" height="2048">
  </image>
  <image id="441" name="patch_images/2021.01.14/LBC419-20210111(1)/LBC419-20210111(1)_475.png" width="2048" height="2048">
  </image>
  <image id="440" name="patch_images/2021.01.14/LBC419-20210111(1)/LBC419-20210111(1)_47.png" width="2048" height="2048">
  </image>
  <image id="439" name="patch_images/2021.01.14/LBC419-20210111(1)/LBC419-20210111(1)_469.png" width="2048" height="2048">
    <box label="AS" occluded="0" source="manual" xtl="787.71" ytl="321.12" xbr="949.45" ybr="453.01" z_order="0">
      <attribute name="Description">ASC-US</attribute>
    </box>
  </image>
  <image id="438" name="patch_images/2021.01.14/LBC419-20210111(1)/LBC419-20210111(1)_468.png" width="2048" height="2048">
  </image>
  <image id="437" name="patch_images/2021.01.14/LBC419-20210111(1)/LBC419-20210111(1)_463.png" width="2048" height="2048">
    <box label="AS" occluded="0" source="manual" xtl="748.93" ytl="371.15" xbr="1352.67" ybr="870.65" z_order="0">
      <attribute name="Description">ASC-US</attribute>
    </box>
  </image>
  <image id="436" name="patch_images/2021.01.14/LBC419-20210111(1)/LBC419-20210111(1)_448.png" width="2048" height="2048">
  </image>
  <image id="435" name="patch_images/2021.01.14/LBC419-20210111(1)/LBC419-20210111(1)_447.png" width="2048" height="2048">
  </image>
  <image id="434" name="patch_images/2021.01.14/LBC419-20210111(1)/LBC419-20210111(1)_442.png" width="2048" height="2048">
  </image>
  <image id="433" name="patch_images/2021.01.14/LBC419-20210111(1)/LBC419-20210111(1)_441.png" width="2048" height="2048">
  </image>
  <image id="432" name="patch_images/2021.01.14/LBC419-20210111(1)/LBC419-20210111(1)_440.png" width="2048" height="2048">
  </image>
  <image id="431" name="patch_images/2021.01.14/LBC419-20210111(1)/LBC419-20210111(1)_439.png" width="2048" height="2048">
  </image>
  <image id="430" name="patch_images/2021.01.14/LBC419-20210111(1)/LBC419-20210111(1)_434.png" width="2048" height="2048">
  </image>
  <image id="429" name="patch_images/2021.01.14/LBC419-20210111(1)/LBC419-20210111(1)_431.png" width="2048" height="2048">
  </image>
  <image id="428" name="patch_images/2021.01.14/LBC419-20210111(1)/LBC419-20210111(1)_430.png" width="2048" height="2048">
  </image>
  <image id="427" name="patch_images/2021.01.14/LBC419-20210111(1)/LBC419-20210111(1)_429.png" width="2048" height="2048">
  </image>
  <image id="426" name="patch_images/2021.01.14/LBC419-20210111(1)/LBC419-20210111(1)_428.png" width="2048" height="2048">
  </image>
  <image id="425" name="patch_images/2021.01.14/LBC419-20210111(1)/LBC419-20210111(1)_426.png" width="2048" height="2048">
  </image>
  <image id="424" name="patch_images/2021.01.14/LBC419-20210111(1)/LBC419-20210111(1)_424.png" width="2048" height="2048">
  </image>
  <image id="423" name="patch_images/2021.01.14/LBC419-20210111(1)/LBC419-20210111(1)_420.png" width="2048" height="2048">
  </image>
  <image id="422" name="patch_images/2021.01.14/LBC419-20210111(1)/LBC419-20210111(1)_418.png" width="2048" height="2048">
  </image>
  <image id="421" name="patch_images/2021.01.14/LBC419-20210111(1)/LBC419-20210111(1)_414.png" width="2048" height="2048">
  </image>
  <image id="420" name="patch_images/2021.01.14/LBC419-20210111(1)/LBC419-20210111(1)_398.png" width="2048" height="2048">
  </image>
  <image id="419" name="patch_images/2021.01.14/LBC419-20210111(1)/LBC419-20210111(1)_397.png" width="2048" height="2048">
  </image>
  <image id="418" name="patch_images/2021.01.14/LBC419-20210111(1)/LBC419-20210111(1)_383.png" width="2048" height="2048">
  </image>
  <image id="417" name="patch_images/2021.01.14/LBC419-20210111(1)/LBC419-20210111(1)_382.png" width="2048" height="2048">
  </image>
  <image id="416" name="patch_images/2021.01.14/LBC419-20210111(1)/LBC419-20210111(1)_379.png" width="2048" height="2048">
  </image>
  <image id="415" name="patch_images/2021.01.14/LBC419-20210111(1)/LBC419-20210111(1)_372.png" width="2048" height="2048">
  </image>
  <image id="414" name="patch_images/2021.01.14/LBC419-20210111(1)/LBC419-20210111(1)_348.png" width="2048" height="2048">
  </image>
  <image id="413" name="patch_images/2021.01.14/LBC419-20210111(1)/LBC419-20210111(1)_347.png" width="2048" height="2048">
  </image>
  <image id="412" name="patch_images/2021.01.14/LBC419-20210111(1)/LBC419-20210111(1)_336.png" width="2048" height="2048">
  </image>
  <image id="411" name="patch_images/2021.01.14/LBC419-20210111(1)/LBC419-20210111(1)_335.png" width="2048" height="2048">
  </image>
  <image id="410" name="patch_images/2021.01.14/LBC419-20210111(1)/LBC419-20210111(1)_332.png" width="2048" height="2048">
  </image>
  <image id="409" name="patch_images/2021.01.14/LBC419-20210111(1)/LBC419-20210111(1)_331.png" width="2048" height="2048">
  </image>
  <image id="408" name="patch_images/2021.01.14/LBC419-20210111(1)/LBC419-20210111(1)_330.png" width="2048" height="2048">
  </image>
  <image id="407" name="patch_images/2021.01.14/LBC419-20210111(1)/LBC419-20210111(1)_329.png" width="2048" height="2048">
  </image>
  <image id="406" name="patch_images/2021.01.14/LBC419-20210111(1)/LBC419-20210111(1)_326.png" width="2048" height="2048">
  </image>
  <image id="405" name="patch_images/2021.01.14/LBC419-20210111(1)/LBC419-20210111(1)_323.png" width="2048" height="2048">
  </image>
  <image id="404" name="patch_images/2021.01.14/LBC419-20210111(1)/LBC419-20210111(1)_322.png" width="2048" height="2048">
  </image>
  <image id="403" name="patch_images/2021.01.14/LBC419-20210111(1)/LBC419-20210111(1)_319.png" width="2048" height="2048">
  </image>
  <image id="402" name="patch_images/2021.01.14/LBC419-20210111(1)/LBC419-20210111(1)_298.png" width="2048" height="2048">
  </image>
  <image id="401" name="patch_images/2021.01.14/LBC419-20210111(1)/LBC419-20210111(1)_297.png" width="2048" height="2048">
  </image>
  <image id="400" name="patch_images/2021.01.14/LBC419-20210111(1)/LBC419-20210111(1)_284.png" width="2048" height="2048">
  </image>
  <image id="399" name="patch_images/2021.01.14/LBC419-20210111(1)/LBC419-20210111(1)_277.png" width="2048" height="2048">
  </image>
  <image id="398" name="patch_images/2021.01.14/LBC419-20210111(1)/LBC419-20210111(1)_276.png" width="2048" height="2048">
  </image>
  <image id="397" name="patch_images/2021.01.14/LBC419-20210111(1)/LBC419-20210111(1)_274.png" width="2048" height="2048">
  </image>
  <image id="396" name="patch_images/2021.01.14/LBC419-20210111(1)/LBC419-20210111(1)_248.png" width="2048" height="2048">
  </image>
  <image id="395" name="patch_images/2021.01.14/LBC419-20210111(1)/LBC419-20210111(1)_247.png" width="2048" height="2048">
  </image>
  <image id="394" name="patch_images/2021.01.14/LBC419-20210111(1)/LBC419-20210111(1)_232.png" width="2048" height="2048">
  </image>
  <image id="393" name="patch_images/2021.01.14/LBC419-20210111(1)/LBC419-20210111(1)_231.png" width="2048" height="2048">
  </image>
  <image id="392" name="patch_images/2021.01.14/LBC419-20210111(1)/LBC419-20210111(1)_228.png" width="2048" height="2048">
  </image>
  <image id="391" name="patch_images/2021.01.14/LBC419-20210111(1)/LBC419-20210111(1)_221.png" width="2048" height="2048">
  </image>
  <image id="390" name="patch_images/2021.01.14/LBC419-20210111(1)/LBC419-20210111(1)_2148.png" width="2048" height="2048">
  </image>
  <image id="389" name="patch_images/2021.01.14/LBC419-20210111(1)/LBC419-20210111(1)_2147.png" width="2048" height="2048">
  </image>
  <image id="388" name="patch_images/2021.01.14/LBC419-20210111(1)/LBC419-20210111(1)_2143.png" width="2048" height="2048">
  </image>
  <image id="387" name="patch_images/2021.01.14/LBC419-20210111(1)/LBC419-20210111(1)_2098.png" width="2048" height="2048">
  </image>
  <image id="386" name="patch_images/2021.01.14/LBC419-20210111(1)/LBC419-20210111(1)_2097.png" width="2048" height="2048">
  </image>
  <image id="385" name="patch_images/2021.01.14/LBC419-20210111(1)/LBC419-20210111(1)_2048.png" width="2048" height="2048">
  </image>
  <image id="384" name="patch_images/2021.01.14/LBC419-20210111(1)/LBC419-20210111(1)_2047.png" width="2048" height="2048">
  </image>
  <image id="383" name="patch_images/2021.01.14/LBC419-20210111(1)/LBC419-20210111(1)_2027.png" width="2048" height="2048">
  </image>
  <image id="382" name="patch_images/2021.01.14/LBC419-20210111(1)/LBC419-20210111(1)_1998.png" width="2048" height="2048">
  </image>
  <image id="381" name="patch_images/2021.01.14/LBC419-20210111(1)/LBC419-20210111(1)_1981.png" width="2048" height="2048">
  </image>
  <image id="380" name="patch_images/2021.01.14/LBC419-20210111(1)/LBC419-20210111(1)_198.png" width="2048" height="2048">
  </image>
  <image id="379" name="patch_images/2021.01.14/LBC419-20210111(1)/LBC419-20210111(1)_1978.png" width="2048" height="2048">
  </image>
  <image id="378" name="patch_images/2021.01.14/LBC419-20210111(1)/LBC419-20210111(1)_1977.png" width="2048" height="2048">
  </image>
  <image id="377" name="patch_images/2021.01.14/LBC419-20210111(1)/LBC419-20210111(1)_1976.png" width="2048" height="2048">
  </image>
  <image id="376" name="patch_images/2021.01.14/LBC419-20210111(1)/LBC419-20210111(1)_1973.png" width="2048" height="2048">
  </image>
  <image id="375" name="patch_images/2021.01.14/LBC419-20210111(1)/LBC419-20210111(1)_197.png" width="2048" height="2048">
  </image>
  <image id="374" name="patch_images/2021.01.14/LBC419-20210111(1)/LBC419-20210111(1)_1948.png" width="2048" height="2048">
  </image>
  <image id="373" name="patch_images/2021.01.14/LBC419-20210111(1)/LBC419-20210111(1)_1947.png" width="2048" height="2048">
  </image>
  <image id="372" name="patch_images/2021.01.14/LBC419-20210111(1)/LBC419-20210111(1)_1942.png" width="2048" height="2048">
  </image>
  <image id="371" name="patch_images/2021.01.14/LBC419-20210111(1)/LBC419-20210111(1)_1932.png" width="2048" height="2048">
  </image>
  <image id="370" name="patch_images/2021.01.14/LBC419-20210111(1)/LBC419-20210111(1)_1928.png" width="2048" height="2048">
  </image>
  <image id="369" name="patch_images/2021.01.14/LBC419-20210111(1)/LBC419-20210111(1)_1927.png" width="2048" height="2048">
  </image>
  <image id="368" name="patch_images/2021.01.14/LBC419-20210111(1)/LBC419-20210111(1)_1898.png" width="2048" height="2048">
  </image>
  <image id="367" name="patch_images/2021.01.14/LBC419-20210111(1)/LBC419-20210111(1)_1897.png" width="2048" height="2048">
  </image>
  <image id="366" name="patch_images/2021.01.14/LBC419-20210111(1)/LBC419-20210111(1)_1892.png" width="2048" height="2048">
  </image>
  <image id="365" name="patch_images/2021.01.14/LBC419-20210111(1)/LBC419-20210111(1)_1891.png" width="2048" height="2048">
  </image>
  <image id="364" name="patch_images/2021.01.14/LBC419-20210111(1)/LBC419-20210111(1)_1886.png" width="2048" height="2048">
  </image>
  <image id="363" name="patch_images/2021.01.14/LBC419-20210111(1)/LBC419-20210111(1)_1883.png" width="2048" height="2048">
  </image>
  <image id="362" name="patch_images/2021.01.14/LBC419-20210111(1)/LBC419-20210111(1)_1882.png" width="2048" height="2048">
  </image>
  <image id="361" name="patch_images/2021.01.14/LBC419-20210111(1)/LBC419-20210111(1)_1880.png" width="2048" height="2048">
  </image>
  <image id="360" name="patch_images/2021.01.14/LBC419-20210111(1)/LBC419-20210111(1)_1875.png" width="2048" height="2048">
  </image>
  <image id="359" name="patch_images/2021.01.14/LBC419-20210111(1)/LBC419-20210111(1)_1873.png" width="2048" height="2048">
  </image>
  <image id="358" name="patch_images/2021.01.14/LBC419-20210111(1)/LBC419-20210111(1)_1871.png" width="2048" height="2048">
  </image>
  <image id="357" name="patch_images/2021.01.14/LBC419-20210111(1)/LBC419-20210111(1)_1869.png" width="2048" height="2048">
  </image>
  <image id="356" name="patch_images/2021.01.14/LBC419-20210111(1)/LBC419-20210111(1)_1848.png" width="2048" height="2048">
  </image>
  <image id="355" name="patch_images/2021.01.14/LBC419-20210111(1)/LBC419-20210111(1)_1847.png" width="2048" height="2048">
  </image>
  <image id="354" name="patch_images/2021.01.14/LBC419-20210111(1)/LBC419-20210111(1)_1842.png" width="2048" height="2048">
  </image>
  <image id="353" name="patch_images/2021.01.14/LBC419-20210111(1)/LBC419-20210111(1)_1841.png" width="2048" height="2048">
  </image>
  <image id="352" name="patch_images/2021.01.14/LBC419-20210111(1)/LBC419-20210111(1)_1839.png" width="2048" height="2048">
  </image>
  <image id="351" name="patch_images/2021.01.14/LBC419-20210111(1)/LBC419-20210111(1)_1838.png" width="2048" height="2048">
  </image>
  <image id="350" name="patch_images/2021.01.14/LBC419-20210111(1)/LBC419-20210111(1)_1837.png" width="2048" height="2048">
  </image>
  <image id="349" name="patch_images/2021.01.14/LBC419-20210111(1)/LBC419-20210111(1)_1834.png" width="2048" height="2048">
  </image>
  <image id="348" name="patch_images/2021.01.14/LBC419-20210111(1)/LBC419-20210111(1)_1832.png" width="2048" height="2048">
  </image>
  <image id="347" name="patch_images/2021.01.14/LBC419-20210111(1)/LBC419-20210111(1)_1831.png" width="2048" height="2048">
  </image>
  <image id="346" name="patch_images/2021.01.14/LBC419-20210111(1)/LBC419-20210111(1)_1830.png" width="2048" height="2048">
  </image>
  <image id="345" name="patch_images/2021.01.14/LBC419-20210111(1)/LBC419-20210111(1)_1829.png" width="2048" height="2048">
  </image>
  <image id="344" name="patch_images/2021.01.14/LBC419-20210111(1)/LBC419-20210111(1)_1826.png" width="2048" height="2048">
  </image>
  <image id="343" name="patch_images/2021.01.14/LBC419-20210111(1)/LBC419-20210111(1)_182.png" width="2048" height="2048">
  </image>
  <image id="342" name="patch_images/2021.01.14/LBC419-20210111(1)/LBC419-20210111(1)_1816.png" width="2048" height="2048">
  </image>
  <image id="341" name="patch_images/2021.01.14/LBC419-20210111(1)/LBC419-20210111(1)_1798.png" width="2048" height="2048">
  </image>
  <image id="340" name="patch_images/2021.01.14/LBC419-20210111(1)/LBC419-20210111(1)_1797.png" width="2048" height="2048">
  </image>
  <image id="339" name="patch_images/2021.01.14/LBC419-20210111(1)/LBC419-20210111(1)_1792.png" width="2048" height="2048">
  </image>
  <image id="338" name="patch_images/2021.01.14/LBC419-20210111(1)/LBC419-20210111(1)_1791.png" width="2048" height="2048">
  </image>
  <image id="337" name="patch_images/2021.01.14/LBC419-20210111(1)/LBC419-20210111(1)_1790.png" width="2048" height="2048">
  </image>
  <image id="274" name="patch_images/2021.01.14/LBC419-20210111(1)/LBC419-20210111(1)_1633.png" width="2048" height="2048">
  </image>
  <image id="273" name="patch_images/2021.01.14/LBC419-20210111(1)/LBC419-20210111(1)_1632.png" width="2048" height="2048">
  </image>
  <image id="272" name="patch_images/2021.01.14/LBC419-20210111(1)/LBC419-20210111(1)_1631.png" width="2048" height="2048">
  </image>
  <image id="271" name="patch_images/2021.01.14/LBC419-20210111(1)/LBC419-20210111(1)_1628.png" width="2048" height="2048">
  </image>
  <image id="270" name="patch_images/2021.01.14/LBC419-20210111(1)/LBC419-20210111(1)_1626.png" width="2048" height="2048">
  </image>
  <image id="269" name="patch_images/2021.01.14/LBC419-20210111(1)/LBC419-20210111(1)_1625.png" width="2048" height="2048">
  </image>
  <image id="268" name="patch_images/2021.01.14/LBC419-20210111(1)/LBC419-20210111(1)_1624.png" width="2048" height="2048">
  </image>
  <image id="267" name="patch_images/2021.01.14/LBC419-20210111(1)/LBC419-20210111(1)_1621.png" width="2048" height="2048">
  </image>
  <image id="266" name="patch_images/2021.01.14/LBC419-20210111(1)/LBC419-20210111(1)_1620.png" width="2048" height="2048">
  </image>
  <image id="265" name="patch_images/2021.01.14/LBC419-20210111(1)/LBC419-20210111(1)_1619.png" width="2048" height="2048">
  </image>
  <image id="264" name="patch_images/2021.01.14/LBC419-20210111(1)/LBC419-20210111(1)_1618.png" width="2048" height="2048">
  </image>
  <image id="263" name="patch_images/2021.01.14/LBC419-20210111(1)/LBC419-20210111(1)_1617.png" width="2048" height="2048">
  </image>
  <image id="262" name="patch_images/2021.01.14/LBC419-20210111(1)/LBC419-20210111(1)_1615.png" width="2048" height="2048">
  </image>
  <image id="261" name="patch_images/2021.01.14/LBC419-20210111(1)/LBC419-20210111(1)_1614.png" width="2048" height="2048">
  </image>
  <image id="260" name="patch_images/2021.01.14/LBC419-20210111(1)/LBC419-20210111(1)_1611.png" width="2048" height="2048">
    <box label="AS" occluded="0" source="manual" xtl="1651.20" ytl="1500.65" xbr="1730.83" ybr="1632.53" z_order="0">
      <attribute name="Description">ASC-US</attribute>
    </box>
    <box label="AS" occluded="0" source="manual" xtl="1778.11" ytl="1654.93" xbr="1887.60" ybr="1769.40" z_order="0">
      <attribute name="Description">ASC-US</attribute>
    </box>
  </image>
  <image id="259" name="patch_images/2021.01.14/LBC419-20210111(1)/LBC419-20210111(1)_1598.png" width="2048" height="2048">
  </image>
  <image id="258" name="patch_images/2021.01.14/LBC419-20210111(1)/LBC419-20210111(1)_1597.png" width="2048" height="2048">
  </image>
  <image id="559" name="patch_images/2021.01.14/LBC419-20210111(1)/LBC419-20210111(1)_737.png" width="2048" height="2048">
  </image>
  <image id="558" name="patch_images/2021.01.14/LBC419-20210111(1)/LBC419-20210111(1)_735.png" width="2048" height="2048">
  </image>
  <image id="557" name="patch_images/2021.01.14/LBC419-20210111(1)/LBC419-20210111(1)_734.png" width="2048" height="2048">
  </image>
  <image id="556" name="patch_images/2021.01.14/LBC419-20210111(1)/LBC419-20210111(1)_733.png" width="2048" height="2048">
  </image>
  <image id="555" name="patch_images/2021.01.14/LBC419-20210111(1)/LBC419-20210111(1)_731.png" width="2048" height="2048">
  </image>
  <image id="554" name="patch_images/2021.01.14/LBC419-20210111(1)/LBC419-20210111(1)_729.png" width="2048" height="2048">
  </image>
  <image id="553" name="patch_images/2021.01.14/LBC419-20210111(1)/LBC419-20210111(1)_728.png" width="2048" height="2048">
  </image>
  <image id="257" name="patch_images/2021.01.14/LBC419-20210111(1)/LBC419-20210111(1)_1588.png" width="2048" height="2048">
  </image>
  <image id="256" name="patch_images/2021.01.14/LBC419-20210111(1)/LBC419-20210111(1)_1585.png" width="2048" height="2048">
  </image>
  <image id="255" name="patch_images/2021.01.14/LBC419-20210111(1)/LBC419-20210111(1)_1582.png" width="2048" height="2048">
  </image>
  <image id="254" name="patch_images/2021.01.14/LBC419-20210111(1)/LBC419-20210111(1)_1580.png" width="2048" height="2048">
  </image>
  <image id="253" name="patch_images/2021.01.14/LBC419-20210111(1)/LBC419-20210111(1)_1575.png" width="2048" height="2048">
  </image>
  <image id="252" name="patch_images/2021.01.14/LBC419-20210111(1)/LBC419-20210111(1)_1572.png" width="2048" height="2048">
  </image>
  <image id="251" name="patch_images/2021.01.14/LBC419-20210111(1)/LBC419-20210111(1)_1569.png" width="2048" height="2048">
  </image>
  <image id="250" name="patch_images/2021.01.14/LBC419-20210111(1)/LBC419-20210111(1)_1548.png" width="2048" height="2048">
  </image>
  <image id="249" name="patch_images/2021.01.14/LBC419-20210111(1)/LBC419-20210111(1)_1547.png" width="2048" height="2048">
  </image>
  <image id="248" name="patch_images/2021.01.14/LBC419-20210111(1)/LBC419-20210111(1)_1539.png" width="2048" height="2048">
  </image>
  <image id="247" name="patch_images/2021.01.14/LBC419-20210111(1)/LBC419-20210111(1)_1535.png" width="2048" height="2048">
  </image>
  <image id="246" name="patch_images/2021.01.14/LBC419-20210111(1)/LBC419-20210111(1)_1533.png" width="2048" height="2048">
  </image>
  <image id="245" name="patch_images/2021.01.14/LBC419-20210111(1)/LBC419-20210111(1)_1532.png" width="2048" height="2048">
  </image>
  <image id="244" name="patch_images/2021.01.14/LBC419-20210111(1)/LBC419-20210111(1)_1531.png" width="2048" height="2048">
  </image>
  <image id="243" name="patch_images/2021.01.14/LBC419-20210111(1)/LBC419-20210111(1)_1530.png" width="2048" height="2048">
  </image>
  <image id="242" name="patch_images/2021.01.14/LBC419-20210111(1)/LBC419-20210111(1)_1529.png" width="2048" height="2048">
  </image>
  <image id="241" name="patch_images/2021.01.14/LBC419-20210111(1)/LBC419-20210111(1)_1528.png" width="2048" height="2048">
  </image>
  <image id="240" name="patch_images/2021.01.14/LBC419-20210111(1)/LBC419-20210111(1)_1527.png" width="2048" height="2048">
  </image>
  <image id="239" name="patch_images/2021.01.14/LBC419-20210111(1)/LBC419-20210111(1)_1525.png" width="2048" height="2048">
  </image>
  <image id="238" name="patch_images/2021.01.14/LBC419-20210111(1)/LBC419-20210111(1)_1523.png" width="2048" height="2048">
    <box label="AS" occluded="0" source="manual" xtl="1267.98" ytl="107.11" xbr="1394.89" ybr="321.12" z_order="0">
      <attribute name="Description">ASC-US</attribute>
    </box>
  </image>
  <image id="237" name="patch_images/2021.01.14/LBC419-20210111(1)/LBC419-20210111(1)_1521.png" width="2048" height="2048">
  </image>
  <image id="236" name="patch_images/2021.01.14/LBC419-20210111(1)/LBC419-20210111(1)_1518.png" width="2048" height="2048">
  </image>
  <image id="235" name="patch_images/2021.01.14/LBC419-20210111(1)/LBC419-20210111(1)_1517.png" width="2048" height="2048">
  </image>
  <image id="234" name="patch_images/2021.01.14/LBC419-20210111(1)/LBC419-20210111(1)_1516.png" width="2048" height="2048">
  </image>
  <image id="233" name="patch_images/2021.01.14/LBC419-20210111(1)/LBC419-20210111(1)_1498.png" width="2048" height="2048">
  </image>
  <image id="232" name="patch_images/2021.01.14/LBC419-20210111(1)/LBC419-20210111(1)_1497.png" width="2048" height="2048">
  </image>
  <image id="231" name="patch_images/2021.01.14/LBC419-20210111(1)/LBC419-20210111(1)_1491.png" width="2048" height="2048">
  </image>
  <image id="230" name="patch_images/2021.01.14/LBC419-20210111(1)/LBC419-20210111(1)_1486.png" width="2048" height="2048">
  </image>
  <image id="229" name="patch_images/2021.01.14/LBC419-20210111(1)/LBC419-20210111(1)_1485.png" width="2048" height="2048">
  </image>
  <image id="228" name="patch_images/2021.01.14/LBC419-20210111(1)/LBC419-20210111(1)_1483.png" width="2048" height="2048">
  </image>
  <image id="227" name="patch_images/2021.01.14/LBC419-20210111(1)/LBC419-20210111(1)_1482.png" width="2048" height="2048">
  </image>
  <image id="226" name="patch_images/2021.01.14/LBC419-20210111(1)/LBC419-20210111(1)_1481.png" width="2048" height="2048">
  </image>
  <image id="225" name="patch_images/2021.01.14/LBC419-20210111(1)/LBC419-20210111(1)_148.png" width="2048" height="2048">
  </image>
  <image id="224" name="patch_images/2021.01.14/LBC419-20210111(1)/LBC419-20210111(1)_1478.png" width="2048" height="2048">
  </image>
  <image id="223" name="patch_images/2021.01.14/LBC419-20210111(1)/LBC419-20210111(1)_1477.png" width="2048" height="2048">
  </image>
  <image id="222" name="patch_images/2021.01.14/LBC419-20210111(1)/LBC419-20210111(1)_1472.png" width="2048" height="2048">
  </image>
  <image id="221" name="patch_images/2021.01.14/LBC419-20210111(1)/LBC419-20210111(1)_1470.png" width="2048" height="2048">
  </image>
  <image id="220" name="patch_images/2021.01.14/LBC419-20210111(1)/LBC419-20210111(1)_147.png" width="2048" height="2048">
  </image>
  <image id="219" name="patch_images/2021.01.14/LBC419-20210111(1)/LBC419-20210111(1)_1469.png" width="2048" height="2048">
  </image>
  <image id="218" name="patch_images/2021.01.14/LBC419-20210111(1)/LBC419-20210111(1)_1467.png" width="2048" height="2048">
  </image>
  <image id="217" name="patch_images/2021.01.14/LBC419-20210111(1)/LBC419-20210111(1)_1465.png" width="2048" height="2048">
  </image>
  <image id="216" name="patch_images/2021.01.14/LBC419-20210111(1)/LBC419-20210111(1)_1464.png" width="2048" height="2048">
  </image>
  <image id="215" name="patch_images/2021.01.14/LBC419-20210111(1)/LBC419-20210111(1)_1463.png" width="2048" height="2048">
  </image>
  <image id="214" name="patch_images/2021.01.14/LBC419-20210111(1)/LBC419-20210111(1)_1460.png" width="2048" height="2048">
  </image>
  <image id="213" name="patch_images/2021.01.14/LBC419-20210111(1)/LBC419-20210111(1)_1448.png" width="2048" height="2048">
  </image>
  <image id="212" name="patch_images/2021.01.14/LBC419-20210111(1)/LBC419-20210111(1)_1447.png" width="2048" height="2048">
  </image>
  <image id="211" name="patch_images/2021.01.14/LBC419-20210111(1)/LBC419-20210111(1)_1445.png" width="2048" height="2048">
  </image>
  <image id="210" name="patch_images/2021.01.14/LBC419-20210111(1)/LBC419-20210111(1)_1444.png" width="2048" height="2048">
  </image>
  <image id="209" name="patch_images/2021.01.14/LBC419-20210111(1)/LBC419-20210111(1)_1440.png" width="2048" height="2048">
  </image>
  <image id="208" name="patch_images/2021.01.14/LBC419-20210111(1)/LBC419-20210111(1)_1439.png" width="2048" height="2048">
  </image>
  <image id="207" name="patch_images/2021.01.14/LBC419-20210111(1)/LBC419-20210111(1)_1438.png" width="2048" height="2048">
  </image>
  <image id="206" name="patch_images/2021.01.14/LBC419-20210111(1)/LBC419-20210111(1)_1437.png" width="2048" height="2048">
  </image>
  <image id="205" name="patch_images/2021.01.14/LBC419-20210111(1)/LBC419-20210111(1)_1435.png" width="2048" height="2048">
  </image>
  <image id="204" name="patch_images/2021.01.14/LBC419-20210111(1)/LBC419-20210111(1)_1433.png" width="2048" height="2048">
  </image>
  <image id="203" name="patch_images/2021.01.14/LBC419-20210111(1)/LBC419-20210111(1)_1429.png" width="2048" height="2048">
  </image>
  <image id="202" name="patch_images/2021.01.14/LBC419-20210111(1)/LBC419-20210111(1)_1428.png" width="2048" height="2048">
  </image>
  <image id="201" name="patch_images/2021.01.14/LBC419-20210111(1)/LBC419-20210111(1)_1426.png" width="2048" height="2048">
  </image>
  <image id="200" name="patch_images/2021.01.14/LBC419-20210111(1)/LBC419-20210111(1)_1425.png" width="2048" height="2048">
  </image>
  <image id="199" name="patch_images/2021.01.14/LBC419-20210111(1)/LBC419-20210111(1)_1424.png" width="2048" height="2048">
  </image>
  <image id="198" name="patch_images/2021.01.14/LBC419-20210111(1)/LBC419-20210111(1)_1420.png" width="2048" height="2048">
  </image>
  <image id="197" name="patch_images/2021.01.14/LBC419-20210111(1)/LBC419-20210111(1)_1418.png" width="2048" height="2048">
  </image>
  <image id="196" name="patch_images/2021.01.14/LBC419-20210111(1)/LBC419-20210111(1)_1417.png" width="2048" height="2048">
  </image>
  <image id="195" name="patch_images/2021.01.14/LBC419-20210111(1)/LBC419-20210111(1)_1415.png" width="2048" height="2048">
  </image>
  <image id="194" name="patch_images/2021.01.14/LBC419-20210111(1)/LBC419-20210111(1)_1413.png" width="2048" height="2048">
  </image>
  <image id="193" name="patch_images/2021.01.14/LBC419-20210111(1)/LBC419-20210111(1)_1411.png" width="2048" height="2048">
  </image>
  <image id="192" name="patch_images/2021.01.14/LBC419-20210111(1)/LBC419-20210111(1)_1398.png" width="2048" height="2048">
  </image>
  <image id="191" name="patch_images/2021.01.14/LBC419-20210111(1)/LBC419-20210111(1)_1397.png" width="2048" height="2048">
  </image>
  <image id="190" name="patch_images/2021.01.14/LBC419-20210111(1)/LBC419-20210111(1)_1394.png" width="2048" height="2048">
  </image>
  <image id="189" name="patch_images/2021.01.14/LBC419-20210111(1)/LBC419-20210111(1)_1393.png" width="2048" height="2048">
  </image>
  <image id="188" name="patch_images/2021.01.14/LBC419-20210111(1)/LBC419-20210111(1)_1392.png" width="2048" height="2048">
  </image>
  <image id="187" name="patch_images/2021.01.14/LBC419-20210111(1)/LBC419-20210111(1)_1391.png" width="2048" height="2048">
  </image>
  <image id="186" name="patch_images/2021.01.14/LBC419-20210111(1)/LBC419-20210111(1)_1388.png" width="2048" height="2048">
  </image>
  <image id="185" name="patch_images/2021.01.14/LBC419-20210111(1)/LBC419-20210111(1)_1386.png" width="2048" height="2048">
  </image>
  <image id="184" name="patch_images/2021.01.14/LBC419-20210111(1)/LBC419-20210111(1)_1384.png" width="2048" height="2048">
  </image>
  <image id="183" name="patch_images/2021.01.14/LBC419-20210111(1)/LBC419-20210111(1)_1382.png" width="2048" height="2048">
  </image>
  <image id="182" name="patch_images/2021.01.14/LBC419-20210111(1)/LBC419-20210111(1)_1380.png" width="2048" height="2048">
  </image>
  <image id="181" name="patch_images/2021.01.14/LBC419-20210111(1)/LBC419-20210111(1)_1379.png" width="2048" height="2048">
  </image>
  <image id="180" name="patch_images/2021.01.14/LBC419-20210111(1)/LBC419-20210111(1)_1378.png" width="2048" height="2048">
  </image>
  <image id="179" name="patch_images/2021.01.14/LBC419-20210111(1)/LBC419-20210111(1)_1377.png" width="2048" height="2048">
  </image>
  <image id="178" name="patch_images/2021.01.14/LBC419-20210111(1)/LBC419-20210111(1)_1376.png" width="2048" height="2048">
  </image>
  <image id="177" name="patch_images/2021.01.14/LBC419-20210111(1)/LBC419-20210111(1)_1373.png" width="2048" height="2048">
  </image>
  <image id="176" name="patch_images/2021.01.14/LBC419-20210111(1)/LBC419-20210111(1)_1372.png" width="2048" height="2048">
  </image>
  <image id="175" name="patch_images/2021.01.14/LBC419-20210111(1)/LBC419-20210111(1)_1369.png" width="2048" height="2048">
  </image>
  <image id="174" name="patch_images/2021.01.14/LBC419-20210111(1)/LBC419-20210111(1)_1367.png" width="2048" height="2048">
  </image>
  <image id="173" name="patch_images/2021.01.14/LBC419-20210111(1)/LBC419-20210111(1)_1366.png" width="2048" height="2048">
  </image>
  <image id="172" name="patch_images/2021.01.14/LBC419-20210111(1)/LBC419-20210111(1)_1363.png" width="2048" height="2048">
  </image>
  <image id="171" name="patch_images/2021.01.14/LBC419-20210111(1)/LBC419-20210111(1)_1360.png" width="2048" height="2048">
  </image>
  <image id="170" name="patch_images/2021.01.14/LBC419-20210111(1)/LBC419-20210111(1)_1348.png" width="2048" height="2048">
  </image>
  <image id="169" name="patch_images/2021.01.14/LBC419-20210111(1)/LBC419-20210111(1)_1347.png" width="2048" height="2048">
  </image>
  <image id="168" name="patch_images/2021.01.14/LBC419-20210111(1)/LBC419-20210111(1)_1346.png" width="2048" height="2048">
  </image>
  <image id="167" name="patch_images/2021.01.14/LBC419-20210111(1)/LBC419-20210111(1)_1345.png" width="2048" height="2048">
  </image>
  <image id="166" name="patch_images/2021.01.14/LBC419-20210111(1)/LBC419-20210111(1)_1342.png" width="2048" height="2048">
  </image>
  <image id="165" name="patch_images/2021.01.14/LBC419-20210111(1)/LBC419-20210111(1)_1341.png" width="2048" height="2048">
  </image>
  <image id="164" name="patch_images/2021.01.14/LBC419-20210111(1)/LBC419-20210111(1)_1340.png" width="2048" height="2048">
  </image>
  <image id="163" name="patch_images/2021.01.14/LBC419-20210111(1)/LBC419-20210111(1)_1339.png" width="2048" height="2048">
  </image>
  <image id="162" name="patch_images/2021.01.14/LBC419-20210111(1)/LBC419-20210111(1)_1338.png" width="2048" height="2048">
  </image>
  <image id="161" name="patch_images/2021.01.14/LBC419-20210111(1)/LBC419-20210111(1)_1336.png" width="2048" height="2048">
  </image>
  <image id="160" name="patch_images/2021.01.14/LBC419-20210111(1)/LBC419-20210111(1)_1335.png" width="2048" height="2048">
  </image>
  <image id="159" name="patch_images/2021.01.14/LBC419-20210111(1)/LBC419-20210111(1)_1333.png" width="2048" height="2048">
  </image>
  <image id="158" name="patch_images/2021.01.14/LBC419-20210111(1)/LBC419-20210111(1)_1332.png" width="2048" height="2048">
  </image>
  <image id="157" name="patch_images/2021.01.14/LBC419-20210111(1)/LBC419-20210111(1)_1331.png" width="2048" height="2048">
  </image>
  <image id="156" name="patch_images/2021.01.14/LBC419-20210111(1)/LBC419-20210111(1)_1328.png" width="2048" height="2048">
  </image>
  <image id="155" name="patch_images/2021.01.14/LBC419-20210111(1)/LBC419-20210111(1)_1327.png" width="2048" height="2048">
  </image>
  <image id="154" name="patch_images/2021.01.14/LBC419-20210111(1)/LBC419-20210111(1)_1326.png" width="2048" height="2048">
  </image>
  <image id="153" name="patch_images/2021.01.14/LBC419-20210111(1)/LBC419-20210111(1)_1325.png" width="2048" height="2048">
  </image>
  <image id="152" name="patch_images/2021.01.14/LBC419-20210111(1)/LBC419-20210111(1)_1323.png" width="2048" height="2048">
  </image>
  <image id="151" name="patch_images/2021.01.14/LBC419-20210111(1)/LBC419-20210111(1)_1319.png" width="2048" height="2048">
  </image>
  <image id="150" name="patch_images/2021.01.14/LBC419-20210111(1)/LBC419-20210111(1)_1318.png" width="2048" height="2048">
  </image>
  <image id="149" name="patch_images/2021.01.14/LBC419-20210111(1)/LBC419-20210111(1)_1316.png" width="2048" height="2048">
  </image>
  <image id="148" name="patch_images/2021.01.14/LBC419-20210111(1)/LBC419-20210111(1)_1312.png" width="2048" height="2048">
  </image>
  <image id="147" name="patch_images/2021.01.14/LBC419-20210111(1)/LBC419-20210111(1)_1311.png" width="2048" height="2048">
  </image>
  <image id="146" name="patch_images/2021.01.14/LBC419-20210111(1)/LBC419-20210111(1)_1298.png" width="2048" height="2048">
  </image>
  <image id="145" name="patch_images/2021.01.14/LBC419-20210111(1)/LBC419-20210111(1)_1297.png" width="2048" height="2048">
  </image>
  <image id="144" name="patch_images/2021.01.14/LBC419-20210111(1)/LBC419-20210111(1)_1292.png" width="2048" height="2048">
  </image>
  <image id="143" name="patch_images/2021.01.14/LBC419-20210111(1)/LBC419-20210111(1)_1291.png" width="2048" height="2048">
  </image>
  <image id="142" name="patch_images/2021.01.14/LBC419-20210111(1)/LBC419-20210111(1)_1289.png" width="2048" height="2048">
  </image>
  <image id="141" name="patch_images/2021.01.14/LBC419-20210111(1)/LBC419-20210111(1)_1288.png" width="2048" height="2048">
  </image>
  <image id="140" name="patch_images/2021.01.14/LBC419-20210111(1)/LBC419-20210111(1)_1287.png" width="2048" height="2048">
  </image>
  <image id="139" name="patch_images/2021.01.14/LBC419-20210111(1)/LBC419-20210111(1)_1285.png" width="2048" height="2048">
  </image>
  <image id="138" name="patch_images/2021.01.14/LBC419-20210111(1)/LBC419-20210111(1)_1283.png" width="2048" height="2048">
  </image>
  <image id="137" name="patch_images/2021.01.14/LBC419-20210111(1)/LBC419-20210111(1)_1280.png" width="2048" height="2048">
  </image>
  <image id="136" name="patch_images/2021.01.14/LBC419-20210111(1)/LBC419-20210111(1)_1279.png" width="2048" height="2048">
  </image>
  <image id="135" name="patch_images/2021.01.14/LBC419-20210111(1)/LBC419-20210111(1)_1278.png" width="2048" height="2048">
  </image>
  <image id="134" name="patch_images/2021.01.14/LBC419-20210111(1)/LBC419-20210111(1)_1277.png" width="2048" height="2048">
  </image>
  <image id="133" name="patch_images/2021.01.14/LBC419-20210111(1)/LBC419-20210111(1)_1276.png" width="2048" height="2048">
  </image>
  <image id="132" name="patch_images/2021.01.14/LBC419-20210111(1)/LBC419-20210111(1)_1275.png" width="2048" height="2048">
  </image>
  <image id="131" name="patch_images/2021.01.14/LBC419-20210111(1)/LBC419-20210111(1)_1273.png" width="2048" height="2048">
  </image>
  <image id="130" name="patch_images/2021.01.14/LBC419-20210111(1)/LBC419-20210111(1)_1272.png" width="2048" height="2048">
  </image>
  <image id="129" name="patch_images/2021.01.14/LBC419-20210111(1)/LBC419-20210111(1)_1271.png" width="2048" height="2048">
  </image>
  <image id="128" name="patch_images/2021.01.14/LBC419-20210111(1)/LBC419-20210111(1)_1269.png" width="2048" height="2048">
  </image>
  <image id="127" name="patch_images/2021.01.14/LBC419-20210111(1)/LBC419-20210111(1)_1267.png" width="2048" height="2048">
  </image>
  <image id="126" name="patch_images/2021.01.14/LBC419-20210111(1)/LBC419-20210111(1)_1265.png" width="2048" height="2048">
  </image>
  <image id="125" name="patch_images/2021.01.14/LBC419-20210111(1)/LBC419-20210111(1)_1264.png" width="2048" height="2048">
  </image>
  <image id="124" name="patch_images/2021.01.14/LBC419-20210111(1)/LBC419-20210111(1)_1263.png" width="2048" height="2048">
  </image>
  <image id="123" name="patch_images/2021.01.14/LBC419-20210111(1)/LBC419-20210111(1)_1262.png" width="2048" height="2048">
  </image>
  <image id="122" name="patch_images/2021.01.14/LBC419-20210111(1)/LBC419-20210111(1)_1261.png" width="2048" height="2048">
  </image>
  <image id="121" name="patch_images/2021.01.14/LBC419-20210111(1)/LBC419-20210111(1)_1260.png" width="2048" height="2048">
  </image>
  <image id="120" name="patch_images/2021.01.14/LBC419-20210111(1)/LBC419-20210111(1)_1258.png" width="2048" height="2048">
  </image>
  <image id="119" name="patch_images/2021.01.14/LBC419-20210111(1)/LBC419-20210111(1)_1248.png" width="2048" height="2048">
  </image>
  <image id="118" name="patch_images/2021.01.14/LBC419-20210111(1)/LBC419-20210111(1)_1247.png" width="2048" height="2048">
  </image>
  <image id="117" name="patch_images/2021.01.14/LBC419-20210111(1)/LBC419-20210111(1)_1246.png" width="2048" height="2048">
  </image>
  <image id="116" name="patch_images/2021.01.14/LBC419-20210111(1)/LBC419-20210111(1)_1245.png" width="2048" height="2048">
  </image>
  <image id="115" name="patch_images/2021.01.14/LBC419-20210111(1)/LBC419-20210111(1)_1242.png" width="2048" height="2048">
  </image>
  <image id="114" name="patch_images/2021.01.14/LBC419-20210111(1)/LBC419-20210111(1)_1241.png" width="2048" height="2048">
  </image>
  <image id="113" name="patch_images/2021.01.14/LBC419-20210111(1)/LBC419-20210111(1)_1240.png" width="2048" height="2048">
  </image>
  <image id="112" name="patch_images/2021.01.14/LBC419-20210111(1)/LBC419-20210111(1)_124.png" width="2048" height="2048">
  </image>
  <image id="111" name="patch_images/2021.01.14/LBC419-20210111(1)/LBC419-20210111(1)_1239.png" width="2048" height="2048">
  </image>
  <image id="110" name="patch_images/2021.01.14/LBC419-20210111(1)/LBC419-20210111(1)_1238.png" width="2048" height="2048">
  </image>
  <image id="109" name="patch_images/2021.01.14/LBC419-20210111(1)/LBC419-20210111(1)_1237.png" width="2048" height="2048">
  </image>
  <image id="108" name="patch_images/2021.01.14/LBC419-20210111(1)/LBC419-20210111(1)_1235.png" width="2048" height="2048">
  </image>
  <image id="107" name="patch_images/2021.01.14/LBC419-20210111(1)/LBC419-20210111(1)_1234.png" width="2048" height="2048">
  </image>
  <image id="106" name="patch_images/2021.01.14/LBC419-20210111(1)/LBC419-20210111(1)_1232.png" width="2048" height="2048">
  </image>
  <image id="105" name="patch_images/2021.01.14/LBC419-20210111(1)/LBC419-20210111(1)_1231.png" width="2048" height="2048">
  </image>
  <image id="104" name="patch_images/2021.01.14/LBC419-20210111(1)/LBC419-20210111(1)_1230.png" width="2048" height="2048">
  </image>
  <image id="103" name="patch_images/2021.01.14/LBC419-20210111(1)/LBC419-20210111(1)_123.png" width="2048" height="2048">
  </image>
  <image id="102" name="patch_images/2021.01.14/LBC419-20210111(1)/LBC419-20210111(1)_1229.png" width="2048" height="2048">
  </image>
  <image id="101" name="patch_images/2021.01.14/LBC419-20210111(1)/LBC419-20210111(1)_1225.png" width="2048" height="2048">
  </image>
  <image id="100" name="patch_images/2021.01.14/LBC419-20210111(1)/LBC419-20210111(1)_1221.png" width="2048" height="2048">
  </image>
  <image id="99" name="patch_images/2021.01.14/LBC419-20210111(1)/LBC419-20210111(1)_1220.png" width="2048" height="2048">
  </image>
  <image id="98" name="patch_images/2021.01.14/LBC419-20210111(1)/LBC419-20210111(1)_1217.png" width="2048" height="2048">
  </image>
  <image id="97" name="patch_images/2021.01.14/LBC419-20210111(1)/LBC419-20210111(1)_1215.png" width="2048" height="2048">
  </image>
  <image id="96" name="patch_images/2021.01.14/LBC419-20210111(1)/LBC419-20210111(1)_1214.png" width="2048" height="2048">
  </image>
  <image id="95" name="patch_images/2021.01.14/LBC419-20210111(1)/LBC419-20210111(1)_1213.png" width="2048" height="2048">
  </image>
  <image id="94" name="patch_images/2021.01.14/LBC419-20210111(1)/LBC419-20210111(1)_1212.png" width="2048" height="2048">
  </image>
  <image id="93" name="patch_images/2021.01.14/LBC419-20210111(1)/LBC419-20210111(1)_1211.png" width="2048" height="2048">
  </image>
  <image id="92" name="patch_images/2021.01.14/LBC419-20210111(1)/LBC419-20210111(1)_1209.png" width="2048" height="2048">
  </image>
  <image id="91" name="patch_images/2021.01.14/LBC419-20210111(1)/LBC419-20210111(1)_1208.png" width="2048" height="2048">
  </image>
  <image id="90" name="patch_images/2021.01.14/LBC419-20210111(1)/LBC419-20210111(1)_1197.png" width="2048" height="2048">
  </image>
  <image id="89" name="patch_images/2021.01.14/LBC419-20210111(1)/LBC419-20210111(1)_1195.png" width="2048" height="2048">
  </image>
  <image id="88" name="patch_images/2021.01.14/LBC419-20210111(1)/LBC419-20210111(1)_1194.png" width="2048" height="2048">
  </image>
  <image id="87" name="patch_images/2021.01.14/LBC419-20210111(1)/LBC419-20210111(1)_1190.png" width="2048" height="2048">
  </image>
  <image id="86" name="patch_images/2021.01.14/LBC419-20210111(1)/LBC419-20210111(1)_1189.png" width="2048" height="2048">
  </image>
  <image id="85" name="patch_images/2021.01.14/LBC419-20210111(1)/LBC419-20210111(1)_1185.png" width="2048" height="2048">
  </image>
  <image id="84" name="patch_images/2021.01.14/LBC419-20210111(1)/LBC419-20210111(1)_1184.png" width="2048" height="2048">
  </image>
  <image id="83" name="patch_images/2021.01.14/LBC419-20210111(1)/LBC419-20210111(1)_1183.png" width="2048" height="2048">
  </image>
  <image id="82" name="patch_images/2021.01.14/LBC419-20210111(1)/LBC419-20210111(1)_1182.png" width="2048" height="2048">
  </image>
  <image id="81" name="patch_images/2021.01.14/LBC419-20210111(1)/LBC419-20210111(1)_1181.png" width="2048" height="2048">
  </image>
  <image id="80" name="patch_images/2021.01.14/LBC419-20210111(1)/LBC419-20210111(1)_1180.png" width="2048" height="2048">
  </image>
  <image id="79" name="patch_images/2021.01.14/LBC419-20210111(1)/LBC419-20210111(1)_1179.png" width="2048" height="2048">
  </image>
  <image id="78" name="patch_images/2021.01.14/LBC419-20210111(1)/LBC419-20210111(1)_1178.png" width="2048" height="2048">
  </image>
  <image id="77" name="patch_images/2021.01.14/LBC419-20210111(1)/LBC419-20210111(1)_1176.png" width="2048" height="2048">
  </image>
  <image id="76" name="patch_images/2021.01.14/LBC419-20210111(1)/LBC419-20210111(1)_1175.png" width="2048" height="2048">
  </image>
  <image id="75" name="patch_images/2021.01.14/LBC419-20210111(1)/LBC419-20210111(1)_1174.png" width="2048" height="2048">
  </image>
  <image id="74" name="patch_images/2021.01.14/LBC419-20210111(1)/LBC419-20210111(1)_1173.png" width="2048" height="2048">
  </image>
  <image id="73" name="patch_images/2021.01.14/LBC419-20210111(1)/LBC419-20210111(1)_1172.png" width="2048" height="2048">
  </image>
  <image id="72" name="patch_images/2021.01.14/LBC419-20210111(1)/LBC419-20210111(1)_1171.png" width="2048" height="2048">
  </image>
  <image id="71" name="patch_images/2021.01.14/LBC419-20210111(1)/LBC419-20210111(1)_1170.png" width="2048" height="2048">
  </image>
  <image id="70" name="patch_images/2021.01.14/LBC419-20210111(1)/LBC419-20210111(1)_1169.png" width="2048" height="2048">
  </image>
  <image id="69" name="patch_images/2021.01.14/LBC419-20210111(1)/LBC419-20210111(1)_1168.png" width="2048" height="2048">
  </image>
  <image id="68" name="patch_images/2021.01.14/LBC419-20210111(1)/LBC419-20210111(1)_1165.png" width="2048" height="2048">
  </image>
  <image id="67" name="patch_images/2021.01.14/LBC419-20210111(1)/LBC419-20210111(1)_1161.png" width="2048" height="2048">
  </image>
  <image id="66" name="patch_images/2021.01.14/LBC419-20210111(1)/LBC419-20210111(1)_1160.png" width="2048" height="2048">
  </image>
  <image id="65" name="patch_images/2021.01.14/LBC419-20210111(1)/LBC419-20210111(1)_1159.png" width="2048" height="2048">
  </image>
  <image id="64" name="patch_images/2021.01.14/LBC419-20210111(1)/LBC419-20210111(1)_1148.png" width="2048" height="2048">
  </image>
  <image id="63" name="patch_images/2021.01.14/LBC419-20210111(1)/LBC419-20210111(1)_1147.png" width="2048" height="2048">
  </image>
  <image id="62" name="patch_images/2021.01.14/LBC419-20210111(1)/LBC419-20210111(1)_1143.png" width="2048" height="2048">
  </image>
  <image id="61" name="patch_images/2021.01.14/LBC419-20210111(1)/LBC419-20210111(1)_1140.png" width="2048" height="2048">
  </image>
  <image id="60" name="patch_images/2021.01.14/LBC419-20210111(1)/LBC419-20210111(1)_1138.png" width="2048" height="2048">
  </image>
  <image id="59" name="patch_images/2021.01.14/LBC419-20210111(1)/LBC419-20210111(1)_1137.png" width="2048" height="2048">
  </image>
  <image id="58" name="patch_images/2021.01.14/LBC419-20210111(1)/LBC419-20210111(1)_1136.png" width="2048" height="2048">
  </image>
  <image id="57" name="patch_images/2021.01.14/LBC419-20210111(1)/LBC419-20210111(1)_1133.png" width="2048" height="2048">
  </image>
  <image id="56" name="patch_images/2021.01.14/LBC419-20210111(1)/LBC419-20210111(1)_1132.png" width="2048" height="2048">
  </image>
  <image id="55" name="patch_images/2021.01.14/LBC419-20210111(1)/LBC419-20210111(1)_1128.png" width="2048" height="2048">
  </image>
  <image id="54" name="patch_images/2021.01.14/LBC419-20210111(1)/LBC419-20210111(1)_1125.png" width="2048" height="2048">
  </image>
  <image id="53" name="patch_images/2021.01.14/LBC419-20210111(1)/LBC419-20210111(1)_1123.png" width="2048" height="2048">
  </image>
  <image id="52" name="patch_images/2021.01.14/LBC419-20210111(1)/LBC419-20210111(1)_1121.png" width="2048" height="2048">
  </image>
  <image id="51" name="patch_images/2021.01.14/LBC419-20210111(1)/LBC419-20210111(1)_1120.png" width="2048" height="2048">
  </image>
  <image id="50" name="patch_images/2021.01.14/LBC419-20210111(1)/LBC419-20210111(1)_1117.png" width="2048" height="2048">
  </image>
  <image id="49" name="patch_images/2021.01.14/LBC419-20210111(1)/LBC419-20210111(1)_1115.png" width="2048" height="2048">
  </image>
  <image id="48" name="patch_images/2021.01.14/LBC419-20210111(1)/LBC419-20210111(1)_1111.png" width="2048" height="2048">
  </image>
  <image id="47" name="patch_images/2021.01.14/LBC419-20210111(1)/LBC419-20210111(1)_1110.png" width="2048" height="2048">
  </image>
  <image id="46" name="patch_images/2021.01.14/LBC419-20210111(1)/LBC419-20210111(1)_1109.png" width="2048" height="2048">
  </image>
  <image id="45" name="patch_images/2021.01.14/LBC419-20210111(1)/LBC419-20210111(1)_1098.png" width="2048" height="2048">
  </image>
  <image id="44" name="patch_images/2021.01.14/LBC419-20210111(1)/LBC419-20210111(1)_1097.png" width="2048" height="2048">
  </image>
  <image id="43" name="patch_images/2021.01.14/LBC419-20210111(1)/LBC419-20210111(1)_1096.png" width="2048" height="2048">
  </image>
  <image id="42" name="patch_images/2021.01.14/LBC419-20210111(1)/LBC419-20210111(1)_1095.png" width="2048" height="2048">
  </image>
  <image id="336" name="patch_images/2021.01.14/LBC419-20210111(1)/LBC419-20210111(1)_1789.png" width="2048" height="2048">
  </image>
  <image id="335" name="patch_images/2021.01.14/LBC419-20210111(1)/LBC419-20210111(1)_1788.png" width="2048" height="2048">
  </image>
  <image id="334" name="patch_images/2021.01.14/LBC419-20210111(1)/LBC419-20210111(1)_1787.png" width="2048" height="2048">
  </image>
  <image id="333" name="patch_images/2021.01.14/LBC419-20210111(1)/LBC419-20210111(1)_1786.png" width="2048" height="2048">
  </image>
  <image id="332" name="patch_images/2021.01.14/LBC419-20210111(1)/LBC419-20210111(1)_1781.png" width="2048" height="2048">
  </image>
  <image id="331" name="patch_images/2021.01.14/LBC419-20210111(1)/LBC419-20210111(1)_1780.png" width="2048" height="2048">
  </image>
  <image id="330" name="patch_images/2021.01.14/LBC419-20210111(1)/LBC419-20210111(1)_1779.png" width="2048" height="2048">
  </image>
  <image id="329" name="patch_images/2021.01.14/LBC419-20210111(1)/LBC419-20210111(1)_1776.png" width="2048" height="2048">
  </image>
  <image id="328" name="patch_images/2021.01.14/LBC419-20210111(1)/LBC419-20210111(1)_1773.png" width="2048" height="2048">
  </image>
  <image id="327" name="patch_images/2021.01.14/LBC419-20210111(1)/LBC419-20210111(1)_177.png" width="2048" height="2048">
  </image>
  <image id="326" name="patch_images/2021.01.14/LBC419-20210111(1)/LBC419-20210111(1)_1767.png" width="2048" height="2048">
  </image>
  <image id="325" name="patch_images/2021.01.14/LBC419-20210111(1)/LBC419-20210111(1)_1763.png" width="2048" height="2048">
  </image>
  <image id="324" name="patch_images/2021.01.14/LBC419-20210111(1)/LBC419-20210111(1)_1748.png" width="2048" height="2048">
  </image>
  <image id="323" name="patch_images/2021.01.14/LBC419-20210111(1)/LBC419-20210111(1)_1747.png" width="2048" height="2048">
  </image>
  <image id="322" name="patch_images/2021.01.14/LBC419-20210111(1)/LBC419-20210111(1)_1741.png" width="2048" height="2048">
  </image>
  <image id="321" name="patch_images/2021.01.14/LBC419-20210111(1)/LBC419-20210111(1)_1740.png" width="2048" height="2048">
  </image>
  <image id="320" name="patch_images/2021.01.14/LBC419-20210111(1)/LBC419-20210111(1)_1739.png" width="2048" height="2048">
  </image>
  <image id="319" name="patch_images/2021.01.14/LBC419-20210111(1)/LBC419-20210111(1)_1738.png" width="2048" height="2048">
  </image>
  <image id="318" name="patch_images/2021.01.14/LBC419-20210111(1)/LBC419-20210111(1)_1736.png" width="2048" height="2048">
  </image>
  <image id="317" name="patch_images/2021.01.14/LBC419-20210111(1)/LBC419-20210111(1)_1735.png" width="2048" height="2048">
  </image>
  <image id="316" name="patch_images/2021.01.14/LBC419-20210111(1)/LBC419-20210111(1)_1734.png" width="2048" height="2048">
  </image>
  <image id="315" name="patch_images/2021.01.14/LBC419-20210111(1)/LBC419-20210111(1)_1732.png" width="2048" height="2048">
  </image>
  <image id="314" name="patch_images/2021.01.14/LBC419-20210111(1)/LBC419-20210111(1)_1731.png" width="2048" height="2048">
  </image>
  <image id="313" name="patch_images/2021.01.14/LBC419-20210111(1)/LBC419-20210111(1)_1729.png" width="2048" height="2048">
  </image>
  <image id="312" name="patch_images/2021.01.14/LBC419-20210111(1)/LBC419-20210111(1)_1726.png" width="2048" height="2048">
  </image>
  <image id="311" name="patch_images/2021.01.14/LBC419-20210111(1)/LBC419-20210111(1)_1725.png" width="2048" height="2048">
  </image>
  <image id="310" name="patch_images/2021.01.14/LBC419-20210111(1)/LBC419-20210111(1)_1724.png" width="2048" height="2048">
  </image>
  <image id="309" name="patch_images/2021.01.14/LBC419-20210111(1)/LBC419-20210111(1)_1723.png" width="2048" height="2048">
  </image>
  <image id="308" name="patch_images/2021.01.14/LBC419-20210111(1)/LBC419-20210111(1)_1722.png" width="2048" height="2048">
  </image>
  <image id="307" name="patch_images/2021.01.14/LBC419-20210111(1)/LBC419-20210111(1)_1720.png" width="2048" height="2048">
  </image>
  <image id="306" name="patch_images/2021.01.14/LBC419-20210111(1)/LBC419-20210111(1)_172.png" width="2048" height="2048">
  </image>
  <image id="305" name="patch_images/2021.01.14/LBC419-20210111(1)/LBC419-20210111(1)_1718.png" width="2048" height="2048">
  </image>
  <image id="304" name="patch_images/2021.01.14/LBC419-20210111(1)/LBC419-20210111(1)_1717.png" width="2048" height="2048">
  </image>
  <image id="303" name="patch_images/2021.01.14/LBC419-20210111(1)/LBC419-20210111(1)_1715.png" width="2048" height="2048">
  </image>
  <image id="302" name="patch_images/2021.01.14/LBC419-20210111(1)/LBC419-20210111(1)_1714.png" width="2048" height="2048">
    <box label="AS" occluded="0" source="manual" xtl="971.67" ytl="958.52" xbr="1241.71" ybr="1164.20" z_order="0">
      <attribute name="Description">ASC-US</attribute>
    </box>
  </image>
  <image id="301" name="patch_images/2021.01.14/LBC419-20210111(1)/LBC419-20210111(1)_1712.png" width="2048" height="2048">
  </image>
  <image id="300" name="patch_images/2021.01.14/LBC419-20210111(1)/LBC419-20210111(1)_171.png" width="2048" height="2048">
  </image>
  <image id="299" name="patch_images/2021.01.14/LBC419-20210111(1)/LBC419-20210111(1)_1698.png" width="2048" height="2048">
  </image>
  <image id="298" name="patch_images/2021.01.14/LBC419-20210111(1)/LBC419-20210111(1)_1697.png" width="2048" height="2048">
  </image>
  <image id="297" name="patch_images/2021.01.14/LBC419-20210111(1)/LBC419-20210111(1)_1692.png" width="2048" height="2048">
  </image>
  <image id="296" name="patch_images/2021.01.14/LBC419-20210111(1)/LBC419-20210111(1)_1691.png" width="2048" height="2048">
  </image>
  <image id="295" name="patch_images/2021.01.14/LBC419-20210111(1)/LBC419-20210111(1)_1688.png" width="2048" height="2048">
  </image>
  <image id="294" name="patch_images/2021.01.14/LBC419-20210111(1)/LBC419-20210111(1)_1687.png" width="2048" height="2048">
  </image>
  <image id="293" name="patch_images/2021.01.14/LBC419-20210111(1)/LBC419-20210111(1)_1686.png" width="2048" height="2048">
  </image>
  <image id="292" name="patch_images/2021.01.14/LBC419-20210111(1)/LBC419-20210111(1)_1685.png" width="2048" height="2048">
  </image>
  <image id="291" name="patch_images/2021.01.14/LBC419-20210111(1)/LBC419-20210111(1)_1684.png" width="2048" height="2048">
  </image>
  <image id="290" name="patch_images/2021.01.14/LBC419-20210111(1)/LBC419-20210111(1)_1683.png" width="2048" height="2048">
  </image>
  <image id="289" name="patch_images/2021.01.14/LBC419-20210111(1)/LBC419-20210111(1)_1679.png" width="2048" height="2048">
  </image>
  <image id="288" name="patch_images/2021.01.14/LBC419-20210111(1)/LBC419-20210111(1)_1678.png" width="2048" height="2048">
  </image>
  <image id="287" name="patch_images/2021.01.14/LBC419-20210111(1)/LBC419-20210111(1)_1676.png" width="2048" height="2048">
  </image>
  <image id="286" name="patch_images/2021.01.14/LBC419-20210111(1)/LBC419-20210111(1)_1673.png" width="2048" height="2048">
  </image>
  <image id="285" name="patch_images/2021.01.14/LBC419-20210111(1)/LBC419-20210111(1)_1670.png" width="2048" height="2048">
  </image>
  <image id="284" name="patch_images/2021.01.14/LBC419-20210111(1)/LBC419-20210111(1)_1669.png" width="2048" height="2048">
  </image>
  <image id="283" name="patch_images/2021.01.14/LBC419-20210111(1)/LBC419-20210111(1)_1668.png" width="2048" height="2048">
  </image>
  <image id="282" name="patch_images/2021.01.14/LBC419-20210111(1)/LBC419-20210111(1)_1667.png" width="2048" height="2048">
  </image>
  <image id="281" name="patch_images/2021.01.14/LBC419-20210111(1)/LBC419-20210111(1)_1648.png" width="2048" height="2048">
  </image>
  <image id="280" name="patch_images/2021.01.14/LBC419-20210111(1)/LBC419-20210111(1)_1647.png" width="2048" height="2048">
  </image>
  <image id="279" name="patch_images/2021.01.14/LBC419-20210111(1)/LBC419-20210111(1)_1641.png" width="2048" height="2048">
  </image>
  <image id="278" name="patch_images/2021.01.14/LBC419-20210111(1)/LBC419-20210111(1)_1639.png" width="2048" height="2048">
  </image>
  <image id="277" name="patch_images/2021.01.14/LBC419-20210111(1)/LBC419-20210111(1)_1638.png" width="2048" height="2048">
  </image>
  <image id="276" name="patch_images/2021.01.14/LBC419-20210111(1)/LBC419-20210111(1)_1636.png" width="2048" height="2048">
  </image>
  <image id="275" name="patch_images/2021.01.14/LBC419-20210111(1)/LBC419-20210111(1)_1635.png" width="2048" height="2048">
  </image>
  <image id="41" name="patch_images/2021.01.14/LBC419-20210111(1)/LBC419-20210111(1)_1094.png" width="2048" height="2048">
  </image>
  <image id="40" name="patch_images/2021.01.14/LBC419-20210111(1)/LBC419-20210111(1)_1093.png" width="2048" height="2048">
  </image>
  <image id="39" name="patch_images/2021.01.14/LBC419-20210111(1)/LBC419-20210111(1)_1092.png" width="2048" height="2048">
  </image>
  <image id="38" name="patch_images/2021.01.14/LBC419-20210111(1)/LBC419-20210111(1)_1089.png" width="2048" height="2048">
  </image>
  <image id="37" name="patch_images/2021.01.14/LBC419-20210111(1)/LBC419-20210111(1)_1088.png" width="2048" height="2048">
  </image>
  <image id="36" name="patch_images/2021.01.14/LBC419-20210111(1)/LBC419-20210111(1)_1087.png" width="2048" height="2048">
  </image>
  <image id="35" name="patch_images/2021.01.14/LBC419-20210111(1)/LBC419-20210111(1)_1083.png" width="2048" height="2048">
  </image>
  <image id="34" name="patch_images/2021.01.14/LBC419-20210111(1)/LBC419-20210111(1)_1081.png" width="2048" height="2048">
  </image>
  <image id="33" name="patch_images/2021.01.14/LBC419-20210111(1)/LBC419-20210111(1)_1079.png" width="2048" height="2048">
  </image>
  <image id="32" name="patch_images/2021.01.14/LBC419-20210111(1)/LBC419-20210111(1)_1078.png" width="2048" height="2048">
  </image>
  <image id="31" name="patch_images/2021.01.14/LBC419-20210111(1)/LBC419-20210111(1)_1076.png" width="2048" height="2048">
  </image>
  <image id="30" name="patch_images/2021.01.14/LBC419-20210111(1)/LBC419-20210111(1)_1074.png" width="2048" height="2048">
  </image>
  <image id="29" name="patch_images/2021.01.14/LBC419-20210111(1)/LBC419-20210111(1)_1071.png" width="2048" height="2048">
    <box label="AS" occluded="0" source="manual" xtl="230.29" ytl="990.51" xbr="332.32" ybr="1070.14" z_order="0">
      <attribute name="Description">ASC-US</attribute>
    </box>
  </image>
  <image id="28" name="patch_images/2021.01.14/LBC419-20210111(1)/LBC419-20210111(1)_1070.png" width="2048" height="2048">
  </image>
  <image id="27" name="patch_images/2021.01.14/LBC419-20210111(1)/LBC419-20210111(1)_1068.png" width="2048" height="2048">
  </image>
  <image id="26" name="patch_images/2021.01.14/LBC419-20210111(1)/LBC419-20210111(1)_1067.png" width="2048" height="2048">
  </image>
  <image id="25" name="patch_images/2021.01.14/LBC419-20210111(1)/LBC419-20210111(1)_1061.png" width="2048" height="2048">
  </image>
  <image id="24" name="patch_images/2021.01.14/LBC419-20210111(1)/LBC419-20210111(1)_1060.png" width="2048" height="2048">
  </image>
  <image id="23" name="patch_images/2021.01.14/LBC419-20210111(1)/LBC419-20210111(1)_1059.png" width="2048" height="2048">
  </image>
  <image id="22" name="patch_images/2021.01.14/LBC419-20210111(1)/LBC419-20210111(1)_1058.png" width="2048" height="2048">
  </image>
  <image id="21" name="patch_images/2021.01.14/LBC419-20210111(1)/LBC419-20210111(1)_1047.png" width="2048" height="2048">
  </image>
  <image id="20" name="patch_images/2021.01.14/LBC419-20210111(1)/LBC419-20210111(1)_1046.png" width="2048" height="2048">
  </image>
  <image id="19" name="patch_images/2021.01.14/LBC419-20210111(1)/LBC419-20210111(1)_1045.png" width="2048" height="2048">
  </image>
  <image id="18" name="patch_images/2021.01.14/LBC419-20210111(1)/LBC419-20210111(1)_1043.png" width="2048" height="2048">
  </image>
  <image id="17" name="patch_images/2021.01.14/LBC419-20210111(1)/LBC419-20210111(1)_1042.png" width="2048" height="2048">
  </image>
  <image id="16" name="patch_images/2021.01.14/LBC419-20210111(1)/LBC419-20210111(1)_1041.png" width="2048" height="2048">
  </image>
  <image id="15" name="patch_images/2021.01.14/LBC419-20210111(1)/LBC419-20210111(1)_1040.png" width="2048" height="2048">
  </image>
  <image id="14" name="patch_images/2021.01.14/LBC419-20210111(1)/LBC419-20210111(1)_1037.png" width="2048" height="2048">
  </image>
  <image id="13" name="patch_images/2021.01.14/LBC419-20210111(1)/LBC419-20210111(1)_1036.png" width="2048" height="2048">
  </image>
  <image id="12" name="patch_images/2021.01.14/LBC419-20210111(1)/LBC419-20210111(1)_1033.png" width="2048" height="2048">
  </image>
  <image id="11" name="patch_images/2021.01.14/LBC419-20210111(1)/LBC419-20210111(1)_1032.png" width="2048" height="2048">
  </image>
  <image id="10" name="patch_images/2021.01.14/LBC419-20210111(1)/LBC419-20210111(1)_1031.png" width="2048" height="2048">
  </image>
  <image id="9" name="patch_images/2021.01.14/LBC419-20210111(1)/LBC419-20210111(1)_1030.png" width="2048" height="2048">
  </image>
  <image id="8" name="patch_images/2021.01.14/LBC419-20210111(1)/LBC419-20210111(1)_1025.png" width="2048" height="2048">
  </image>
  <image id="7" name="patch_images/2021.01.14/LBC419-20210111(1)/LBC419-20210111(1)_1021.png" width="2048" height="2048">
  </image>
  <image id="6" name="patch_images/2021.01.14/LBC419-20210111(1)/LBC419-20210111(1)_1019.png" width="2048" height="2048">
    <box label="AS" occluded="0" source="manual" xtl="1384.93" ytl="1338.90" xbr="1551.66" ybr="1478.25" z_order="0">
      <attribute name="Description">ASC-US</attribute>
    </box>
  </image>
  <image id="5" name="patch_images/2021.01.14/LBC419-20210111(1)/LBC419-20210111(1)_1018.png" width="2048" height="2048">
  </image>
  <image id="4" name="patch_images/2021.01.14/LBC419-20210111(1)/LBC419-20210111(1)_1016.png" width="2048" height="2048">
  </image>
  <image id="3" name="patch_images/2021.01.14/LBC419-20210111(1)/LBC419-20210111(1)_1014.png" width="2048" height="2048">
  </image>
  <image id="2" name="patch_images/2021.01.14/LBC419-20210111(1)/LBC419-20210111(1)_1013.png" width="2048" height="2048">
  </image>
  <image id="1" name="patch_images/2021.01.14/LBC419-20210111(1)/LBC419-20210111(1)_1012.png" width="2048" height="2048">
  </image>
  <image id="0" name="patch_images/2021.01.14/LBC419-20210111(1)/LBC419-20210111(1)_1008.png" width="2048" height="2048">
  </image>
</annotations>