<?xml version="1.0" encoding="utf-8"?>
<annotations>
  <version>1.1</version>
  <meta>
    <task>
      <id>670</id>
      <name>[ASC-H] LBC1943-20210203</name>
      <size>436</size>
      <mode>annotation</mode>
      <overlap>0</overlap>
      <bugtracker></bugtracker>
      <created>2022-01-28 04:59:06.345409+00:00</created>
      <updated>2022-02-03 00:25:13.245564+00:00</updated>
      <start_frame>0</start_frame>
      <stop_frame>435</stop_frame>
      <frame_filter></frame_filter>
      <labels>
        <label>
          <name>HSIL with HPV infection</name>
          <color>#ff0000</color>
          <attributes>
          </attributes>
        </label>
        <label>
          <name>Candida</name>
          <color>#2d00ff</color>
          <attributes>
          </attributes>
        </label>
        <label>
          <name>Negative</name>
          <color>#0049ff</color>
          <attributes>
            <attribute>
              <name>Cell Type</name>
              <mutable>False</mutable>
              <input_type>select</input_type>
              <default_value>Superficial cell</default_value>
              <values>Superficial cell
Intermediate cell
Parabasal cell
Metaplastic cell
Tissue repair
Endocervical cell
Endometrial cell</values>
            </attribute>
          </attributes>
        </label>
        <label>
          <name>Benign atypia</name>
          <color>#3578d1</color>
          <attributes>
            <attribute>
              <name>Infection Type</name>
              <mutable>False</mutable>
              <input_type>select</input_type>
              <default_value>None</default_value>
              <values>None
Candida albicans
Trichomonas vaginalis
Herpes simplex virus
Cytomegalovirus
Grandnerella species
Actinomyces species
Chlamydia species</values>
            </attribute>
          </attributes>
        </label>
        <label>
          <name>Reactive change</name>
          <color>#ea02bd</color>
          <attributes>
            <attribute>
              <name>Type</name>
              <mutable>False</mutable>
              <input_type>select</input_type>
              <default_value>Associated cellular change</default_value>
              <values>Associated cellular change
Follicular cervicitis
Chemotherapy
Radiation change
Pregnancy</values>
            </attribute>
          </attributes>
        </label>
        <label>
          <name>ASC-US</name>
          <color>#ff0000</color>
          <attributes>
            <attribute>
              <name>Description</name>
              <mutable>False</mutable>
              <input_type>text</input_type>
              <default_value>Atypical squamous cells of undetermined significance</default_value>
              <values>Atypical squamous cells of undetermined significance</values>
            </attribute>
          </attributes>
        </label>
        <label>
          <name>ASCUS-SIL</name>
          <color>#ff0000</color>
          <attributes>
            <attribute>
              <name>Description</name>
              <mutable>False</mutable>
              <input_type>text</input_type>
              <default_value>ASCUS squamous intraepithelial lesion</default_value>
              <values>ASCUS squamous intraepithelial lesion</values>
            </attribute>
          </attributes>
        </label>
        <label>
          <name>ASC-H</name>
          <color>#ff0000</color>
          <attributes>
            <attribute>
              <name>Description</name>
              <mutable>False</mutable>
              <input_type>text</input_type>
              <default_value>Atypical squamous cells of undetermined significants-High</default_value>
              <values>Atypical squamous cells of undetermined significants-High</values>
            </attribute>
          </attributes>
        </label>
        <label>
          <name>LSIL</name>
          <color>#ff0000</color>
          <attributes>
            <attribute>
              <name>Description</name>
              <mutable>False</mutable>
              <input_type>text</input_type>
              <default_value>Low-grade squamous intraepithelial lesion</default_value>
              <values>Low-grade squamous intraepithelial lesion</values>
            </attribute>
          </attributes>
        </label>
        <label>
          <name>HSIL</name>
          <color>#ff0000</color>
          <attributes>
            <attribute>
              <name>Description</name>
              <mutable>False</mutable>
              <input_type>text</input_type>
              <default_value>High-grade squamous intraepithelial lesion</default_value>
              <values>High-grade squamous intraepithelial lesion</values>
            </attribute>
          </attributes>
        </label>
        <label>
          <name>Carcinoma</name>
          <color>#ff0000</color>
          <attributes>
            <attribute>
              <name>Description</name>
              <mutable>False</mutable>
              <input_type>text</input_type>
              <default_value>Invasive squamous cell carcinoma (편평상피암)</default_value>
              <values>Invasive squamous cell carcinoma (편평상피암)</values>
            </attribute>
          </attributes>
        </label>
        <label>
          <name>AGUS</name>
          <color>#ff0000</color>
          <attributes>
            <attribute>
              <name>Description</name>
              <mutable>False</mutable>
              <input_type>text</input_type>
              <default_value>Atypical glandular cells of undetermined significants</default_value>
              <values>Atypical glandular cells of undetermined significants</values>
            </attribute>
            <attribute>
              <name>Cell Type</name>
              <mutable>False</mutable>
              <input_type>select</input_type>
              <default_value>Endocervical cell</default_value>
              <values>Endocervical cell
Endometrial cell</values>
            </attribute>
          </attributes>
        </label>
        <label>
          <name>AIS</name>
          <color>#ff0000</color>
          <attributes>
            <attribute>
              <name>Description</name>
              <mutable>False</mutable>
              <input_type>text</input_type>
              <default_value>Adenocarcinoma Insitu (선상피내암)</default_value>
              <values>Adenocarcinoma Insitu (선상피내암)</values>
            </attribute>
          </attributes>
        </label>
        <label>
          <name>Adenocarcinoma</name>
          <color>#ff0000</color>
          <attributes>
            <attribute>
              <name>Cell Type</name>
              <mutable>False</mutable>
              <input_type>select</input_type>
              <default_value>Endocervical cell</default_value>
              <values>Endocervical cell
Endometrial cell</values>
            </attribute>
          </attributes>
        </label>
        <label>
          <name>ASC-US with HPV infection</name>
          <color>#ff0000</color>
          <attributes>
          </attributes>
        </label>
        <label>
          <name>ASC-H with HPV infection</name>
          <color>#ff0000</color>
          <attributes>
          </attributes>
        </label>
        <label>
          <name>LSIL with HPV infection</name>
          <color>#ff0000</color>
          <attributes>
          </attributes>
        </label>
      </labels>
      <segments>
        <segment>
          <id>535</id>
          <start>0</start>
          <stop>435</stop>
          <url>http://cvat.doai.ai/?id=535</url>
        </segment>
      </segments>
      <owner>
        <username>django</username>
        <email></email>
      </owner>
      <assignee></assignee>
    </task>
    <dumped>2022-02-28 00:28:29.421376+00:00</dumped>
  </meta>
  <image id="340" name="scl/LBC1943-20210203(1)/LBC1943-20210203(1)_634.png" width="2048" height="2048">
  </image>
  <image id="339" name="scl/LBC1943-20210203(1)/LBC1943-20210203(1)_633.png" width="2048" height="2048">
  </image>
  <image id="338" name="scl/LBC1943-20210203(1)/LBC1943-20210203(1)_632.png" width="2048" height="2048">
  </image>
  <image id="337" name="scl/LBC1943-20210203(1)/LBC1943-20210203(1)_626.png" width="2048" height="2048">
  </image>
  <image id="336" name="scl/LBC1943-20210203(1)/LBC1943-20210203(1)_622.png" width="2048" height="2048">
  </image>
  <image id="335" name="scl/LBC1943-20210203(1)/LBC1943-20210203(1)_620.png" width="2048" height="2048">
  </image>
  <image id="334" name="scl/LBC1943-20210203(1)/LBC1943-20210203(1)_617.png" width="2048" height="2048">
  </image>
  <image id="333" name="scl/LBC1943-20210203(1)/LBC1943-20210203(1)_609.png" width="2048" height="2048">
  </image>
  <image id="332" name="scl/LBC1943-20210203(1)/LBC1943-20210203(1)_607.png" width="2048" height="2048">
  </image>
  <image id="331" name="scl/LBC1943-20210203(1)/LBC1943-20210203(1)_606.png" width="2048" height="2048">
  </image>
  <image id="330" name="scl/LBC1943-20210203(1)/LBC1943-20210203(1)_6.png" width="2048" height="2048">
  </image>
  <image id="329" name="scl/LBC1943-20210203(1)/LBC1943-20210203(1)_594.png" width="2048" height="2048">
  </image>
  <image id="328" name="scl/LBC1943-20210203(1)/LBC1943-20210203(1)_585.png" width="2048" height="2048">
  </image>
  <image id="327" name="scl/LBC1943-20210203(1)/LBC1943-20210203(1)_584.png" width="2048" height="2048">
  </image>
  <image id="326" name="scl/LBC1943-20210203(1)/LBC1943-20210203(1)_583.png" width="2048" height="2048">
  </image>
  <image id="325" name="scl/LBC1943-20210203(1)/LBC1943-20210203(1)_582.png" width="2048" height="2048">
  </image>
  <image id="324" name="scl/LBC1943-20210203(1)/LBC1943-20210203(1)_581.png" width="2048" height="2048">
  </image>
  <image id="323" name="scl/LBC1943-20210203(1)/LBC1943-20210203(1)_580.png" width="2048" height="2048">
  </image>
  <image id="322" name="scl/LBC1943-20210203(1)/LBC1943-20210203(1)_579.png" width="2048" height="2048">
  </image>
  <image id="321" name="scl/LBC1943-20210203(1)/LBC1943-20210203(1)_577.png" width="2048" height="2048">
  </image>
  <image id="320" name="scl/LBC1943-20210203(1)/LBC1943-20210203(1)_573.png" width="2048" height="2048">
  </image>
  <image id="319" name="scl/LBC1943-20210203(1)/LBC1943-20210203(1)_570.png" width="2048" height="2048">
  </image>
  <image id="318" name="scl/LBC1943-20210203(1)/LBC1943-20210203(1)_567.png" width="2048" height="2048">
  </image>
  <image id="317" name="scl/LBC1943-20210203(1)/LBC1943-20210203(1)_563.png" width="2048" height="2048">
  </image>
  <image id="316" name="scl/LBC1943-20210203(1)/LBC1943-20210203(1)_562.png" width="2048" height="2048">
  </image>
  <image id="315" name="scl/LBC1943-20210203(1)/LBC1943-20210203(1)_557.png" width="2048" height="2048">
  </image>
  <image id="314" name="scl/LBC1943-20210203(1)/LBC1943-20210203(1)_553.png" width="2048" height="2048">
  </image>
  <image id="313" name="scl/LBC1943-20210203(1)/LBC1943-20210203(1)_55.png" width="2048" height="2048">
  </image>
  <image id="312" name="scl/LBC1943-20210203(1)/LBC1943-20210203(1)_546.png" width="2048" height="2048">
  </image>
  <image id="311" name="scl/LBC1943-20210203(1)/LBC1943-20210203(1)_545.png" width="2048" height="2048">
  </image>
  <image id="310" name="scl/LBC1943-20210203(1)/LBC1943-20210203(1)_54.png" width="2048" height="2048">
  </image>
  <image id="309" name="scl/LBC1943-20210203(1)/LBC1943-20210203(1)_536.png" width="2048" height="2048">
  </image>
  <image id="308" name="scl/LBC1943-20210203(1)/LBC1943-20210203(1)_535.png" width="2048" height="2048">
  </image>
  <image id="307" name="scl/LBC1943-20210203(1)/LBC1943-20210203(1)_534.png" width="2048" height="2048">
  </image>
  <image id="306" name="scl/LBC1943-20210203(1)/LBC1943-20210203(1)_533.png" width="2048" height="2048">
  </image>
  <image id="305" name="scl/LBC1943-20210203(1)/LBC1943-20210203(1)_532.png" width="2048" height="2048">
  </image>
  <image id="304" name="scl/LBC1943-20210203(1)/LBC1943-20210203(1)_531.png" width="2048" height="2048">
  </image>
  <image id="303" name="scl/LBC1943-20210203(1)/LBC1943-20210203(1)_527.png" width="2048" height="2048">
  </image>
  <image id="302" name="scl/LBC1943-20210203(1)/LBC1943-20210203(1)_521.png" width="2048" height="2048">
  </image>
  <image id="301" name="scl/LBC1943-20210203(1)/LBC1943-20210203(1)_520.png" width="2048" height="2048">
  </image>
  <image id="300" name="scl/LBC1943-20210203(1)/LBC1943-20210203(1)_511.png" width="2048" height="2048">
  </image>
  <image id="299" name="scl/LBC1943-20210203(1)/LBC1943-20210203(1)_509.png" width="2048" height="2048">
  </image>
  <image id="298" name="scl/LBC1943-20210203(1)/LBC1943-20210203(1)_503.png" width="2048" height="2048">
  </image>
  <image id="297" name="scl/LBC1943-20210203(1)/LBC1943-20210203(1)_502.png" width="2048" height="2048">
  </image>
  <image id="296" name="scl/LBC1943-20210203(1)/LBC1943-20210203(1)_5.png" width="2048" height="2048">
  </image>
  <image id="295" name="scl/LBC1943-20210203(1)/LBC1943-20210203(1)_497.png" width="2048" height="2048">
  </image>
  <image id="294" name="scl/LBC1943-20210203(1)/LBC1943-20210203(1)_496.png" width="2048" height="2048">
  </image>
  <image id="293" name="scl/LBC1943-20210203(1)/LBC1943-20210203(1)_479.png" width="2048" height="2048">
  </image>
  <image id="292" name="scl/LBC1943-20210203(1)/LBC1943-20210203(1)_476.png" width="2048" height="2048">
  </image>
  <image id="291" name="scl/LBC1943-20210203(1)/LBC1943-20210203(1)_475.png" width="2048" height="2048">
  </image>
  <image id="290" name="scl/LBC1943-20210203(1)/LBC1943-20210203(1)_459.png" width="2048" height="2048">
  </image>
  <image id="289" name="scl/LBC1943-20210203(1)/LBC1943-20210203(1)_457.png" width="2048" height="2048">
  </image>
  <image id="288" name="scl/LBC1943-20210203(1)/LBC1943-20210203(1)_456.png" width="2048" height="2048">
  </image>
  <image id="287" name="scl/LBC1943-20210203(1)/LBC1943-20210203(1)_448.png" width="2048" height="2048">
  </image>
  <image id="286" name="scl/LBC1943-20210203(1)/LBC1943-20210203(1)_447.png" width="2048" height="2048">
  </image>
  <image id="285" name="scl/LBC1943-20210203(1)/LBC1943-20210203(1)_429.png" width="2048" height="2048">
  </image>
  <image id="284" name="scl/LBC1943-20210203(1)/LBC1943-20210203(1)_419.png" width="2048" height="2048">
  </image>
  <image id="283" name="scl/LBC1943-20210203(1)/LBC1943-20210203(1)_418.png" width="2048" height="2048">
  </image>
  <image id="282" name="scl/LBC1943-20210203(1)/LBC1943-20210203(1)_412.png" width="2048" height="2048">
  </image>
  <image id="281" name="scl/LBC1943-20210203(1)/LBC1943-20210203(1)_408.png" width="2048" height="2048">
  </image>
  <image id="280" name="scl/LBC1943-20210203(1)/LBC1943-20210203(1)_407.png" width="2048" height="2048">
  </image>
  <image id="279" name="scl/LBC1943-20210203(1)/LBC1943-20210203(1)_399.png" width="2048" height="2048">
  </image>
  <image id="278" name="scl/LBC1943-20210203(1)/LBC1943-20210203(1)_398.png" width="2048" height="2048">
  </image>
  <image id="277" name="scl/LBC1943-20210203(1)/LBC1943-20210203(1)_397.png" width="2048" height="2048">
  </image>
  <image id="276" name="scl/LBC1943-20210203(1)/LBC1943-20210203(1)_380.png" width="2048" height="2048">
  </image>
  <image id="275" name="scl/LBC1943-20210203(1)/LBC1943-20210203(1)_376.png" width="2048" height="2048">
  </image>
  <image id="274" name="scl/LBC1943-20210203(1)/LBC1943-20210203(1)_373.png" width="2048" height="2048">
  </image>
  <image id="273" name="scl/LBC1943-20210203(1)/LBC1943-20210203(1)_366.png" width="2048" height="2048">
  </image>
  <image id="272" name="scl/LBC1943-20210203(1)/LBC1943-20210203(1)_363.png" width="2048" height="2048">
  </image>
  <image id="271" name="scl/LBC1943-20210203(1)/LBC1943-20210203(1)_350.png" width="2048" height="2048">
  </image>
  <image id="270" name="scl/LBC1943-20210203(1)/LBC1943-20210203(1)_349.png" width="2048" height="2048">
  </image>
  <image id="269" name="scl/LBC1943-20210203(1)/LBC1943-20210203(1)_348.png" width="2048" height="2048">
  </image>
  <image id="268" name="scl/LBC1943-20210203(1)/LBC1943-20210203(1)_333.png" width="2048" height="2048">
  </image>
  <image id="267" name="scl/LBC1943-20210203(1)/LBC1943-20210203(1)_330.png" width="2048" height="2048">
  </image>
  <image id="266" name="scl/LBC1943-20210203(1)/LBC1943-20210203(1)_328.png" width="2048" height="2048">
  </image>
  <image id="265" name="scl/LBC1943-20210203(1)/LBC1943-20210203(1)_320.png" width="2048" height="2048">
  </image>
  <image id="264" name="scl/LBC1943-20210203(1)/LBC1943-20210203(1)_317.png" width="2048" height="2048">
  </image>
  <image id="263" name="scl/LBC1943-20210203(1)/LBC1943-20210203(1)_309.png" width="2048" height="2048">
  </image>
  <image id="262" name="scl/LBC1943-20210203(1)/LBC1943-20210203(1)_301.png" width="2048" height="2048">
  </image>
  <image id="261" name="scl/LBC1943-20210203(1)/LBC1943-20210203(1)_300.png" width="2048" height="2048">
  </image>
  <image id="260" name="scl/LBC1943-20210203(1)/LBC1943-20210203(1)_299.png" width="2048" height="2048">
  </image>
  <image id="259" name="scl/LBC1943-20210203(1)/LBC1943-20210203(1)_269.png" width="2048" height="2048">
  </image>
  <image id="258" name="scl/LBC1943-20210203(1)/LBC1943-20210203(1)_267.png" width="2048" height="2048">
  </image>
  <image id="257" name="scl/LBC1943-20210203(1)/LBC1943-20210203(1)_266.png" width="2048" height="2048">
  </image>
  <image id="256" name="scl/LBC1943-20210203(1)/LBC1943-20210203(1)_265.png" width="2048" height="2048">
  </image>
  <image id="255" name="scl/LBC1943-20210203(1)/LBC1943-20210203(1)_264.png" width="2048" height="2048">
  </image>
  <image id="254" name="scl/LBC1943-20210203(1)/LBC1943-20210203(1)_252.png" width="2048" height="2048">
  </image>
  <image id="253" name="scl/LBC1943-20210203(1)/LBC1943-20210203(1)_251.png" width="2048" height="2048">
  </image>
  <image id="252" name="scl/LBC1943-20210203(1)/LBC1943-20210203(1)_226.png" width="2048" height="2048">
  </image>
  <image id="251" name="scl/LBC1943-20210203(1)/LBC1943-20210203(1)_223.png" width="2048" height="2048">
  </image>
  <image id="250" name="scl/LBC1943-20210203(1)/LBC1943-20210203(1)_221.png" width="2048" height="2048">
  </image>
  <image id="249" name="scl/LBC1943-20210203(1)/LBC1943-20210203(1)_219.png" width="2048" height="2048">
  </image>
  <image id="248" name="scl/LBC1943-20210203(1)/LBC1943-20210203(1)_218.png" width="2048" height="2048">
  </image>
  <image id="247" name="scl/LBC1943-20210203(1)/LBC1943-20210203(1)_217.png" width="2048" height="2048">
  </image>
  <image id="246" name="scl/LBC1943-20210203(1)/LBC1943-20210203(1)_2161.png" width="2048" height="2048">
  </image>
  <image id="245" name="scl/LBC1943-20210203(1)/LBC1943-20210203(1)_216.png" width="2048" height="2048">
  </image>
  <image id="244" name="scl/LBC1943-20210203(1)/LBC1943-20210203(1)_2112.png" width="2048" height="2048">
  </image>
  <image id="243" name="scl/LBC1943-20210203(1)/LBC1943-20210203(1)_2081.png" width="2048" height="2048">
  </image>
  <image id="242" name="scl/LBC1943-20210203(1)/LBC1943-20210203(1)_2079.png" width="2048" height="2048">
  </image>
  <image id="241" name="scl/LBC1943-20210203(1)/LBC1943-20210203(1)_2078.png" width="2048" height="2048">
  </image>
  <image id="240" name="scl/LBC1943-20210203(1)/LBC1943-20210203(1)_2063.png" width="2048" height="2048">
  </image>
  <image id="239" name="scl/LBC1943-20210203(1)/LBC1943-20210203(1)_2042.png" width="2048" height="2048">
  </image>
  <image id="238" name="scl/LBC1943-20210203(1)/LBC1943-20210203(1)_2032.png" width="2048" height="2048">
  </image>
  <image id="237" name="scl/LBC1943-20210203(1)/LBC1943-20210203(1)_2031.png" width="2048" height="2048">
  </image>
  <image id="236" name="scl/LBC1943-20210203(1)/LBC1943-20210203(1)_2030.png" width="2048" height="2048">
  </image>
  <image id="235" name="scl/LBC1943-20210203(1)/LBC1943-20210203(1)_203.png" width="2048" height="2048">
  </image>
  <image id="234" name="scl/LBC1943-20210203(1)/LBC1943-20210203(1)_2029.png" width="2048" height="2048">
  </image>
  <image id="233" name="scl/LBC1943-20210203(1)/LBC1943-20210203(1)_2028.png" width="2048" height="2048">
  </image>
  <image id="232" name="scl/LBC1943-20210203(1)/LBC1943-20210203(1)_202.png" width="2048" height="2048">
  </image>
  <image id="231" name="scl/LBC1943-20210203(1)/LBC1943-20210203(1)_2014.png" width="2048" height="2048">
  </image>
  <image id="230" name="scl/LBC1943-20210203(1)/LBC1943-20210203(1)_20.png" width="2048" height="2048">
  </image>
  <image id="229" name="scl/LBC1943-20210203(1)/LBC1943-20210203(1)_1986.png" width="2048" height="2048">
  </image>
  <image id="228" name="scl/LBC1943-20210203(1)/LBC1943-20210203(1)_1983.png" width="2048" height="2048">
  </image>
  <image id="227" name="scl/LBC1943-20210203(1)/LBC1943-20210203(1)_1982.png" width="2048" height="2048">
  </image>
  <image id="226" name="scl/LBC1943-20210203(1)/LBC1943-20210203(1)_1981.png" width="2048" height="2048">
  </image>
  <image id="225" name="scl/LBC1943-20210203(1)/LBC1943-20210203(1)_1977.png" width="2048" height="2048">
  </image>
  <image id="224" name="scl/LBC1943-20210203(1)/LBC1943-20210203(1)_1965.png" width="2048" height="2048">
  </image>
  <image id="223" name="scl/LBC1943-20210203(1)/LBC1943-20210203(1)_1934.png" width="2048" height="2048">
  </image>
  <image id="222" name="scl/LBC1943-20210203(1)/LBC1943-20210203(1)_1933.png" width="2048" height="2048">
  </image>
  <image id="221" name="scl/LBC1943-20210203(1)/LBC1943-20210203(1)_1932.png" width="2048" height="2048">
  </image>
  <image id="220" name="scl/LBC1943-20210203(1)/LBC1943-20210203(1)_1931.png" width="2048" height="2048">
  </image>
  <image id="219" name="scl/LBC1943-20210203(1)/LBC1943-20210203(1)_1930.png" width="2048" height="2048">
  </image>
  <image id="218" name="scl/LBC1943-20210203(1)/LBC1943-20210203(1)_1929.png" width="2048" height="2048">
  </image>
  <image id="217" name="scl/LBC1943-20210203(1)/LBC1943-20210203(1)_1916.png" width="2048" height="2048">
  </image>
  <image id="216" name="scl/LBC1943-20210203(1)/LBC1943-20210203(1)_1895.png" width="2048" height="2048">
  </image>
  <image id="215" name="scl/LBC1943-20210203(1)/LBC1943-20210203(1)_1890.png" width="2048" height="2048">
  </image>
  <image id="214" name="scl/LBC1943-20210203(1)/LBC1943-20210203(1)_1887.png" width="2048" height="2048">
  </image>
  <image id="213" name="scl/LBC1943-20210203(1)/LBC1943-20210203(1)_1883.png" width="2048" height="2048">
  </image>
  <image id="212" name="scl/LBC1943-20210203(1)/LBC1943-20210203(1)_1882.png" width="2048" height="2048">
  </image>
  <image id="211" name="scl/LBC1943-20210203(1)/LBC1943-20210203(1)_1881.png" width="2048" height="2048">
  </image>
  <image id="210" name="scl/LBC1943-20210203(1)/LBC1943-20210203(1)_1880.png" width="2048" height="2048">
  </image>
  <image id="209" name="scl/LBC1943-20210203(1)/LBC1943-20210203(1)_1878.png" width="2048" height="2048">
  </image>
  <image id="208" name="scl/LBC1943-20210203(1)/LBC1943-20210203(1)_1867.png" width="2048" height="2048">
  </image>
  <image id="207" name="scl/LBC1943-20210203(1)/LBC1943-20210203(1)_1852.png" width="2048" height="2048">
  </image>
  <image id="206" name="scl/LBC1943-20210203(1)/LBC1943-20210203(1)_1847.png" width="2048" height="2048">
  </image>
  <image id="205" name="scl/LBC1943-20210203(1)/LBC1943-20210203(1)_1844.png" width="2048" height="2048">
  </image>
  <image id="204" name="scl/LBC1943-20210203(1)/LBC1943-20210203(1)_1843.png" width="2048" height="2048">
  </image>
  <image id="203" name="scl/LBC1943-20210203(1)/LBC1943-20210203(1)_1834.png" width="2048" height="2048">
  </image>
  <image id="202" name="scl/LBC1943-20210203(1)/LBC1943-20210203(1)_1818.png" width="2048" height="2048">
  </image>
  <image id="201" name="scl/LBC1943-20210203(1)/LBC1943-20210203(1)_1798.png" width="2048" height="2048">
  </image>
  <image id="200" name="scl/LBC1943-20210203(1)/LBC1943-20210203(1)_1795.png" width="2048" height="2048">
  </image>
  <image id="199" name="scl/LBC1943-20210203(1)/LBC1943-20210203(1)_1793.png" width="2048" height="2048">
  </image>
  <image id="198" name="scl/LBC1943-20210203(1)/LBC1943-20210203(1)_1791.png" width="2048" height="2048">
  </image>
  <image id="197" name="scl/LBC1943-20210203(1)/LBC1943-20210203(1)_1782.png" width="2048" height="2048">
  </image>
  <image id="196" name="scl/LBC1943-20210203(1)/LBC1943-20210203(1)_178.png" width="2048" height="2048">
  </image>
  <image id="195" name="scl/LBC1943-20210203(1)/LBC1943-20210203(1)_1779.png" width="2048" height="2048">
  </image>
  <image id="194" name="scl/LBC1943-20210203(1)/LBC1943-20210203(1)_1776.png" width="2048" height="2048">
  </image>
  <image id="193" name="scl/LBC1943-20210203(1)/LBC1943-20210203(1)_1769.png" width="2048" height="2048">
  </image>
  <image id="192" name="scl/LBC1943-20210203(1)/LBC1943-20210203(1)_1756.png" width="2048" height="2048">
  </image>
  <image id="191" name="scl/LBC1943-20210203(1)/LBC1943-20210203(1)_1755.png" width="2048" height="2048">
  </image>
  <image id="190" name="scl/LBC1943-20210203(1)/LBC1943-20210203(1)_1749.png" width="2048" height="2048">
  </image>
  <image id="189" name="scl/LBC1943-20210203(1)/LBC1943-20210203(1)_174.png" width="2048" height="2048">
  </image>
  <image id="188" name="scl/LBC1943-20210203(1)/LBC1943-20210203(1)_1735.png" width="2048" height="2048">
  </image>
  <image id="187" name="scl/LBC1943-20210203(1)/LBC1943-20210203(1)_1731.png" width="2048" height="2048">
  </image>
  <image id="186" name="scl/LBC1943-20210203(1)/LBC1943-20210203(1)_1721.png" width="2048" height="2048">
  </image>
  <image id="185" name="scl/LBC1943-20210203(1)/LBC1943-20210203(1)_1720.png" width="2048" height="2048">
  </image>
  <image id="184" name="scl/LBC1943-20210203(1)/LBC1943-20210203(1)_170.png" width="2048" height="2048">
  </image>
  <image id="183" name="scl/LBC1943-20210203(1)/LBC1943-20210203(1)_1699.png" width="2048" height="2048">
  </image>
  <image id="182" name="scl/LBC1943-20210203(1)/LBC1943-20210203(1)_1698.png" width="2048" height="2048">
  </image>
  <image id="181" name="scl/LBC1943-20210203(1)/LBC1943-20210203(1)_1695.png" width="2048" height="2048">
  </image>
  <image id="180" name="scl/LBC1943-20210203(1)/LBC1943-20210203(1)_1694.png" width="2048" height="2048">
  </image>
  <image id="179" name="scl/LBC1943-20210203(1)/LBC1943-20210203(1)_169.png" width="2048" height="2048">
  </image>
  <image id="178" name="scl/LBC1943-20210203(1)/LBC1943-20210203(1)_1685.png" width="2048" height="2048">
  </image>
  <image id="177" name="scl/LBC1943-20210203(1)/LBC1943-20210203(1)_1684.png" width="2048" height="2048">
  </image>
  <image id="176" name="scl/LBC1943-20210203(1)/LBC1943-20210203(1)_1683.png" width="2048" height="2048">
  </image>
  <image id="175" name="scl/LBC1943-20210203(1)/LBC1943-20210203(1)_1679.png" width="2048" height="2048">
  </image>
  <image id="174" name="scl/LBC1943-20210203(1)/LBC1943-20210203(1)_1678.png" width="2048" height="2048">
  </image>
  <image id="173" name="scl/LBC1943-20210203(1)/LBC1943-20210203(1)_1672.png" width="2048" height="2048">
  </image>
  <image id="172" name="scl/LBC1943-20210203(1)/LBC1943-20210203(1)_1671.png" width="2048" height="2048">
  </image>
  <image id="171" name="scl/LBC1943-20210203(1)/LBC1943-20210203(1)_167.png" width="2048" height="2048">
  </image>
  <image id="170" name="scl/LBC1943-20210203(1)/LBC1943-20210203(1)_1658.png" width="2048" height="2048">
  </image>
  <image id="169" name="scl/LBC1943-20210203(1)/LBC1943-20210203(1)_1657.png" width="2048" height="2048">
  </image>
  <image id="168" name="scl/LBC1943-20210203(1)/LBC1943-20210203(1)_1655.png" width="2048" height="2048">
  </image>
  <image id="167" name="scl/LBC1943-20210203(1)/LBC1943-20210203(1)_1649.png" width="2048" height="2048">
  </image>
  <image id="166" name="scl/LBC1943-20210203(1)/LBC1943-20210203(1)_1645.png" width="2048" height="2048">
  </image>
  <image id="165" name="scl/LBC1943-20210203(1)/LBC1943-20210203(1)_1635.png" width="2048" height="2048">
  </image>
  <image id="164" name="scl/LBC1943-20210203(1)/LBC1943-20210203(1)_1634.png" width="2048" height="2048">
  </image>
  <image id="163" name="scl/LBC1943-20210203(1)/LBC1943-20210203(1)_1633.png" width="2048" height="2048">
  </image>
  <image id="162" name="scl/LBC1943-20210203(1)/LBC1943-20210203(1)_1623.png" width="2048" height="2048">
  </image>
  <image id="161" name="scl/LBC1943-20210203(1)/LBC1943-20210203(1)_1622.png" width="2048" height="2048">
  </image>
  <image id="160" name="scl/LBC1943-20210203(1)/LBC1943-20210203(1)_1600.png" width="2048" height="2048">
  </image>
  <image id="159" name="scl/LBC1943-20210203(1)/LBC1943-20210203(1)_1597.png" width="2048" height="2048">
  </image>
  <image id="158" name="scl/LBC1943-20210203(1)/LBC1943-20210203(1)_1595.png" width="2048" height="2048">
  </image>
  <image id="157" name="scl/LBC1943-20210203(1)/LBC1943-20210203(1)_1594.png" width="2048" height="2048">
  </image>
  <image id="156" name="scl/LBC1943-20210203(1)/LBC1943-20210203(1)_1588.png" width="2048" height="2048">
  </image>
  <image id="155" name="scl/LBC1943-20210203(1)/LBC1943-20210203(1)_1587.png" width="2048" height="2048">
  </image>
  <image id="154" name="scl/LBC1943-20210203(1)/LBC1943-20210203(1)_1586.png" width="2048" height="2048">
  </image>
  <image id="153" name="scl/LBC1943-20210203(1)/LBC1943-20210203(1)_1583.png" width="2048" height="2048">
  </image>
  <image id="152" name="scl/LBC1943-20210203(1)/LBC1943-20210203(1)_1578.png" width="2048" height="2048">
  </image>
  <image id="151" name="scl/LBC1943-20210203(1)/LBC1943-20210203(1)_1574.png" width="2048" height="2048">
  </image>
  <image id="150" name="scl/LBC1943-20210203(1)/LBC1943-20210203(1)_1573.png" width="2048" height="2048">
  </image>
  <image id="149" name="scl/LBC1943-20210203(1)/LBC1943-20210203(1)_1556.png" width="2048" height="2048">
  </image>
  <image id="148" name="scl/LBC1943-20210203(1)/LBC1943-20210203(1)_1548.png" width="2048" height="2048">
  </image>
  <image id="147" name="scl/LBC1943-20210203(1)/LBC1943-20210203(1)_1547.png" width="2048" height="2048">
  </image>
  <image id="146" name="scl/LBC1943-20210203(1)/LBC1943-20210203(1)_1546.png" width="2048" height="2048">
  </image>
  <image id="145" name="scl/LBC1943-20210203(1)/LBC1943-20210203(1)_154.png" width="2048" height="2048">
  </image>
  <image id="144" name="scl/LBC1943-20210203(1)/LBC1943-20210203(1)_1535.png" width="2048" height="2048">
  </image>
  <image id="143" name="scl/LBC1943-20210203(1)/LBC1943-20210203(1)_1533.png" width="2048" height="2048">
  </image>
  <image id="142" name="scl/LBC1943-20210203(1)/LBC1943-20210203(1)_1532.png" width="2048" height="2048">
  </image>
  <image id="141" name="scl/LBC1943-20210203(1)/LBC1943-20210203(1)_1530.png" width="2048" height="2048">
  </image>
  <image id="140" name="scl/LBC1943-20210203(1)/LBC1943-20210203(1)_153.png" width="2048" height="2048">
  </image>
  <image id="139" name="scl/LBC1943-20210203(1)/LBC1943-20210203(1)_1528.png" width="2048" height="2048">
  </image>
  <image id="138" name="scl/LBC1943-20210203(1)/LBC1943-20210203(1)_1525.png" width="2048" height="2048">
  </image>
  <image id="137" name="scl/LBC1943-20210203(1)/LBC1943-20210203(1)_1524.png" width="2048" height="2048">
  </image>
  <image id="136" name="scl/LBC1943-20210203(1)/LBC1943-20210203(1)_1510.png" width="2048" height="2048">
  </image>
  <image id="135" name="scl/LBC1943-20210203(1)/LBC1943-20210203(1)_1508.png" width="2048" height="2048">
  </image>
  <image id="134" name="scl/LBC1943-20210203(1)/LBC1943-20210203(1)_1505.png" width="2048" height="2048">
  </image>
  <image id="133" name="scl/LBC1943-20210203(1)/LBC1943-20210203(1)_1500.png" width="2048" height="2048">
  </image>
  <image id="132" name="scl/LBC1943-20210203(1)/LBC1943-20210203(1)_1499.png" width="2048" height="2048">
  </image>
  <image id="131" name="scl/LBC1943-20210203(1)/LBC1943-20210203(1)_1498.png" width="2048" height="2048">
  </image>
  <image id="130" name="scl/LBC1943-20210203(1)/LBC1943-20210203(1)_1497.png" width="2048" height="2048">
  </image>
  <image id="129" name="scl/LBC1943-20210203(1)/LBC1943-20210203(1)_1479.png" width="2048" height="2048">
  </image>
  <image id="128" name="scl/LBC1943-20210203(1)/LBC1943-20210203(1)_1476.png" width="2048" height="2048">
  </image>
  <image id="127" name="scl/LBC1943-20210203(1)/LBC1943-20210203(1)_1475.png" width="2048" height="2048">
  </image>
  <image id="126" name="scl/LBC1943-20210203(1)/LBC1943-20210203(1)_1464.png" width="2048" height="2048">
  </image>
  <image id="125" name="scl/LBC1943-20210203(1)/LBC1943-20210203(1)_1463.png" width="2048" height="2048">
  </image>
  <image id="124" name="scl/LBC1943-20210203(1)/LBC1943-20210203(1)_1461.png" width="2048" height="2048">
  </image>
  <image id="123" name="scl/LBC1943-20210203(1)/LBC1943-20210203(1)_1457.png" width="2048" height="2048">
  </image>
  <image id="122" name="scl/LBC1943-20210203(1)/LBC1943-20210203(1)_1451.png" width="2048" height="2048">
  </image>
  <image id="121" name="scl/LBC1943-20210203(1)/LBC1943-20210203(1)_1450.png" width="2048" height="2048">
  </image>
  <image id="120" name="scl/LBC1943-20210203(1)/LBC1943-20210203(1)_1448.png" width="2048" height="2048">
  </image>
  <image id="119" name="scl/LBC1943-20210203(1)/LBC1943-20210203(1)_1445.png" width="2048" height="2048">
  </image>
  <image id="118" name="scl/LBC1943-20210203(1)/LBC1943-20210203(1)_1442.png" width="2048" height="2048">
  </image>
  <image id="117" name="scl/LBC1943-20210203(1)/LBC1943-20210203(1)_1440.png" width="2048" height="2048">
  </image>
  <image id="116" name="scl/LBC1943-20210203(1)/LBC1943-20210203(1)_1439.png" width="2048" height="2048">
  </image>
  <image id="115" name="scl/LBC1943-20210203(1)/LBC1943-20210203(1)_1437.png" width="2048" height="2048">
  </image>
  <image id="114" name="scl/LBC1943-20210203(1)/LBC1943-20210203(1)_1427.png" width="2048" height="2048">
  </image>
  <image id="113" name="scl/LBC1943-20210203(1)/LBC1943-20210203(1)_1426.png" width="2048" height="2048">
  </image>
  <image id="112" name="scl/LBC1943-20210203(1)/LBC1943-20210203(1)_1414.png" width="2048" height="2048">
  </image>
  <image id="111" name="scl/LBC1943-20210203(1)/LBC1943-20210203(1)_1413.png" width="2048" height="2048">
  </image>
  <image id="110" name="scl/LBC1943-20210203(1)/LBC1943-20210203(1)_1412.png" width="2048" height="2048">
  </image>
  <image id="109" name="scl/LBC1943-20210203(1)/LBC1943-20210203(1)_1411.png" width="2048" height="2048">
  </image>
  <image id="108" name="scl/LBC1943-20210203(1)/LBC1943-20210203(1)_1410.png" width="2048" height="2048">
  </image>
  <image id="107" name="scl/LBC1943-20210203(1)/LBC1943-20210203(1)_1409.png" width="2048" height="2048">
  </image>
  <image id="106" name="scl/LBC1943-20210203(1)/LBC1943-20210203(1)_1402.png" width="2048" height="2048">
  </image>
  <image id="105" name="scl/LBC1943-20210203(1)/LBC1943-20210203(1)_1401.png" width="2048" height="2048">
  </image>
  <image id="104" name="scl/LBC1943-20210203(1)/LBC1943-20210203(1)_1400.png" width="2048" height="2048">
  </image>
  <image id="103" name="scl/LBC1943-20210203(1)/LBC1943-20210203(1)_1392.png" width="2048" height="2048">
  </image>
  <image id="102" name="scl/LBC1943-20210203(1)/LBC1943-20210203(1)_1389.png" width="2048" height="2048">
  </image>
  <image id="101" name="scl/LBC1943-20210203(1)/LBC1943-20210203(1)_1385.png" width="2048" height="2048">
  </image>
  <image id="100" name="scl/LBC1943-20210203(1)/LBC1943-20210203(1)_1378.png" width="2048" height="2048">
  </image>
  <image id="99" name="scl/LBC1943-20210203(1)/LBC1943-20210203(1)_1377.png" width="2048" height="2048">
  </image>
  <image id="98" name="scl/LBC1943-20210203(1)/LBC1943-20210203(1)_1366.png" width="2048" height="2048">
  </image>
  <image id="97" name="scl/LBC1943-20210203(1)/LBC1943-20210203(1)_1365.png" width="2048" height="2048">
  </image>
  <image id="96" name="scl/LBC1943-20210203(1)/LBC1943-20210203(1)_1364.png" width="2048" height="2048">
  </image>
  <image id="95" name="scl/LBC1943-20210203(1)/LBC1943-20210203(1)_1363.png" width="2048" height="2048">
  </image>
  <image id="94" name="scl/LBC1943-20210203(1)/LBC1943-20210203(1)_1362.png" width="2048" height="2048">
  </image>
  <image id="93" name="scl/LBC1943-20210203(1)/LBC1943-20210203(1)_1361.png" width="2048" height="2048">
  </image>
  <image id="92" name="scl/LBC1943-20210203(1)/LBC1943-20210203(1)_1360.png" width="2048" height="2048">
  </image>
  <image id="91" name="scl/LBC1943-20210203(1)/LBC1943-20210203(1)_1358.png" width="2048" height="2048">
  </image>
  <image id="90" name="scl/LBC1943-20210203(1)/LBC1943-20210203(1)_1354.png" width="2048" height="2048">
  </image>
  <image id="89" name="scl/LBC1943-20210203(1)/LBC1943-20210203(1)_1352.png" width="2048" height="2048">
  </image>
  <image id="88" name="scl/LBC1943-20210203(1)/LBC1943-20210203(1)_1351.png" width="2048" height="2048">
  </image>
  <image id="87" name="scl/LBC1943-20210203(1)/LBC1943-20210203(1)_1350.png" width="2048" height="2048">
  </image>
  <image id="86" name="scl/LBC1943-20210203(1)/LBC1943-20210203(1)_1346.png" width="2048" height="2048">
  </image>
  <image id="85" name="scl/LBC1943-20210203(1)/LBC1943-20210203(1)_1340.png" width="2048" height="2048">
  </image>
  <image id="84" name="scl/LBC1943-20210203(1)/LBC1943-20210203(1)_1335.png" width="2048" height="2048">
  </image>
  <image id="83" name="scl/LBC1943-20210203(1)/LBC1943-20210203(1)_1333.png" width="2048" height="2048">
  </image>
  <image id="82" name="scl/LBC1943-20210203(1)/LBC1943-20210203(1)_1329.png" width="2048" height="2048">
  </image>
  <image id="81" name="scl/LBC1943-20210203(1)/LBC1943-20210203(1)_1328.png" width="2048" height="2048">
  </image>
  <image id="80" name="scl/LBC1943-20210203(1)/LBC1943-20210203(1)_1318.png" width="2048" height="2048">
  </image>
  <image id="79" name="scl/LBC1943-20210203(1)/LBC1943-20210203(1)_1317.png" width="2048" height="2048">
  </image>
  <image id="78" name="scl/LBC1943-20210203(1)/LBC1943-20210203(1)_1316.png" width="2048" height="2048">
  </image>
  <image id="77" name="scl/LBC1943-20210203(1)/LBC1943-20210203(1)_1315.png" width="2048" height="2048">
  </image>
  <image id="76" name="scl/LBC1943-20210203(1)/LBC1943-20210203(1)_1314.png" width="2048" height="2048">
  </image>
  <image id="75" name="scl/LBC1943-20210203(1)/LBC1943-20210203(1)_1313.png" width="2048" height="2048">
  </image>
  <image id="74" name="scl/LBC1943-20210203(1)/LBC1943-20210203(1)_1312.png" width="2048" height="2048">
  </image>
  <image id="73" name="scl/LBC1943-20210203(1)/LBC1943-20210203(1)_1311.png" width="2048" height="2048">
  </image>
  <image id="72" name="scl/LBC1943-20210203(1)/LBC1943-20210203(1)_1309.png" width="2048" height="2048">
  </image>
  <image id="71" name="scl/LBC1943-20210203(1)/LBC1943-20210203(1)_1308.png" width="2048" height="2048">
  </image>
  <image id="70" name="scl/LBC1943-20210203(1)/LBC1943-20210203(1)_1291.png" width="2048" height="2048">
  </image>
  <image id="69" name="scl/LBC1943-20210203(1)/LBC1943-20210203(1)_1285.png" width="2048" height="2048">
  </image>
  <image id="68" name="scl/LBC1943-20210203(1)/LBC1943-20210203(1)_1280.png" width="2048" height="2048">
  </image>
  <image id="67" name="scl/LBC1943-20210203(1)/LBC1943-20210203(1)_1279.png" width="2048" height="2048">
  </image>
  <image id="66" name="scl/LBC1943-20210203(1)/LBC1943-20210203(1)_1268.png" width="2048" height="2048">
  </image>
  <image id="65" name="scl/LBC1943-20210203(1)/LBC1943-20210203(1)_1267.png" width="2048" height="2048">
  </image>
  <image id="64" name="scl/LBC1943-20210203(1)/LBC1943-20210203(1)_1266.png" width="2048" height="2048">
  </image>
  <image id="63" name="scl/LBC1943-20210203(1)/LBC1943-20210203(1)_1265.png" width="2048" height="2048">
  </image>
  <image id="62" name="scl/LBC1943-20210203(1)/LBC1943-20210203(1)_1261.png" width="2048" height="2048">
  </image>
  <image id="61" name="scl/LBC1943-20210203(1)/LBC1943-20210203(1)_1260.png" width="2048" height="2048">
  </image>
  <image id="60" name="scl/LBC1943-20210203(1)/LBC1943-20210203(1)_1258.png" width="2048" height="2048">
  </image>
  <image id="59" name="scl/LBC1943-20210203(1)/LBC1943-20210203(1)_1247.png" width="2048" height="2048">
  </image>
  <image id="58" name="scl/LBC1943-20210203(1)/LBC1943-20210203(1)_1244.png" width="2048" height="2048">
  </image>
  <image id="57" name="scl/LBC1943-20210203(1)/LBC1943-20210203(1)_1236.png" width="2048" height="2048">
  </image>
  <image id="56" name="scl/LBC1943-20210203(1)/LBC1943-20210203(1)_1234.png" width="2048" height="2048">
  </image>
  <image id="55" name="scl/LBC1943-20210203(1)/LBC1943-20210203(1)_1231.png" width="2048" height="2048">
  </image>
  <image id="54" name="scl/LBC1943-20210203(1)/LBC1943-20210203(1)_1230.png" width="2048" height="2048">
  </image>
  <image id="53" name="scl/LBC1943-20210203(1)/LBC1943-20210203(1)_1219.png" width="2048" height="2048">
  </image>
  <image id="52" name="scl/LBC1943-20210203(1)/LBC1943-20210203(1)_1218.png" width="2048" height="2048">
  </image>
  <image id="51" name="scl/LBC1943-20210203(1)/LBC1943-20210203(1)_1217.png" width="2048" height="2048">
  </image>
  <image id="50" name="scl/LBC1943-20210203(1)/LBC1943-20210203(1)_1216.png" width="2048" height="2048">
  </image>
  <image id="49" name="scl/LBC1943-20210203(1)/LBC1943-20210203(1)_1215.png" width="2048" height="2048">
  </image>
  <image id="48" name="scl/LBC1943-20210203(1)/LBC1943-20210203(1)_1213.png" width="2048" height="2048">
  </image>
  <image id="47" name="scl/LBC1943-20210203(1)/LBC1943-20210203(1)_1212.png" width="2048" height="2048">
  </image>
  <image id="46" name="scl/LBC1943-20210203(1)/LBC1943-20210203(1)_1211.png" width="2048" height="2048">
  </image>
  <image id="45" name="scl/LBC1943-20210203(1)/LBC1943-20210203(1)_1206.png" width="2048" height="2048">
  </image>
  <image id="44" name="scl/LBC1943-20210203(1)/LBC1943-20210203(1)_1203.png" width="2048" height="2048">
  </image>
  <image id="43" name="scl/LBC1943-20210203(1)/LBC1943-20210203(1)_1201.png" width="2048" height="2048">
  </image>
  <image id="42" name="scl/LBC1943-20210203(1)/LBC1943-20210203(1)_120.png" width="2048" height="2048">
  </image>
  <image id="435" name="scl/LBC1943-20210203(1)/LBC1943-20210203(1)_999.png" width="2048" height="2048">
  </image>
  <image id="434" name="scl/LBC1943-20210203(1)/LBC1943-20210203(1)_998.png" width="2048" height="2048">
  </image>
  <image id="433" name="scl/LBC1943-20210203(1)/LBC1943-20210203(1)_997.png" width="2048" height="2048">
  </image>
  <image id="432" name="scl/LBC1943-20210203(1)/LBC1943-20210203(1)_995.png" width="2048" height="2048">
  </image>
  <image id="431" name="scl/LBC1943-20210203(1)/LBC1943-20210203(1)_989.png" width="2048" height="2048">
  </image>
  <image id="430" name="scl/LBC1943-20210203(1)/LBC1943-20210203(1)_986.png" width="2048" height="2048">
  </image>
  <image id="429" name="scl/LBC1943-20210203(1)/LBC1943-20210203(1)_974.png" width="2048" height="2048">
  </image>
  <image id="428" name="scl/LBC1943-20210203(1)/LBC1943-20210203(1)_973.png" width="2048" height="2048">
  </image>
  <image id="427" name="scl/LBC1943-20210203(1)/LBC1943-20210203(1)_969.png" width="2048" height="2048">
  </image>
  <image id="426" name="scl/LBC1943-20210203(1)/LBC1943-20210203(1)_967.png" width="2048" height="2048">
  </image>
  <image id="425" name="scl/LBC1943-20210203(1)/LBC1943-20210203(1)_964.png" width="2048" height="2048">
  </image>
  <image id="424" name="scl/LBC1943-20210203(1)/LBC1943-20210203(1)_961.png" width="2048" height="2048">
  </image>
  <image id="423" name="scl/LBC1943-20210203(1)/LBC1943-20210203(1)_958.png" width="2048" height="2048">
  </image>
  <image id="422" name="scl/LBC1943-20210203(1)/LBC1943-20210203(1)_952.png" width="2048" height="2048">
  </image>
  <image id="421" name="scl/LBC1943-20210203(1)/LBC1943-20210203(1)_951.png" width="2048" height="2048">
  </image>
  <image id="420" name="scl/LBC1943-20210203(1)/LBC1943-20210203(1)_950.png" width="2048" height="2048">
  </image>
  <image id="419" name="scl/LBC1943-20210203(1)/LBC1943-20210203(1)_949.png" width="2048" height="2048">
  </image>
  <image id="418" name="scl/LBC1943-20210203(1)/LBC1943-20210203(1)_948.png" width="2048" height="2048">
  </image>
  <image id="417" name="scl/LBC1943-20210203(1)/LBC1943-20210203(1)_942.png" width="2048" height="2048">
  </image>
  <image id="416" name="scl/LBC1943-20210203(1)/LBC1943-20210203(1)_937.png" width="2048" height="2048">
  </image>
  <image id="415" name="scl/LBC1943-20210203(1)/LBC1943-20210203(1)_926.png" width="2048" height="2048">
  </image>
  <image id="414" name="scl/LBC1943-20210203(1)/LBC1943-20210203(1)_921.png" width="2048" height="2048">
  </image>
  <image id="413" name="scl/LBC1943-20210203(1)/LBC1943-20210203(1)_920.png" width="2048" height="2048">
  </image>
  <image id="412" name="scl/LBC1943-20210203(1)/LBC1943-20210203(1)_919.png" width="2048" height="2048">
  </image>
  <image id="411" name="scl/LBC1943-20210203(1)/LBC1943-20210203(1)_917.png" width="2048" height="2048">
  </image>
  <image id="410" name="scl/LBC1943-20210203(1)/LBC1943-20210203(1)_913.png" width="2048" height="2048">
  </image>
  <image id="409" name="scl/LBC1943-20210203(1)/LBC1943-20210203(1)_910.png" width="2048" height="2048">
  </image>
  <image id="408" name="scl/LBC1943-20210203(1)/LBC1943-20210203(1)_903.png" width="2048" height="2048">
  </image>
  <image id="407" name="scl/LBC1943-20210203(1)/LBC1943-20210203(1)_902.png" width="2048" height="2048">
  </image>
  <image id="406" name="scl/LBC1943-20210203(1)/LBC1943-20210203(1)_901.png" width="2048" height="2048">
  </image>
  <image id="405" name="scl/LBC1943-20210203(1)/LBC1943-20210203(1)_900.png" width="2048" height="2048">
  </image>
  <image id="404" name="scl/LBC1943-20210203(1)/LBC1943-20210203(1)_898.png" width="2048" height="2048">
  </image>
  <image id="403" name="scl/LBC1943-20210203(1)/LBC1943-20210203(1)_891.png" width="2048" height="2048">
  </image>
  <image id="402" name="scl/LBC1943-20210203(1)/LBC1943-20210203(1)_888.png" width="2048" height="2048">
  </image>
  <image id="401" name="scl/LBC1943-20210203(1)/LBC1943-20210203(1)_876.png" width="2048" height="2048">
  </image>
  <image id="400" name="scl/LBC1943-20210203(1)/LBC1943-20210203(1)_875.png" width="2048" height="2048">
  </image>
  <image id="399" name="scl/LBC1943-20210203(1)/LBC1943-20210203(1)_864.png" width="2048" height="2048">
  </image>
  <image id="398" name="scl/LBC1943-20210203(1)/LBC1943-20210203(1)_853.png" width="2048" height="2048">
  </image>
  <image id="397" name="scl/LBC1943-20210203(1)/LBC1943-20210203(1)_852.png" width="2048" height="2048">
  </image>
  <image id="396" name="scl/LBC1943-20210203(1)/LBC1943-20210203(1)_851.png" width="2048" height="2048">
  </image>
  <image id="395" name="scl/LBC1943-20210203(1)/LBC1943-20210203(1)_842.png" width="2048" height="2048">
  </image>
  <image id="394" name="scl/LBC1943-20210203(1)/LBC1943-20210203(1)_840.png" width="2048" height="2048">
  </image>
  <image id="393" name="scl/LBC1943-20210203(1)/LBC1943-20210203(1)_839.png" width="2048" height="2048">
  </image>
  <image id="392" name="scl/LBC1943-20210203(1)/LBC1943-20210203(1)_827.png" width="2048" height="2048">
  </image>
  <image id="391" name="scl/LBC1943-20210203(1)/LBC1943-20210203(1)_825.png" width="2048" height="2048">
  </image>
  <image id="390" name="scl/LBC1943-20210203(1)/LBC1943-20210203(1)_824.png" width="2048" height="2048">
  </image>
  <image id="389" name="scl/LBC1943-20210203(1)/LBC1943-20210203(1)_821.png" width="2048" height="2048">
  </image>
  <image id="388" name="scl/LBC1943-20210203(1)/LBC1943-20210203(1)_820.png" width="2048" height="2048">
  </image>
  <image id="387" name="scl/LBC1943-20210203(1)/LBC1943-20210203(1)_819.png" width="2048" height="2048">
  </image>
  <image id="386" name="scl/LBC1943-20210203(1)/LBC1943-20210203(1)_817.png" width="2048" height="2048">
  </image>
  <image id="385" name="scl/LBC1943-20210203(1)/LBC1943-20210203(1)_816.png" width="2048" height="2048">
  </image>
  <image id="384" name="scl/LBC1943-20210203(1)/LBC1943-20210203(1)_803.png" width="2048" height="2048">
  </image>
  <image id="383" name="scl/LBC1943-20210203(1)/LBC1943-20210203(1)_802.png" width="2048" height="2048">
  </image>
  <image id="382" name="scl/LBC1943-20210203(1)/LBC1943-20210203(1)_797.png" width="2048" height="2048">
  </image>
  <image id="381" name="scl/LBC1943-20210203(1)/LBC1943-20210203(1)_795.png" width="2048" height="2048">
  </image>
  <image id="380" name="scl/LBC1943-20210203(1)/LBC1943-20210203(1)_793.png" width="2048" height="2048">
  </image>
  <image id="379" name="scl/LBC1943-20210203(1)/LBC1943-20210203(1)_790.png" width="2048" height="2048">
  </image>
  <image id="378" name="scl/LBC1943-20210203(1)/LBC1943-20210203(1)_780.png" width="2048" height="2048">
  </image>
  <image id="377" name="scl/LBC1943-20210203(1)/LBC1943-20210203(1)_779.png" width="2048" height="2048">
  </image>
  <image id="376" name="scl/LBC1943-20210203(1)/LBC1943-20210203(1)_778.png" width="2048" height="2048">
  </image>
  <image id="375" name="scl/LBC1943-20210203(1)/LBC1943-20210203(1)_777.png" width="2048" height="2048">
  </image>
  <image id="374" name="scl/LBC1943-20210203(1)/LBC1943-20210203(1)_774.png" width="2048" height="2048">
  </image>
  <image id="373" name="scl/LBC1943-20210203(1)/LBC1943-20210203(1)_773.png" width="2048" height="2048">
  </image>
  <image id="372" name="scl/LBC1943-20210203(1)/LBC1943-20210203(1)_772.png" width="2048" height="2048">
  </image>
  <image id="371" name="scl/LBC1943-20210203(1)/LBC1943-20210203(1)_770.png" width="2048" height="2048">
  </image>
  <image id="370" name="scl/LBC1943-20210203(1)/LBC1943-20210203(1)_769.png" width="2048" height="2048">
  </image>
  <image id="369" name="scl/LBC1943-20210203(1)/LBC1943-20210203(1)_767.png" width="2048" height="2048">
  </image>
  <image id="368" name="scl/LBC1943-20210203(1)/LBC1943-20210203(1)_764.png" width="2048" height="2048">
  </image>
  <image id="367" name="scl/LBC1943-20210203(1)/LBC1943-20210203(1)_757.png" width="2048" height="2048">
  </image>
  <image id="366" name="scl/LBC1943-20210203(1)/LBC1943-20210203(1)_741.png" width="2048" height="2048">
  </image>
  <image id="365" name="scl/LBC1943-20210203(1)/LBC1943-20210203(1)_732.png" width="2048" height="2048">
  </image>
  <image id="364" name="scl/LBC1943-20210203(1)/LBC1943-20210203(1)_731.png" width="2048" height="2048">
  </image>
  <image id="363" name="scl/LBC1943-20210203(1)/LBC1943-20210203(1)_730.png" width="2048" height="2048">
  </image>
  <image id="362" name="scl/LBC1943-20210203(1)/LBC1943-20210203(1)_729.png" width="2048" height="2048">
  </image>
  <image id="361" name="scl/LBC1943-20210203(1)/LBC1943-20210203(1)_728.png" width="2048" height="2048">
  </image>
  <image id="360" name="scl/LBC1943-20210203(1)/LBC1943-20210203(1)_724.png" width="2048" height="2048">
  </image>
  <image id="359" name="scl/LBC1943-20210203(1)/LBC1943-20210203(1)_723.png" width="2048" height="2048">
  </image>
  <image id="358" name="scl/LBC1943-20210203(1)/LBC1943-20210203(1)_722.png" width="2048" height="2048">
  </image>
  <image id="357" name="scl/LBC1943-20210203(1)/LBC1943-20210203(1)_715.png" width="2048" height="2048">
  </image>
  <image id="356" name="scl/LBC1943-20210203(1)/LBC1943-20210203(1)_71.png" width="2048" height="2048">
  </image>
  <image id="355" name="scl/LBC1943-20210203(1)/LBC1943-20210203(1)_70.png" width="2048" height="2048">
  </image>
  <image id="354" name="scl/LBC1943-20210203(1)/LBC1943-20210203(1)_692.png" width="2048" height="2048">
  </image>
  <image id="353" name="scl/LBC1943-20210203(1)/LBC1943-20210203(1)_69.png" width="2048" height="2048">
  </image>
  <image id="352" name="scl/LBC1943-20210203(1)/LBC1943-20210203(1)_683.png" width="2048" height="2048">
  </image>
  <image id="351" name="scl/LBC1943-20210203(1)/LBC1943-20210203(1)_682.png" width="2048" height="2048">
  </image>
  <image id="350" name="scl/LBC1943-20210203(1)/LBC1943-20210203(1)_681.png" width="2048" height="2048">
  </image>
  <image id="349" name="scl/LBC1943-20210203(1)/LBC1943-20210203(1)_680.png" width="2048" height="2048">
  </image>
  <image id="348" name="scl/LBC1943-20210203(1)/LBC1943-20210203(1)_68.png" width="2048" height="2048">
  </image>
  <image id="347" name="scl/LBC1943-20210203(1)/LBC1943-20210203(1)_677.png" width="2048" height="2048">
  </image>
  <image id="346" name="scl/LBC1943-20210203(1)/LBC1943-20210203(1)_675.png" width="2048" height="2048">
  </image>
  <image id="345" name="scl/LBC1943-20210203(1)/LBC1943-20210203(1)_673.png" width="2048" height="2048">
  </image>
  <image id="344" name="scl/LBC1943-20210203(1)/LBC1943-20210203(1)_669.png" width="2048" height="2048">
  </image>
  <image id="343" name="scl/LBC1943-20210203(1)/LBC1943-20210203(1)_658.png" width="2048" height="2048">
  </image>
  <image id="342" name="scl/LBC1943-20210203(1)/LBC1943-20210203(1)_644.png" width="2048" height="2048">
  </image>
  <image id="341" name="scl/LBC1943-20210203(1)/LBC1943-20210203(1)_643.png" width="2048" height="2048">
  </image>
  <image id="41" name="scl/LBC1943-20210203(1)/LBC1943-20210203(1)_1197.png" width="2048" height="2048">
  </image>
  <image id="40" name="scl/LBC1943-20210203(1)/LBC1943-20210203(1)_1194.png" width="2048" height="2048">
  </image>
  <image id="39" name="scl/LBC1943-20210203(1)/LBC1943-20210203(1)_1193.png" width="2048" height="2048">
  </image>
  <image id="38" name="scl/LBC1943-20210203(1)/LBC1943-20210203(1)_119.png" width="2048" height="2048">
  </image>
  <image id="37" name="scl/LBC1943-20210203(1)/LBC1943-20210203(1)_1183.png" width="2048" height="2048">
  </image>
  <image id="36" name="scl/LBC1943-20210203(1)/LBC1943-20210203(1)_1182.png" width="2048" height="2048">
  </image>
  <image id="35" name="scl/LBC1943-20210203(1)/LBC1943-20210203(1)_1181.png" width="2048" height="2048">
  </image>
  <image id="34" name="scl/LBC1943-20210203(1)/LBC1943-20210203(1)_1173.png" width="2048" height="2048">
  </image>
  <image id="33" name="scl/LBC1943-20210203(1)/LBC1943-20210203(1)_1172.png" width="2048" height="2048">
  </image>
  <image id="32" name="scl/LBC1943-20210203(1)/LBC1943-20210203(1)_1168.png" width="2048" height="2048">
  </image>
  <image id="31" name="scl/LBC1943-20210203(1)/LBC1943-20210203(1)_1167.png" width="2048" height="2048">
  </image>
  <image id="30" name="scl/LBC1943-20210203(1)/LBC1943-20210203(1)_1164.png" width="2048" height="2048">
  </image>
  <image id="29" name="scl/LBC1943-20210203(1)/LBC1943-20210203(1)_1144.png" width="2048" height="2048">
  </image>
  <image id="28" name="scl/LBC1943-20210203(1)/LBC1943-20210203(1)_1143.png" width="2048" height="2048">
  </image>
  <image id="27" name="scl/LBC1943-20210203(1)/LBC1943-20210203(1)_1136.png" width="2048" height="2048">
  </image>
  <image id="26" name="scl/LBC1943-20210203(1)/LBC1943-20210203(1)_1133.png" width="2048" height="2048">
  </image>
  <image id="25" name="scl/LBC1943-20210203(1)/LBC1943-20210203(1)_1132.png" width="2048" height="2048">
  </image>
  <image id="24" name="scl/LBC1943-20210203(1)/LBC1943-20210203(1)_1115.png" width="2048" height="2048">
  </image>
  <image id="23" name="scl/LBC1943-20210203(1)/LBC1943-20210203(1)_1114.png" width="2048" height="2048">
  </image>
  <image id="22" name="scl/LBC1943-20210203(1)/LBC1943-20210203(1)_1113.png" width="2048" height="2048">
  </image>
  <image id="21" name="scl/LBC1943-20210203(1)/LBC1943-20210203(1)_1112.png" width="2048" height="2048">
  </image>
  <image id="20" name="scl/LBC1943-20210203(1)/LBC1943-20210203(1)_1108.png" width="2048" height="2048">
  </image>
  <image id="19" name="scl/LBC1943-20210203(1)/LBC1943-20210203(1)_1107.png" width="2048" height="2048">
  </image>
  <image id="18" name="scl/LBC1943-20210203(1)/LBC1943-20210203(1)_1106.png" width="2048" height="2048">
  </image>
  <image id="17" name="scl/LBC1943-20210203(1)/LBC1943-20210203(1)_1088.png" width="2048" height="2048">
  </image>
  <image id="16" name="scl/LBC1943-20210203(1)/LBC1943-20210203(1)_1084.png" width="2048" height="2048">
  </image>
  <image id="15" name="scl/LBC1943-20210203(1)/LBC1943-20210203(1)_1074.png" width="2048" height="2048">
  </image>
  <image id="14" name="scl/LBC1943-20210203(1)/LBC1943-20210203(1)_1070.png" width="2048" height="2048">
  </image>
  <image id="13" name="scl/LBC1943-20210203(1)/LBC1943-20210203(1)_1069.png" width="2048" height="2048">
  </image>
  <image id="12" name="scl/LBC1943-20210203(1)/LBC1943-20210203(1)_1056.png" width="2048" height="2048">
  </image>
  <image id="11" name="scl/LBC1943-20210203(1)/LBC1943-20210203(1)_105.png" width="2048" height="2048">
  </image>
  <image id="10" name="scl/LBC1943-20210203(1)/LBC1943-20210203(1)_104.png" width="2048" height="2048">
  </image>
  <image id="9" name="scl/LBC1943-20210203(1)/LBC1943-20210203(1)_1039.png" width="2048" height="2048">
  </image>
  <image id="8" name="scl/LBC1943-20210203(1)/LBC1943-20210203(1)_1035.png" width="2048" height="2048">
  </image>
  <image id="7" name="scl/LBC1943-20210203(1)/LBC1943-20210203(1)_103.png" width="2048" height="2048">
  </image>
  <image id="6" name="scl/LBC1943-20210203(1)/LBC1943-20210203(1)_1025.png" width="2048" height="2048">
  </image>
  <image id="5" name="scl/LBC1943-20210203(1)/LBC1943-20210203(1)_1021.png" width="2048" height="2048">
  </image>
  <image id="4" name="scl/LBC1943-20210203(1)/LBC1943-20210203(1)_1010.png" width="2048" height="2048">
  </image>
  <image id="3" name="scl/LBC1943-20210203(1)/LBC1943-20210203(1)_1008.png" width="2048" height="2048">
  </image>
  <image id="2" name="scl/LBC1943-20210203(1)/LBC1943-20210203(1)_1004.png" width="2048" height="2048">
  </image>
  <image id="1" name="scl/LBC1943-20210203(1)/LBC1943-20210203(1)_1001.png" width="2048" height="2048">
  </image>
  <image id="0" name="scl/LBC1943-20210203(1)/LBC1943-20210203(1)_1000.png" width="2048" height="2048">
  </image>
</annotations>