<?xml version="1.0" encoding="utf-8"?>
<annotations>
  <version>1.1</version>
  <meta>
    <task>
      <id>750</id>
      <name>LBC2424-20210323</name>
      <size>354</size>
      <mode>annotation</mode>
      <overlap>0</overlap>
      <bugtracker></bugtracker>
      <created>2022-04-21 05:44:08.501798+00:00</created>
      <updated>2022-05-04 02:21:59.770916+00:00</updated>
      <start_frame>0</start_frame>
      <stop_frame>353</stop_frame>
      <frame_filter></frame_filter>
      <labels>
        <label>
          <name>GC</name>
          <color>#03a541</color>
          <attributes>
          </attributes>
        </label>
        <label>
          <name>GN</name>
          <color>#da84a8</color>
          <attributes>
          </attributes>
        </label>
        <label>
          <name>AS</name>
          <color>#fff600</color>
          <attributes>
            <attribute>
              <name>Description</name>
              <mutable>False</mutable>
              <input_type>text</input_type>
              <default_value>ASC-US</default_value>
              <values>ASC-US</values>
            </attribute>
          </attributes>
        </label>
        <label>
          <name>AH</name>
          <color>#ffba00</color>
          <attributes>
            <attribute>
              <name>Description</name>
              <mutable>False</mutable>
              <input_type>text</input_type>
              <default_value>ASC-H</default_value>
              <values>ASC-H</values>
            </attribute>
          </attributes>
        </label>
        <label>
          <name>LS</name>
          <color>#ff8d00</color>
          <attributes>
            <attribute>
              <name>Description</name>
              <mutable>False</mutable>
              <input_type>text</input_type>
              <default_value>LSIL</default_value>
              <values>LSIL</values>
            </attribute>
          </attributes>
        </label>
        <label>
          <name>HS</name>
          <color>#ff5000</color>
          <attributes>
            <attribute>
              <name>Description</name>
              <mutable>False</mutable>
              <input_type>text</input_type>
              <default_value>High-grade squamous intraepithelial lesion</default_value>
              <values>High-grade squamous intraepithelial lesion</values>
            </attribute>
          </attributes>
        </label>
        <label>
          <name>HN</name>
          <color>#ff3200</color>
          <attributes>
            <attribute>
              <name>Description</name>
              <mutable>False</mutable>
              <input_type>text</input_type>
              <default_value>HSIL with features suspicious for invasion</default_value>
              <values>HSIL with features suspicious for invasion</values>
            </attribute>
          </attributes>
        </label>
        <label>
          <name>SM</name>
          <color>#ff0000</color>
          <attributes>
            <attribute>
              <name>Description</name>
              <mutable>False</mutable>
              <input_type>text</input_type>
              <default_value>Suspicious for malignancy</default_value>
              <values>Suspicious for malignancy</values>
            </attribute>
          </attributes>
        </label>
        <label>
          <name>SC</name>
          <color>#ff0000</color>
          <attributes>
            <attribute>
              <name>Description</name>
              <mutable>False</mutable>
              <input_type>text</input_type>
              <default_value>Invasive squamous cell carcinoma</default_value>
              <values>Invasive squamous cell carcinoma</values>
            </attribute>
          </attributes>
        </label>
        <label>
          <name>C</name>
          <color>#87c76b</color>
          <attributes>
            <attribute>
              <name>Description</name>
              <mutable>False</mutable>
              <input_type>text</input_type>
              <default_value>Candida albicans</default_value>
              <values>Candida albicans</values>
            </attribute>
          </attributes>
        </label>
        <label>
          <name>T</name>
          <color>#5aa72c</color>
          <attributes>
            <attribute>
              <name>Description</name>
              <mutable>False</mutable>
              <input_type>text</input_type>
              <default_value>Trichomonas vaginalis</default_value>
              <values>Trichomonas vaginalis</values>
            </attribute>
          </attributes>
        </label>
        <label>
          <name>H</name>
          <color>#5ed80c</color>
          <attributes>
            <attribute>
              <name>Description</name>
              <mutable>False</mutable>
              <input_type>text</input_type>
              <default_value>Herpes simplex virus</default_value>
              <values>Herpes simplex virus</values>
            </attribute>
          </attributes>
        </label>
        <label>
          <name>AC</name>
          <color>#0dc424</color>
          <attributes>
            <attribute>
              <name>Description</name>
              <mutable>False</mutable>
              <input_type>text</input_type>
              <default_value>Actinomyces species</default_value>
              <values>Actinomyces species</values>
            </attribute>
          </attributes>
        </label>
        <label>
          <name>Others</name>
          <color>#0e1de8</color>
          <attributes>
            <attribute>
              <name>Description</name>
              <mutable>False</mutable>
              <input_type>text</input_type>
              <default_value></default_value>
              <values></values>
            </attribute>
          </attributes>
        </label>
        <label>
          <name>판독불가</name>
          <color>#ff6037</color>
          <attributes>
          </attributes>
        </label>
        <label>
          <name>N - Endocervical Cell</name>
          <color>#bb02d0</color>
          <attributes>
          </attributes>
        </label>
        <label>
          <name>N - Endometrial cell</name>
          <color>#2a454f</color>
          <attributes>
          </attributes>
        </label>
        <label>
          <name>AD</name>
          <color>#c61049</color>
          <attributes>
          </attributes>
        </label>
      </labels>
      <segments>
        <segment>
          <id>604</id>
          <start>0</start>
          <stop>353</stop>
          <url>http://cvat.doai.ai/?id=604</url>
        </segment>
      </segments>
      <owner>
        <username>django</username>
        <email></email>
      </owner>
      <assignee></assignee>
    </task>
    <dumped>2022-05-18 09:00:28.112532+00:00</dumped>
  </meta>
  <image id="353" name="carcinoma/LBC2424-20210323/LBC2424-20210323_997.png" width="2048" height="2048">
    <box label="SC" occluded="0" source="manual" xtl="230.29" ytl="729.23" xbr="531.39" ybr="1169.68" z_order="0">
      <attribute name="Description">Invasive squamous cell carcinoma</attribute>
    </box>
  </image>
  <image id="352" name="carcinoma/LBC2424-20210323/LBC2424-20210323_996.png" width="2048" height="2048">
  </image>
  <image id="351" name="carcinoma/LBC2424-20210323/LBC2424-20210323_992.png" width="2048" height="2048">
  </image>
  <image id="350" name="carcinoma/LBC2424-20210323/LBC2424-20210323_980.png" width="2048" height="2048">
  </image>
  <image id="349" name="carcinoma/LBC2424-20210323/LBC2424-20210323_978.png" width="2048" height="2048">
  </image>
  <image id="348" name="carcinoma/LBC2424-20210323/LBC2424-20210323_976.png" width="2048" height="2048">
  </image>
  <image id="347" name="carcinoma/LBC2424-20210323/LBC2424-20210323_974.png" width="2048" height="2048">
  </image>
  <image id="346" name="carcinoma/LBC2424-20210323/LBC2424-20210323_971.png" width="2048" height="2048">
  </image>
  <image id="345" name="carcinoma/LBC2424-20210323/LBC2424-20210323_955.png" width="2048" height="2048">
  </image>
  <image id="344" name="carcinoma/LBC2424-20210323/LBC2424-20210323_954.png" width="2048" height="2048">
  </image>
  <image id="343" name="carcinoma/LBC2424-20210323/LBC2424-20210323_953.png" width="2048" height="2048">
  </image>
  <image id="342" name="carcinoma/LBC2424-20210323/LBC2424-20210323_950.png" width="2048" height="2048">
  </image>
  <image id="341" name="carcinoma/LBC2424-20210323/LBC2424-20210323_948.png" width="2048" height="2048">
  </image>
  <image id="340" name="carcinoma/LBC2424-20210323/LBC2424-20210323_943.png" width="2048" height="2048">
  </image>
  <image id="339" name="carcinoma/LBC2424-20210323/LBC2424-20210323_939.png" width="2048" height="2048">
  </image>
  <image id="338" name="carcinoma/LBC2424-20210323/LBC2424-20210323_933.png" width="2048" height="2048">
  </image>
  <image id="337" name="carcinoma/LBC2424-20210323/LBC2424-20210323_932.png" width="2048" height="2048">
  </image>
  <image id="336" name="carcinoma/LBC2424-20210323/LBC2424-20210323_931.png" width="2048" height="2048">
  </image>
  <image id="335" name="carcinoma/LBC2424-20210323/LBC2424-20210323_929.png" width="2048" height="2048">
  </image>
  <image id="334" name="carcinoma/LBC2424-20210323/LBC2424-20210323_915.png" width="2048" height="2048">
  </image>
  <image id="333" name="carcinoma/LBC2424-20210323/LBC2424-20210323_914.png" width="2048" height="2048">
  </image>
  <image id="332" name="carcinoma/LBC2424-20210323/LBC2424-20210323_909.png" width="2048" height="2048">
  </image>
  <image id="331" name="carcinoma/LBC2424-20210323/LBC2424-20210323_907.png" width="2048" height="2048">
  </image>
  <image id="330" name="carcinoma/LBC2424-20210323/LBC2424-20210323_905.png" width="2048" height="2048">
  </image>
  <image id="329" name="carcinoma/LBC2424-20210323/LBC2424-20210323_903.png" width="2048" height="2048">
  </image>
  <image id="328" name="carcinoma/LBC2424-20210323/LBC2424-20210323_902.png" width="2048" height="2048">
  </image>
  <image id="327" name="carcinoma/LBC2424-20210323/LBC2424-20210323_898.png" width="2048" height="2048">
  </image>
  <image id="326" name="carcinoma/LBC2424-20210323/LBC2424-20210323_896.png" width="2048" height="2048">
  </image>
  <image id="325" name="carcinoma/LBC2424-20210323/LBC2424-20210323_893.png" width="2048" height="2048">
  </image>
  <image id="324" name="carcinoma/LBC2424-20210323/LBC2424-20210323_892.png" width="2048" height="2048">
  </image>
  <image id="323" name="carcinoma/LBC2424-20210323/LBC2424-20210323_891.png" width="2048" height="2048">
  </image>
  <image id="322" name="carcinoma/LBC2424-20210323/LBC2424-20210323_890.png" width="2048" height="2048">
  </image>
  <image id="321" name="carcinoma/LBC2424-20210323/LBC2424-20210323_889.png" width="2048" height="2048">
  </image>
  <image id="320" name="carcinoma/LBC2424-20210323/LBC2424-20210323_874.png" width="2048" height="2048">
  </image>
  <image id="319" name="carcinoma/LBC2424-20210323/LBC2424-20210323_870.png" width="2048" height="2048">
  </image>
  <image id="318" name="carcinoma/LBC2424-20210323/LBC2424-20210323_869.png" width="2048" height="2048">
  </image>
  <image id="317" name="carcinoma/LBC2424-20210323/LBC2424-20210323_868.png" width="2048" height="2048">
  </image>
  <image id="316" name="carcinoma/LBC2424-20210323/LBC2424-20210323_867.png" width="2048" height="2048">
  </image>
  <image id="315" name="carcinoma/LBC2424-20210323/LBC2424-20210323_859.png" width="2048" height="2048">
  </image>
  <image id="314" name="carcinoma/LBC2424-20210323/LBC2424-20210323_855.png" width="2048" height="2048">
  </image>
  <image id="313" name="carcinoma/LBC2424-20210323/LBC2424-20210323_853.png" width="2048" height="2048">
  </image>
  <image id="312" name="carcinoma/LBC2424-20210323/LBC2424-20210323_851.png" width="2048" height="2048">
  </image>
  <image id="311" name="carcinoma/LBC2424-20210323/LBC2424-20210323_850.png" width="2048" height="2048">
  </image>
  <image id="310" name="carcinoma/LBC2424-20210323/LBC2424-20210323_849.png" width="2048" height="2048">
  </image>
  <image id="309" name="carcinoma/LBC2424-20210323/LBC2424-20210323_848.png" width="2048" height="2048">
  </image>
  <image id="308" name="carcinoma/LBC2424-20210323/LBC2424-20210323_847.png" width="2048" height="2048">
  </image>
  <image id="307" name="carcinoma/LBC2424-20210323/LBC2424-20210323_842.png" width="2048" height="2048">
  </image>
  <image id="306" name="carcinoma/LBC2424-20210323/LBC2424-20210323_831.png" width="2048" height="2048">
  </image>
  <image id="305" name="carcinoma/LBC2424-20210323/LBC2424-20210323_829.png" width="2048" height="2048">
  </image>
  <image id="304" name="carcinoma/LBC2424-20210323/LBC2424-20210323_823.png" width="2048" height="2048">
  </image>
  <image id="303" name="carcinoma/LBC2424-20210323/LBC2424-20210323_811.png" width="2048" height="2048">
  </image>
  <image id="302" name="carcinoma/LBC2424-20210323/LBC2424-20210323_809.png" width="2048" height="2048">
  </image>
  <image id="301" name="carcinoma/LBC2424-20210323/LBC2424-20210323_808.png" width="2048" height="2048">
  </image>
  <image id="300" name="carcinoma/LBC2424-20210323/LBC2424-20210323_806.png" width="2048" height="2048">
  </image>
  <image id="299" name="carcinoma/LBC2424-20210323/LBC2424-20210323_8.png" width="2048" height="2048">
  </image>
  <image id="298" name="carcinoma/LBC2424-20210323/LBC2424-20210323_792.png" width="2048" height="2048">
  </image>
  <image id="297" name="carcinoma/LBC2424-20210323/LBC2424-20210323_785.png" width="2048" height="2048">
  </image>
  <image id="296" name="carcinoma/LBC2424-20210323/LBC2424-20210323_781.png" width="2048" height="2048">
  </image>
  <image id="295" name="carcinoma/LBC2424-20210323/LBC2424-20210323_774.png" width="2048" height="2048">
  </image>
  <image id="294" name="carcinoma/LBC2424-20210323/LBC2424-20210323_772.png" width="2048" height="2048">
  </image>
  <image id="293" name="carcinoma/LBC2424-20210323/LBC2424-20210323_768.png" width="2048" height="2048">
  </image>
  <image id="292" name="carcinoma/LBC2424-20210323/LBC2424-20210323_762.png" width="2048" height="2048">
  </image>
  <image id="236" name="carcinoma/LBC2424-20210323/LBC2424-20210323_598.png" width="2048" height="2048">
  </image>
  <image id="235" name="carcinoma/LBC2424-20210323/LBC2424-20210323_583.png" width="2048" height="2048">
  </image>
  <image id="234" name="carcinoma/LBC2424-20210323/LBC2424-20210323_579.png" width="2048" height="2048">
  </image>
  <image id="233" name="carcinoma/LBC2424-20210323/LBC2424-20210323_578.png" width="2048" height="2048">
  </image>
  <image id="232" name="carcinoma/LBC2424-20210323/LBC2424-20210323_577.png" width="2048" height="2048">
  </image>
  <image id="231" name="carcinoma/LBC2424-20210323/LBC2424-20210323_572.png" width="2048" height="2048">
  </image>
  <image id="230" name="carcinoma/LBC2424-20210323/LBC2424-20210323_571.png" width="2048" height="2048">
  </image>
  <image id="229" name="carcinoma/LBC2424-20210323/LBC2424-20210323_567.png" width="2048" height="2048">
  </image>
  <image id="228" name="carcinoma/LBC2424-20210323/LBC2424-20210323_566.png" width="2048" height="2048">
  </image>
  <image id="227" name="carcinoma/LBC2424-20210323/LBC2424-20210323_565.png" width="2048" height="2048">
  </image>
  <image id="226" name="carcinoma/LBC2424-20210323/LBC2424-20210323_561.png" width="2048" height="2048">
  </image>
  <image id="225" name="carcinoma/LBC2424-20210323/LBC2424-20210323_558.png" width="2048" height="2048">
  </image>
  <image id="224" name="carcinoma/LBC2424-20210323/LBC2424-20210323_557.png" width="2048" height="2048">
  </image>
  <image id="223" name="carcinoma/LBC2424-20210323/LBC2424-20210323_556.png" width="2048" height="2048">
  </image>
  <image id="222" name="carcinoma/LBC2424-20210323/LBC2424-20210323_555.png" width="2048" height="2048">
  </image>
  <image id="221" name="carcinoma/LBC2424-20210323/LBC2424-20210323_551.png" width="2048" height="2048">
  </image>
  <image id="220" name="carcinoma/LBC2424-20210323/LBC2424-20210323_540.png" width="2048" height="2048">
  </image>
  <image id="219" name="carcinoma/LBC2424-20210323/LBC2424-20210323_536.png" width="2048" height="2048">
  </image>
  <image id="218" name="carcinoma/LBC2424-20210323/LBC2424-20210323_533.png" width="2048" height="2048">
  </image>
  <image id="217" name="carcinoma/LBC2424-20210323/LBC2424-20210323_523.png" width="2048" height="2048">
  </image>
  <image id="216" name="carcinoma/LBC2424-20210323/LBC2424-20210323_521.png" width="2048" height="2048">
  </image>
  <image id="215" name="carcinoma/LBC2424-20210323/LBC2424-20210323_520.png" width="2048" height="2048">
  </image>
  <image id="214" name="carcinoma/LBC2424-20210323/LBC2424-20210323_519.png" width="2048" height="2048">
  </image>
  <image id="213" name="carcinoma/LBC2424-20210323/LBC2424-20210323_518.png" width="2048" height="2048">
  </image>
  <image id="212" name="carcinoma/LBC2424-20210323/LBC2424-20210323_516.png" width="2048" height="2048">
  </image>
  <image id="211" name="carcinoma/LBC2424-20210323/LBC2424-20210323_511.png" width="2048" height="2048">
  </image>
  <image id="210" name="carcinoma/LBC2424-20210323/LBC2424-20210323_510.png" width="2048" height="2048">
  </image>
  <image id="209" name="carcinoma/LBC2424-20210323/LBC2424-20210323_51.png" width="2048" height="2048">
  </image>
  <image id="208" name="carcinoma/LBC2424-20210323/LBC2424-20210323_497.png" width="2048" height="2048">
  </image>
  <image id="207" name="carcinoma/LBC2424-20210323/LBC2424-20210323_496.png" width="2048" height="2048">
  </image>
  <image id="206" name="carcinoma/LBC2424-20210323/LBC2424-20210323_494.png" width="2048" height="2048">
  </image>
  <image id="205" name="carcinoma/LBC2424-20210323/LBC2424-20210323_492.png" width="2048" height="2048">
  </image>
  <image id="204" name="carcinoma/LBC2424-20210323/LBC2424-20210323_490.png" width="2048" height="2048">
  </image>
  <image id="203" name="carcinoma/LBC2424-20210323/LBC2424-20210323_485.png" width="2048" height="2048">
  </image>
  <image id="202" name="carcinoma/LBC2424-20210323/LBC2424-20210323_482.png" width="2048" height="2048">
  </image>
  <image id="201" name="carcinoma/LBC2424-20210323/LBC2424-20210323_481.png" width="2048" height="2048">
  </image>
  <image id="200" name="carcinoma/LBC2424-20210323/LBC2424-20210323_478.png" width="2048" height="2048">
  </image>
  <image id="199" name="carcinoma/LBC2424-20210323/LBC2424-20210323_477.png" width="2048" height="2048">
  </image>
  <image id="198" name="carcinoma/LBC2424-20210323/LBC2424-20210323_476.png" width="2048" height="2048">
  </image>
  <image id="197" name="carcinoma/LBC2424-20210323/LBC2424-20210323_474.png" width="2048" height="2048">
  </image>
  <image id="196" name="carcinoma/LBC2424-20210323/LBC2424-20210323_451.png" width="2048" height="2048">
  </image>
  <image id="195" name="carcinoma/LBC2424-20210323/LBC2424-20210323_449.png" width="2048" height="2048">
  </image>
  <image id="194" name="carcinoma/LBC2424-20210323/LBC2424-20210323_442.png" width="2048" height="2048">
  </image>
  <image id="193" name="carcinoma/LBC2424-20210323/LBC2424-20210323_439.png" width="2048" height="2048">
  </image>
  <image id="192" name="carcinoma/LBC2424-20210323/LBC2424-20210323_438.png" width="2048" height="2048">
  </image>
  <image id="191" name="carcinoma/LBC2424-20210323/LBC2424-20210323_435.png" width="2048" height="2048">
  </image>
  <image id="190" name="carcinoma/LBC2424-20210323/LBC2424-20210323_428.png" width="2048" height="2048">
  </image>
  <image id="189" name="carcinoma/LBC2424-20210323/LBC2424-20210323_427.png" width="2048" height="2048">
  </image>
  <image id="188" name="carcinoma/LBC2424-20210323/LBC2424-20210323_411.png" width="2048" height="2048">
  </image>
  <image id="187" name="carcinoma/LBC2424-20210323/LBC2424-20210323_405.png" width="2048" height="2048">
  </image>
  <image id="186" name="carcinoma/LBC2424-20210323/LBC2424-20210323_404.png" width="2048" height="2048">
  </image>
  <image id="185" name="carcinoma/LBC2424-20210323/LBC2424-20210323_40.png" width="2048" height="2048">
  </image>
  <image id="184" name="carcinoma/LBC2424-20210323/LBC2424-20210323_398.png" width="2048" height="2048">
  </image>
  <image id="183" name="carcinoma/LBC2424-20210323/LBC2424-20210323_394.png" width="2048" height="2048">
  </image>
  <image id="182" name="carcinoma/LBC2424-20210323/LBC2424-20210323_393.png" width="2048" height="2048">
  </image>
  <image id="181" name="carcinoma/LBC2424-20210323/LBC2424-20210323_392.png" width="2048" height="2048">
  </image>
  <image id="180" name="carcinoma/LBC2424-20210323/LBC2424-20210323_391.png" width="2048" height="2048">
  </image>
  <image id="179" name="carcinoma/LBC2424-20210323/LBC2424-20210323_389.png" width="2048" height="2048">
  </image>
  <image id="178" name="carcinoma/LBC2424-20210323/LBC2424-20210323_387.png" width="2048" height="2048">
  </image>
  <image id="177" name="carcinoma/LBC2424-20210323/LBC2424-20210323_368.png" width="2048" height="2048">
  </image>
  <image id="176" name="carcinoma/LBC2424-20210323/LBC2424-20210323_365.png" width="2048" height="2048">
  </image>
  <image id="175" name="carcinoma/LBC2424-20210323/LBC2424-20210323_362.png" width="2048" height="2048">
  </image>
  <image id="174" name="carcinoma/LBC2424-20210323/LBC2424-20210323_361.png" width="2048" height="2048">
  </image>
  <image id="173" name="carcinoma/LBC2424-20210323/LBC2424-20210323_360.png" width="2048" height="2048">
  </image>
  <image id="172" name="carcinoma/LBC2424-20210323/LBC2424-20210323_357.png" width="2048" height="2048">
  </image>
  <image id="171" name="carcinoma/LBC2424-20210323/LBC2424-20210323_354.png" width="2048" height="2048">
  </image>
  <image id="170" name="carcinoma/LBC2424-20210323/LBC2424-20210323_353.png" width="2048" height="2048">
  </image>
  <image id="169" name="carcinoma/LBC2424-20210323/LBC2424-20210323_352.png" width="2048" height="2048">
  </image>
  <image id="168" name="carcinoma/LBC2424-20210323/LBC2424-20210323_351.png" width="2048" height="2048">
  </image>
  <image id="167" name="carcinoma/LBC2424-20210323/LBC2424-20210323_350.png" width="2048" height="2048">
  </image>
  <image id="166" name="carcinoma/LBC2424-20210323/LBC2424-20210323_349.png" width="2048" height="2048">
  </image>
  <image id="165" name="carcinoma/LBC2424-20210323/LBC2424-20210323_327.png" width="2048" height="2048">
  </image>
  <image id="164" name="carcinoma/LBC2424-20210323/LBC2424-20210323_326.png" width="2048" height="2048">
  </image>
  <image id="163" name="carcinoma/LBC2424-20210323/LBC2424-20210323_322.png" width="2048" height="2048">
  </image>
  <image id="162" name="carcinoma/LBC2424-20210323/LBC2424-20210323_320.png" width="2048" height="2048">
  </image>
  <image id="161" name="carcinoma/LBC2424-20210323/LBC2424-20210323_319.png" width="2048" height="2048">
  </image>
  <image id="160" name="carcinoma/LBC2424-20210323/LBC2424-20210323_318.png" width="2048" height="2048">
  </image>
  <image id="159" name="carcinoma/LBC2424-20210323/LBC2424-20210323_315.png" width="2048" height="2048">
  </image>
  <image id="158" name="carcinoma/LBC2424-20210323/LBC2424-20210323_312.png" width="2048" height="2048">
  </image>
  <image id="157" name="carcinoma/LBC2424-20210323/LBC2424-20210323_311.png" width="2048" height="2048">
  </image>
  <image id="156" name="carcinoma/LBC2424-20210323/LBC2424-20210323_310.png" width="2048" height="2048">
  </image>
  <image id="155" name="carcinoma/LBC2424-20210323/LBC2424-20210323_284.png" width="2048" height="2048">
  </image>
  <image id="154" name="carcinoma/LBC2424-20210323/LBC2424-20210323_279.png" width="2048" height="2048">
    <box label="SC" occluded="0" source="manual" xtl="1278.93" ytl="1609.89" xbr="1560.12" ybr="1920.95" z_order="0">
      <attribute name="Description">Invasive squamous cell carcinoma</attribute>
    </box>
  </image>
  <image id="153" name="carcinoma/LBC2424-20210323/LBC2424-20210323_278.png" width="2048" height="2048">
  </image>
  <image id="152" name="carcinoma/LBC2424-20210323/LBC2424-20210323_274.png" width="2048" height="2048">
  </image>
  <image id="151" name="carcinoma/LBC2424-20210323/LBC2424-20210323_273.png" width="2048" height="2048">
  </image>
  <image id="150" name="carcinoma/LBC2424-20210323/LBC2424-20210323_27.png" width="2048" height="2048">
  </image>
  <image id="149" name="carcinoma/LBC2424-20210323/LBC2424-20210323_268.png" width="2048" height="2048">
  </image>
  <image id="148" name="carcinoma/LBC2424-20210323/LBC2424-20210323_265.png" width="2048" height="2048">
  </image>
  <image id="147" name="carcinoma/LBC2424-20210323/LBC2424-20210323_26.png" width="2048" height="2048">
  </image>
  <image id="146" name="carcinoma/LBC2424-20210323/LBC2424-20210323_240.png" width="2048" height="2048">
  </image>
  <image id="145" name="carcinoma/LBC2424-20210323/LBC2424-20210323_238.png" width="2048" height="2048">
  </image>
  <image id="144" name="carcinoma/LBC2424-20210323/LBC2424-20210323_234.png" width="2048" height="2048">
  </image>
  <image id="143" name="carcinoma/LBC2424-20210323/LBC2424-20210323_232.png" width="2048" height="2048">
  </image>
  <image id="142" name="carcinoma/LBC2424-20210323/LBC2424-20210323_23.png" width="2048" height="2048">
  </image>
  <image id="141" name="carcinoma/LBC2424-20210323/LBC2424-20210323_228.png" width="2048" height="2048">
  </image>
  <image id="140" name="carcinoma/LBC2424-20210323/LBC2424-20210323_227.png" width="2048" height="2048">
  </image>
  <image id="139" name="carcinoma/LBC2424-20210323/LBC2424-20210323_226.png" width="2048" height="2048">
  </image>
  <image id="138" name="carcinoma/LBC2424-20210323/LBC2424-20210323_201.png" width="2048" height="2048">
  </image>
  <image id="137" name="carcinoma/LBC2424-20210323/LBC2424-20210323_195.png" width="2048" height="2048">
  </image>
  <image id="136" name="carcinoma/LBC2424-20210323/LBC2424-20210323_192.png" width="2048" height="2048">
  </image>
  <image id="135" name="carcinoma/LBC2424-20210323/LBC2424-20210323_191.png" width="2048" height="2048">
  </image>
  <image id="134" name="carcinoma/LBC2424-20210323/LBC2424-20210323_189.png" width="2048" height="2048">
  </image>
  <image id="133" name="carcinoma/LBC2424-20210323/LBC2424-20210323_187.png" width="2048" height="2048">
  </image>
  <image id="132" name="carcinoma/LBC2424-20210323/LBC2424-20210323_185.png" width="2048" height="2048">
  </image>
  <image id="131" name="carcinoma/LBC2424-20210323/LBC2424-20210323_183.png" width="2048" height="2048">
  </image>
  <image id="130" name="carcinoma/LBC2424-20210323/LBC2424-20210323_182.png" width="2048" height="2048">
  </image>
  <image id="129" name="carcinoma/LBC2424-20210323/LBC2424-20210323_181.png" width="2048" height="2048">
  </image>
  <image id="128" name="carcinoma/LBC2424-20210323/LBC2424-20210323_1664.png" width="2048" height="2048">
  </image>
  <image id="127" name="carcinoma/LBC2424-20210323/LBC2424-20210323_1659.png" width="2048" height="2048">
  </image>
  <image id="126" name="carcinoma/LBC2424-20210323/LBC2424-20210323_1633.png" width="2048" height="2048">
  </image>
  <image id="125" name="carcinoma/LBC2424-20210323/LBC2424-20210323_1622.png" width="2048" height="2048">
  </image>
  <image id="124" name="carcinoma/LBC2424-20210323/LBC2424-20210323_1620.png" width="2048" height="2048">
  </image>
  <image id="123" name="carcinoma/LBC2424-20210323/LBC2424-20210323_1616.png" width="2048" height="2048">
  </image>
  <image id="122" name="carcinoma/LBC2424-20210323/LBC2424-20210323_1613.png" width="2048" height="2048">
  </image>
  <image id="121" name="carcinoma/LBC2424-20210323/LBC2424-20210323_1582.png" width="2048" height="2048">
  </image>
  <image id="120" name="carcinoma/LBC2424-20210323/LBC2424-20210323_1578.png" width="2048" height="2048">
  </image>
  <image id="119" name="carcinoma/LBC2424-20210323/LBC2424-20210323_1573.png" width="2048" height="2048">
  </image>
  <image id="118" name="carcinoma/LBC2424-20210323/LBC2424-20210323_1571.png" width="2048" height="2048">
  </image>
  <image id="117" name="carcinoma/LBC2424-20210323/LBC2424-20210323_1568.png" width="2048" height="2048">
  </image>
  <image id="116" name="carcinoma/LBC2424-20210323/LBC2424-20210323_1567.png" width="2048" height="2048">
  </image>
  <image id="115" name="carcinoma/LBC2424-20210323/LBC2424-20210323_1544.png" width="2048" height="2048">
  </image>
  <image id="114" name="carcinoma/LBC2424-20210323/LBC2424-20210323_1539.png" width="2048" height="2048">
  </image>
  <image id="113" name="carcinoma/LBC2424-20210323/LBC2424-20210323_1538.png" width="2048" height="2048">
  </image>
  <image id="112" name="carcinoma/LBC2424-20210323/LBC2424-20210323_1535.png" width="2048" height="2048">
  </image>
  <image id="111" name="carcinoma/LBC2424-20210323/LBC2424-20210323_1533.png" width="2048" height="2048">
  </image>
  <image id="110" name="carcinoma/LBC2424-20210323/LBC2424-20210323_153.png" width="2048" height="2048">
  </image>
  <image id="109" name="carcinoma/LBC2424-20210323/LBC2424-20210323_1523.png" width="2048" height="2048">
  </image>
  <image id="108" name="carcinoma/LBC2424-20210323/LBC2424-20210323_152.png" width="2048" height="2048">
  </image>
  <image id="107" name="carcinoma/LBC2424-20210323/LBC2424-20210323_148.png" width="2048" height="2048">
  </image>
  <image id="106" name="carcinoma/LBC2424-20210323/LBC2424-20210323_147.png" width="2048" height="2048">
  </image>
  <image id="105" name="carcinoma/LBC2424-20210323/LBC2424-20210323_1460.png" width="2048" height="2048">
  </image>
  <image id="104" name="carcinoma/LBC2424-20210323/LBC2424-20210323_1453.png" width="2048" height="2048">
  </image>
  <image id="103" name="carcinoma/LBC2424-20210323/LBC2424-20210323_1452.png" width="2048" height="2048">
  </image>
  <image id="102" name="carcinoma/LBC2424-20210323/LBC2424-20210323_1451.png" width="2048" height="2048">
  </image>
  <image id="101" name="carcinoma/LBC2424-20210323/LBC2424-20210323_1448.png" width="2048" height="2048">
  </image>
  <image id="100" name="carcinoma/LBC2424-20210323/LBC2424-20210323_1447.png" width="2048" height="2048">
  </image>
  <image id="99" name="carcinoma/LBC2424-20210323/LBC2424-20210323_144.png" width="2048" height="2048">
  </image>
  <image id="98" name="carcinoma/LBC2424-20210323/LBC2424-20210323_1438.png" width="2048" height="2048">
  </image>
  <image id="97" name="carcinoma/LBC2424-20210323/LBC2424-20210323_1437.png" width="2048" height="2048">
  </image>
  <image id="96" name="carcinoma/LBC2424-20210323/LBC2424-20210323_1435.png" width="2048" height="2048">
  </image>
  <image id="95" name="carcinoma/LBC2424-20210323/LBC2424-20210323_143.png" width="2048" height="2048">
  </image>
  <image id="94" name="carcinoma/LBC2424-20210323/LBC2424-20210323_142.png" width="2048" height="2048">
  </image>
  <image id="93" name="carcinoma/LBC2424-20210323/LBC2424-20210323_1417.png" width="2048" height="2048">
  </image>
  <image id="92" name="carcinoma/LBC2424-20210323/LBC2424-20210323_1412.png" width="2048" height="2048">
  </image>
  <image id="91" name="carcinoma/LBC2424-20210323/LBC2424-20210323_1411.png" width="2048" height="2048">
  </image>
  <image id="90" name="carcinoma/LBC2424-20210323/LBC2424-20210323_141.png" width="2048" height="2048">
  </image>
  <image id="89" name="carcinoma/LBC2424-20210323/LBC2424-20210323_1398.png" width="2048" height="2048">
  </image>
  <image id="88" name="carcinoma/LBC2424-20210323/LBC2424-20210323_1396.png" width="2048" height="2048">
  </image>
  <image id="87" name="carcinoma/LBC2424-20210323/LBC2424-20210323_1394.png" width="2048" height="2048">
  </image>
  <image id="86" name="carcinoma/LBC2424-20210323/LBC2424-20210323_139.png" width="2048" height="2048">
  </image>
  <image id="85" name="carcinoma/LBC2424-20210323/LBC2424-20210323_1375.png" width="2048" height="2048">
  </image>
  <image id="84" name="carcinoma/LBC2424-20210323/LBC2424-20210323_1371.png" width="2048" height="2048">
  </image>
  <image id="83" name="carcinoma/LBC2424-20210323/LBC2424-20210323_1365.png" width="2048" height="2048">
  </image>
  <image id="82" name="carcinoma/LBC2424-20210323/LBC2424-20210323_1363.png" width="2048" height="2048">
    <box label="SC" occluded="0" source="manual" xtl="1748.25" ytl="1640.00" xbr="1929.91" ybr="1868.94" z_order="0">
      <attribute name="Description">Invasive squamous cell carcinoma</attribute>
    </box>
  </image>
  <image id="81" name="carcinoma/LBC2424-20210323/LBC2424-20210323_1362.png" width="2048" height="2048">
  </image>
  <image id="80" name="carcinoma/LBC2424-20210323/LBC2424-20210323_1357.png" width="2048" height="2048">
  </image>
  <image id="79" name="carcinoma/LBC2424-20210323/LBC2424-20210323_1354.png" width="2048" height="2048">
  </image>
  <image id="78" name="carcinoma/LBC2424-20210323/LBC2424-20210323_1326.png" width="2048" height="2048">
  </image>
  <image id="77" name="carcinoma/LBC2424-20210323/LBC2424-20210323_1325.png" width="2048" height="2048">
  </image>
  <image id="76" name="carcinoma/LBC2424-20210323/LBC2424-20210323_1322.png" width="2048" height="2048">
  </image>
  <image id="75" name="carcinoma/LBC2424-20210323/LBC2424-20210323_1317.png" width="2048" height="2048">
  </image>
  <image id="74" name="carcinoma/LBC2424-20210323/LBC2424-20210323_1315.png" width="2048" height="2048">
  </image>
  <image id="73" name="carcinoma/LBC2424-20210323/LBC2424-20210323_1313.png" width="2048" height="2048">
  </image>
  <image id="72" name="carcinoma/LBC2424-20210323/LBC2424-20210323_1312.png" width="2048" height="2048">
  </image>
  <image id="71" name="carcinoma/LBC2424-20210323/LBC2424-20210323_1308.png" width="2048" height="2048">
  </image>
  <image id="70" name="carcinoma/LBC2424-20210323/LBC2424-20210323_1291.png" width="2048" height="2048">
  </image>
  <image id="69" name="carcinoma/LBC2424-20210323/LBC2424-20210323_1274.png" width="2048" height="2048">
  </image>
  <image id="68" name="carcinoma/LBC2424-20210323/LBC2424-20210323_1273.png" width="2048" height="2048">
  </image>
  <image id="67" name="carcinoma/LBC2424-20210323/LBC2424-20210323_1272.png" width="2048" height="2048">
  </image>
  <image id="66" name="carcinoma/LBC2424-20210323/LBC2424-20210323_1266.png" width="2048" height="2048">
  </image>
  <image id="65" name="carcinoma/LBC2424-20210323/LBC2424-20210323_1255.png" width="2048" height="2048">
  </image>
  <image id="64" name="carcinoma/LBC2424-20210323/LBC2424-20210323_1246.png" width="2048" height="2048">
  </image>
  <image id="63" name="carcinoma/LBC2424-20210323/LBC2424-20210323_1243.png" width="2048" height="2048">
  </image>
  <image id="62" name="carcinoma/LBC2424-20210323/LBC2424-20210323_1241.png" width="2048" height="2048">
  </image>
  <image id="61" name="carcinoma/LBC2424-20210323/LBC2424-20210323_1237.png" width="2048" height="2048">
  </image>
  <image id="60" name="carcinoma/LBC2424-20210323/LBC2424-20210323_1236.png" width="2048" height="2048">
  </image>
  <image id="59" name="carcinoma/LBC2424-20210323/LBC2424-20210323_1234.png" width="2048" height="2048">
  </image>
  <image id="58" name="carcinoma/LBC2424-20210323/LBC2424-20210323_1233.png" width="2048" height="2048">
  </image>
  <image id="57" name="carcinoma/LBC2424-20210323/LBC2424-20210323_1232.png" width="2048" height="2048">
  </image>
  <image id="56" name="carcinoma/LBC2424-20210323/LBC2424-20210323_1231.png" width="2048" height="2048">
  </image>
  <image id="55" name="carcinoma/LBC2424-20210323/LBC2424-20210323_1229.png" width="2048" height="2048">
  </image>
  <image id="54" name="carcinoma/LBC2424-20210323/LBC2424-20210323_1227.png" width="2048" height="2048">
  </image>
  <image id="53" name="carcinoma/LBC2424-20210323/LBC2424-20210323_1225.png" width="2048" height="2048">
  </image>
  <image id="52" name="carcinoma/LBC2424-20210323/LBC2424-20210323_1214.png" width="2048" height="2048">
  </image>
  <image id="51" name="carcinoma/LBC2424-20210323/LBC2424-20210323_1213.png" width="2048" height="2048">
  </image>
  <image id="50" name="carcinoma/LBC2424-20210323/LBC2424-20210323_1209.png" width="2048" height="2048">
  </image>
  <image id="49" name="carcinoma/LBC2424-20210323/LBC2424-20210323_1207.png" width="2048" height="2048">
  </image>
  <image id="48" name="carcinoma/LBC2424-20210323/LBC2424-20210323_1206.png" width="2048" height="2048">
  </image>
  <image id="47" name="carcinoma/LBC2424-20210323/LBC2424-20210323_1202.png" width="2048" height="2048">
  </image>
  <image id="46" name="carcinoma/LBC2424-20210323/LBC2424-20210323_1201.png" width="2048" height="2048">
  </image>
  <image id="45" name="carcinoma/LBC2424-20210323/LBC2424-20210323_1199.png" width="2048" height="2048">
  </image>
  <image id="44" name="carcinoma/LBC2424-20210323/LBC2424-20210323_1198.png" width="2048" height="2048">
  </image>
  <image id="43" name="carcinoma/LBC2424-20210323/LBC2424-20210323_1197.png" width="2048" height="2048">
  </image>
  <image id="42" name="carcinoma/LBC2424-20210323/LBC2424-20210323_1189.png" width="2048" height="2048">
  </image>
  <image id="291" name="carcinoma/LBC2424-20210323/LBC2424-20210323_761.png" width="2048" height="2048">
  </image>
  <image id="290" name="carcinoma/LBC2424-20210323/LBC2424-20210323_759.png" width="2048" height="2048">
  </image>
  <image id="289" name="carcinoma/LBC2424-20210323/LBC2424-20210323_748.png" width="2048" height="2048">
  </image>
  <image id="288" name="carcinoma/LBC2424-20210323/LBC2424-20210323_747.png" width="2048" height="2048">
  </image>
  <image id="287" name="carcinoma/LBC2424-20210323/LBC2424-20210323_746.png" width="2048" height="2048">
  </image>
  <image id="286" name="carcinoma/LBC2424-20210323/LBC2424-20210323_740.png" width="2048" height="2048">
  </image>
  <image id="285" name="carcinoma/LBC2424-20210323/LBC2424-20210323_739.png" width="2048" height="2048">
  </image>
  <image id="284" name="carcinoma/LBC2424-20210323/LBC2424-20210323_736.png" width="2048" height="2048">
  </image>
  <image id="283" name="carcinoma/LBC2424-20210323/LBC2424-20210323_729.png" width="2048" height="2048">
  </image>
  <image id="282" name="carcinoma/LBC2424-20210323/LBC2424-20210323_727.png" width="2048" height="2048">
  </image>
  <image id="281" name="carcinoma/LBC2424-20210323/LBC2424-20210323_725.png" width="2048" height="2048">
  </image>
  <image id="280" name="carcinoma/LBC2424-20210323/LBC2424-20210323_722.png" width="2048" height="2048">
  </image>
  <image id="279" name="carcinoma/LBC2424-20210323/LBC2424-20210323_721.png" width="2048" height="2048">
  </image>
  <image id="278" name="carcinoma/LBC2424-20210323/LBC2424-20210323_707.png" width="2048" height="2048">
  </image>
  <image id="277" name="carcinoma/LBC2424-20210323/LBC2424-20210323_702.png" width="2048" height="2048">
  </image>
  <image id="276" name="carcinoma/LBC2424-20210323/LBC2424-20210323_700.png" width="2048" height="2048">
  </image>
  <image id="275" name="carcinoma/LBC2424-20210323/LBC2424-20210323_699.png" width="2048" height="2048">
  </image>
  <image id="274" name="carcinoma/LBC2424-20210323/LBC2424-20210323_691.png" width="2048" height="2048">
  </image>
  <image id="273" name="carcinoma/LBC2424-20210323/LBC2424-20210323_688.png" width="2048" height="2048">
  </image>
  <image id="272" name="carcinoma/LBC2424-20210323/LBC2424-20210323_687.png" width="2048" height="2048">
  </image>
  <image id="271" name="carcinoma/LBC2424-20210323/LBC2424-20210323_686.png" width="2048" height="2048">
  </image>
  <image id="270" name="carcinoma/LBC2424-20210323/LBC2424-20210323_685.png" width="2048" height="2048">
  </image>
  <image id="269" name="carcinoma/LBC2424-20210323/LBC2424-20210323_683.png" width="2048" height="2048">
  </image>
  <image id="268" name="carcinoma/LBC2424-20210323/LBC2424-20210323_682.png" width="2048" height="2048">
  </image>
  <image id="267" name="carcinoma/LBC2424-20210323/LBC2424-20210323_681.png" width="2048" height="2048">
  </image>
  <image id="266" name="carcinoma/LBC2424-20210323/LBC2424-20210323_679.png" width="2048" height="2048">
  </image>
  <image id="265" name="carcinoma/LBC2424-20210323/LBC2424-20210323_67.png" width="2048" height="2048">
  </image>
  <image id="264" name="carcinoma/LBC2424-20210323/LBC2424-20210323_663.png" width="2048" height="2048">
  </image>
  <image id="263" name="carcinoma/LBC2424-20210323/LBC2424-20210323_662.png" width="2048" height="2048">
  </image>
  <image id="262" name="carcinoma/LBC2424-20210323/LBC2424-20210323_66.png" width="2048" height="2048">
  </image>
  <image id="261" name="carcinoma/LBC2424-20210323/LBC2424-20210323_658.png" width="2048" height="2048">
  </image>
  <image id="260" name="carcinoma/LBC2424-20210323/LBC2424-20210323_654.png" width="2048" height="2048">
  </image>
  <image id="259" name="carcinoma/LBC2424-20210323/LBC2424-20210323_652.png" width="2048" height="2048">
    <box label="SC" occluded="0" source="manual" xtl="183.01" ytl="776.51" xbr="332.32" ybr="993.00" z_order="0">
      <attribute name="Description">Invasive squamous cell carcinoma</attribute>
    </box>
  </image>
  <image id="258" name="carcinoma/LBC2424-20210323/LBC2424-20210323_651.png" width="2048" height="2048">
  </image>
  <image id="257" name="carcinoma/LBC2424-20210323/LBC2424-20210323_645.png" width="2048" height="2048">
  </image>
  <image id="256" name="carcinoma/LBC2424-20210323/LBC2424-20210323_644.png" width="2048" height="2048">
  </image>
  <image id="255" name="carcinoma/LBC2424-20210323/LBC2424-20210323_64.png" width="2048" height="2048">
  </image>
  <image id="254" name="carcinoma/LBC2424-20210323/LBC2424-20210323_636.png" width="2048" height="2048">
  </image>
  <image id="253" name="carcinoma/LBC2424-20210323/LBC2424-20210323_625.png" width="2048" height="2048">
  </image>
  <image id="252" name="carcinoma/LBC2424-20210323/LBC2424-20210323_623.png" width="2048" height="2048">
  </image>
  <image id="251" name="carcinoma/LBC2424-20210323/LBC2424-20210323_622.png" width="2048" height="2048">
  </image>
  <image id="250" name="carcinoma/LBC2424-20210323/LBC2424-20210323_621.png" width="2048" height="2048">
  </image>
  <image id="249" name="carcinoma/LBC2424-20210323/LBC2424-20210323_620.png" width="2048" height="2048">
  </image>
  <image id="248" name="carcinoma/LBC2424-20210323/LBC2424-20210323_619.png" width="2048" height="2048">
  </image>
  <image id="247" name="carcinoma/LBC2424-20210323/LBC2424-20210323_617.png" width="2048" height="2048">
  </image>
  <image id="246" name="carcinoma/LBC2424-20210323/LBC2424-20210323_613.png" width="2048" height="2048">
  </image>
  <image id="245" name="carcinoma/LBC2424-20210323/LBC2424-20210323_612.png" width="2048" height="2048">
  </image>
  <image id="244" name="carcinoma/LBC2424-20210323/LBC2424-20210323_610.png" width="2048" height="2048">
  </image>
  <image id="243" name="carcinoma/LBC2424-20210323/LBC2424-20210323_609.png" width="2048" height="2048">
  </image>
  <image id="242" name="carcinoma/LBC2424-20210323/LBC2424-20210323_608.png" width="2048" height="2048">
  </image>
  <image id="241" name="carcinoma/LBC2424-20210323/LBC2424-20210323_607.png" width="2048" height="2048">
  </image>
  <image id="240" name="carcinoma/LBC2424-20210323/LBC2424-20210323_605.png" width="2048" height="2048">
  </image>
  <image id="239" name="carcinoma/LBC2424-20210323/LBC2424-20210323_604.png" width="2048" height="2048">
  </image>
  <image id="238" name="carcinoma/LBC2424-20210323/LBC2424-20210323_603.png" width="2048" height="2048">
  </image>
  <image id="237" name="carcinoma/LBC2424-20210323/LBC2424-20210323_599.png" width="2048" height="2048">
  </image>
  <image id="41" name="carcinoma/LBC2424-20210323/LBC2424-20210323_1186.png" width="2048" height="2048">
  </image>
  <image id="40" name="carcinoma/LBC2424-20210323/LBC2424-20210323_1184.png" width="2048" height="2048">
  </image>
  <image id="39" name="carcinoma/LBC2424-20210323/LBC2424-20210323_1183.png" width="2048" height="2048">
  </image>
  <image id="38" name="carcinoma/LBC2424-20210323/LBC2424-20210323_1172.png" width="2048" height="2048">
  </image>
  <image id="37" name="carcinoma/LBC2424-20210323/LBC2424-20210323_1171.png" width="2048" height="2048">
  </image>
  <image id="36" name="carcinoma/LBC2424-20210323/LBC2424-20210323_1169.png" width="2048" height="2048">
  </image>
  <image id="35" name="carcinoma/LBC2424-20210323/LBC2424-20210323_1166.png" width="2048" height="2048">
  </image>
  <image id="34" name="carcinoma/LBC2424-20210323/LBC2424-20210323_1164.png" width="2048" height="2048">
  </image>
  <image id="33" name="carcinoma/LBC2424-20210323/LBC2424-20210323_1162.png" width="2048" height="2048">
  </image>
  <image id="32" name="carcinoma/LBC2424-20210323/LBC2424-20210323_1161.png" width="2048" height="2048">
  </image>
  <image id="31" name="carcinoma/LBC2424-20210323/LBC2424-20210323_1145.png" width="2048" height="2048">
  </image>
  <image id="30" name="carcinoma/LBC2424-20210323/LBC2424-20210323_1144.png" width="2048" height="2048">
  </image>
  <image id="29" name="carcinoma/LBC2424-20210323/LBC2424-20210323_1141.png" width="2048" height="2048">
  </image>
  <image id="28" name="carcinoma/LBC2424-20210323/LBC2424-20210323_1140.png" width="2048" height="2048">
  </image>
  <image id="27" name="carcinoma/LBC2424-20210323/LBC2424-20210323_1122.png" width="2048" height="2048">
    <box label="SC" occluded="0" source="manual" xtl="805.12" ytl="933.28" xbr="909.64" ybr="1062.68" z_order="0">
      <attribute name="Description">Invasive squamous cell carcinoma</attribute>
    </box>
    <box label="SC" occluded="0" source="manual" xtl="645.86" ytl="291.26" xbr="827.52" ybr="540.10" z_order="0">
      <attribute name="Description">Invasive squamous cell carcinoma</attribute>
    </box>
  </image>
  <image id="26" name="carcinoma/LBC2424-20210323/LBC2424-20210323_1121.png" width="2048" height="2048">
  </image>
  <image id="25" name="carcinoma/LBC2424-20210323/LBC2424-20210323_1110.png" width="2048" height="2048">
    <box label="SC" occluded="0" source="manual" xtl="1307.79" ytl="415.68" xbr="1449.63" ybr="569.96" z_order="0">
      <attribute name="Description">Invasive squamous cell carcinoma</attribute>
    </box>
  </image>
  <image id="24" name="carcinoma/LBC2424-20210323/LBC2424-20210323_1104.png" width="2048" height="2048">
  </image>
  <image id="23" name="carcinoma/LBC2424-20210323/LBC2424-20210323_1096.png" width="2048" height="2048">
  </image>
  <image id="22" name="carcinoma/LBC2424-20210323/LBC2424-20210323_1081.png" width="2048" height="2048">
  </image>
  <image id="21" name="carcinoma/LBC2424-20210323/LBC2424-20210323_1079.png" width="2048" height="2048">
  </image>
  <image id="20" name="carcinoma/LBC2424-20210323/LBC2424-20210323_1073.png" width="2048" height="2048">
  </image>
  <image id="19" name="carcinoma/LBC2424-20210323/LBC2424-20210323_1072.png" width="2048" height="2048">
  </image>
  <image id="18" name="carcinoma/LBC2424-20210323/LBC2424-20210323_1069.png" width="2048" height="2048">
  </image>
  <image id="17" name="carcinoma/LBC2424-20210323/LBC2424-20210323_1064.png" width="2048" height="2048">
  </image>
  <image id="16" name="carcinoma/LBC2424-20210323/LBC2424-20210323_1062.png" width="2048" height="2048">
  </image>
  <image id="15" name="carcinoma/LBC2424-20210323/LBC2424-20210323_1061.png" width="2048" height="2048">
  </image>
  <image id="14" name="carcinoma/LBC2424-20210323/LBC2424-20210323_105.png" width="2048" height="2048">
  </image>
  <image id="13" name="carcinoma/LBC2424-20210323/LBC2424-20210323_1041.png" width="2048" height="2048">
  </image>
  <image id="12" name="carcinoma/LBC2424-20210323/LBC2424-20210323_1040.png" width="2048" height="2048">
  </image>
  <image id="11" name="carcinoma/LBC2424-20210323/LBC2424-20210323_1039.png" width="2048" height="2048">
  </image>
  <image id="10" name="carcinoma/LBC2424-20210323/LBC2424-20210323_1037.png" width="2048" height="2048">
  </image>
  <image id="9" name="carcinoma/LBC2424-20210323/LBC2424-20210323_1033.png" width="2048" height="2048">
  </image>
  <image id="8" name="carcinoma/LBC2424-20210323/LBC2424-20210323_1031.png" width="2048" height="2048">
  </image>
  <image id="7" name="carcinoma/LBC2424-20210323/LBC2424-20210323_1030.png" width="2048" height="2048">
  </image>
  <image id="6" name="carcinoma/LBC2424-20210323/LBC2424-20210323_103.png" width="2048" height="2048">
  </image>
  <image id="5" name="carcinoma/LBC2424-20210323/LBC2424-20210323_1029.png" width="2048" height="2048">
  </image>
  <image id="4" name="carcinoma/LBC2424-20210323/LBC2424-20210323_1021.png" width="2048" height="2048">
    <box label="SC" occluded="0" source="manual" xtl="1169.43" ytl="335.80" xbr="1375.98" ybr="572.20" z_order="0">
      <attribute name="Description">Invasive squamous cell carcinoma</attribute>
    </box>
  </image>
  <image id="3" name="carcinoma/LBC2424-20210323/LBC2424-20210323_1020.png" width="2048" height="2048">
  </image>
  <image id="2" name="carcinoma/LBC2424-20210323/LBC2424-20210323_102.png" width="2048" height="2048">
  </image>
  <image id="1" name="carcinoma/LBC2424-20210323/LBC2424-20210323_1016.png" width="2048" height="2048">
  </image>
  <image id="0" name="carcinoma/LBC2424-20210323/LBC2424-20210323_1014.png" width="2048" height="2048">
  </image>
</annotations>