<?xml version="1.0" encoding="utf-8"?>
<annotations>
  <version>1.1</version>
  <meta>
    <task>
      <id>755</id>
      <name>LBC2428-20210419</name>
      <size>120</size>
      <mode>annotation</mode>
      <overlap>0</overlap>
      <bugtracker></bugtracker>
      <created>2022-04-21 06:13:08.572164+00:00</created>
      <updated>2022-05-17 00:02:15.230849+00:00</updated>
      <start_frame>0</start_frame>
      <stop_frame>119</stop_frame>
      <frame_filter></frame_filter>
      <labels>
        <label>
          <name>GC</name>
          <color>#03a541</color>
          <attributes>
          </attributes>
        </label>
        <label>
          <name>GN</name>
          <color>#da84a8</color>
          <attributes>
          </attributes>
        </label>
        <label>
          <name>AS</name>
          <color>#fff600</color>
          <attributes>
            <attribute>
              <name>Description</name>
              <mutable>False</mutable>
              <input_type>text</input_type>
              <default_value>ASC-US</default_value>
              <values>ASC-US</values>
            </attribute>
          </attributes>
        </label>
        <label>
          <name>AH</name>
          <color>#ffba00</color>
          <attributes>
            <attribute>
              <name>Description</name>
              <mutable>False</mutable>
              <input_type>text</input_type>
              <default_value>ASC-H</default_value>
              <values>ASC-H</values>
            </attribute>
          </attributes>
        </label>
        <label>
          <name>LS</name>
          <color>#ff8d00</color>
          <attributes>
            <attribute>
              <name>Description</name>
              <mutable>False</mutable>
              <input_type>text</input_type>
              <default_value>LSIL</default_value>
              <values>LSIL</values>
            </attribute>
          </attributes>
        </label>
        <label>
          <name>HS</name>
          <color>#ff5000</color>
          <attributes>
            <attribute>
              <name>Description</name>
              <mutable>False</mutable>
              <input_type>text</input_type>
              <default_value>High-grade squamous intraepithelial lesion</default_value>
              <values>High-grade squamous intraepithelial lesion</values>
            </attribute>
          </attributes>
        </label>
        <label>
          <name>HN</name>
          <color>#ff3200</color>
          <attributes>
            <attribute>
              <name>Description</name>
              <mutable>False</mutable>
              <input_type>text</input_type>
              <default_value>HSIL with features suspicious for invasion</default_value>
              <values>HSIL with features suspicious for invasion</values>
            </attribute>
          </attributes>
        </label>
        <label>
          <name>SM</name>
          <color>#ff0000</color>
          <attributes>
            <attribute>
              <name>Description</name>
              <mutable>False</mutable>
              <input_type>text</input_type>
              <default_value>Suspicious for malignancy</default_value>
              <values>Suspicious for malignancy</values>
            </attribute>
          </attributes>
        </label>
        <label>
          <name>SC</name>
          <color>#ff0000</color>
          <attributes>
            <attribute>
              <name>Description</name>
              <mutable>False</mutable>
              <input_type>text</input_type>
              <default_value>Invasive squamous cell carcinoma</default_value>
              <values>Invasive squamous cell carcinoma</values>
            </attribute>
          </attributes>
        </label>
        <label>
          <name>C</name>
          <color>#87c76b</color>
          <attributes>
            <attribute>
              <name>Description</name>
              <mutable>False</mutable>
              <input_type>text</input_type>
              <default_value>Candida albicans</default_value>
              <values>Candida albicans</values>
            </attribute>
          </attributes>
        </label>
        <label>
          <name>T</name>
          <color>#5aa72c</color>
          <attributes>
            <attribute>
              <name>Description</name>
              <mutable>False</mutable>
              <input_type>text</input_type>
              <default_value>Trichomonas vaginalis</default_value>
              <values>Trichomonas vaginalis</values>
            </attribute>
          </attributes>
        </label>
        <label>
          <name>H</name>
          <color>#5ed80c</color>
          <attributes>
            <attribute>
              <name>Description</name>
              <mutable>False</mutable>
              <input_type>text</input_type>
              <default_value>Herpes simplex virus</default_value>
              <values>Herpes simplex virus</values>
            </attribute>
          </attributes>
        </label>
        <label>
          <name>AC</name>
          <color>#0dc424</color>
          <attributes>
            <attribute>
              <name>Description</name>
              <mutable>False</mutable>
              <input_type>text</input_type>
              <default_value>Actinomyces species</default_value>
              <values>Actinomyces species</values>
            </attribute>
          </attributes>
        </label>
        <label>
          <name>Others</name>
          <color>#0e1de8</color>
          <attributes>
            <attribute>
              <name>Description</name>
              <mutable>False</mutable>
              <input_type>text</input_type>
              <default_value></default_value>
              <values></values>
            </attribute>
          </attributes>
        </label>
        <label>
          <name>판독불가</name>
          <color>#ff6037</color>
          <attributes>
          </attributes>
        </label>
        <label>
          <name>N - Endocervical Cell</name>
          <color>#bb02d0</color>
          <attributes>
          </attributes>
        </label>
        <label>
          <name>N - Endometrial cell</name>
          <color>#2a454f</color>
          <attributes>
          </attributes>
        </label>
        <label>
          <name>AD</name>
          <color>#c61049</color>
          <attributes>
          </attributes>
        </label>
      </labels>
      <segments>
        <segment>
          <id>609</id>
          <start>0</start>
          <stop>119</stop>
          <url>http://cvat.doai.ai/?id=609</url>
        </segment>
      </segments>
      <owner>
        <username>django</username>
        <email></email>
      </owner>
      <assignee></assignee>
    </task>
    <dumped>2022-05-18 09:00:54.431624+00:00</dumped>
  </meta>
  <image id="119" name="carcinoma/LBC2428-20210419/LBC2428-20210419_999.png" width="2048" height="2048">
  </image>
  <image id="118" name="carcinoma/LBC2428-20210419/LBC2428-20210419_968.png" width="2048" height="2048">
  </image>
  <image id="117" name="carcinoma/LBC2428-20210419/LBC2428-20210419_925.png" width="2048" height="2048">
  </image>
  <image id="116" name="carcinoma/LBC2428-20210419/LBC2428-20210419_924.png" width="2048" height="2048">
  </image>
  <image id="115" name="carcinoma/LBC2428-20210419/LBC2428-20210419_908.png" width="2048" height="2048">
  </image>
  <image id="114" name="carcinoma/LBC2428-20210419/LBC2428-20210419_900.png" width="2048" height="2048">
  </image>
  <image id="113" name="carcinoma/LBC2428-20210419/LBC2428-20210419_89.png" width="2048" height="2048">
  </image>
  <image id="112" name="carcinoma/LBC2428-20210419/LBC2428-20210419_889.png" width="2048" height="2048">
  </image>
  <image id="111" name="carcinoma/LBC2428-20210419/LBC2428-20210419_888.png" width="2048" height="2048">
  </image>
  <image id="110" name="carcinoma/LBC2428-20210419/LBC2428-20210419_881.png" width="2048" height="2048">
  </image>
  <image id="109" name="carcinoma/LBC2428-20210419/LBC2428-20210419_880.png" width="2048" height="2048">
  </image>
  <image id="108" name="carcinoma/LBC2428-20210419/LBC2428-20210419_88.png" width="2048" height="2048">
  </image>
  <image id="107" name="carcinoma/LBC2428-20210419/LBC2428-20210419_849.png" width="2048" height="2048">
  </image>
  <image id="106" name="carcinoma/LBC2428-20210419/LBC2428-20210419_837.png" width="2048" height="2048">
  </image>
  <image id="105" name="carcinoma/LBC2428-20210419/LBC2428-20210419_836.png" width="2048" height="2048">
  </image>
  <image id="104" name="carcinoma/LBC2428-20210419/LBC2428-20210419_825.png" width="2048" height="2048">
  </image>
  <image id="103" name="carcinoma/LBC2428-20210419/LBC2428-20210419_793.png" width="2048" height="2048">
  </image>
  <image id="102" name="carcinoma/LBC2428-20210419/LBC2428-20210419_749.png" width="2048" height="2048">
  </image>
  <image id="101" name="carcinoma/LBC2428-20210419/LBC2428-20210419_748.png" width="2048" height="2048">
  </image>
  <image id="100" name="carcinoma/LBC2428-20210419/LBC2428-20210419_705.png" width="2048" height="2048">
  </image>
  <image id="99" name="carcinoma/LBC2428-20210419/LBC2428-20210419_678.png" width="2048" height="2048">
  </image>
  <image id="98" name="carcinoma/LBC2428-20210419/LBC2428-20210419_677.png" width="2048" height="2048">
  </image>
  <image id="97" name="carcinoma/LBC2428-20210419/LBC2428-20210419_676.png" width="2048" height="2048">
  </image>
  <image id="96" name="carcinoma/LBC2428-20210419/LBC2428-20210419_661.png" width="2048" height="2048">
  </image>
  <image id="95" name="carcinoma/LBC2428-20210419/LBC2428-20210419_660.png" width="2048" height="2048">
  </image>
  <image id="94" name="carcinoma/LBC2428-20210419/LBC2428-20210419_617.png" width="2048" height="2048">
  </image>
  <image id="93" name="carcinoma/LBC2428-20210419/LBC2428-20210419_587.png" width="2048" height="2048">
  </image>
  <image id="92" name="carcinoma/LBC2428-20210419/LBC2428-20210419_573.png" width="2048" height="2048">
  </image>
  <image id="91" name="carcinoma/LBC2428-20210419/LBC2428-20210419_548.png" width="2048" height="2048">
  </image>
  <image id="90" name="carcinoma/LBC2428-20210419/LBC2428-20210419_529.png" width="2048" height="2048">
  </image>
  <image id="89" name="carcinoma/LBC2428-20210419/LBC2428-20210419_485.png" width="2048" height="2048">
  </image>
  <image id="88" name="carcinoma/LBC2428-20210419/LBC2428-20210419_477.png" width="2048" height="2048">
  </image>
  <image id="87" name="carcinoma/LBC2428-20210419/LBC2428-20210419_45.png" width="2048" height="2048">
  </image>
  <image id="86" name="carcinoma/LBC2428-20210419/LBC2428-20210419_441.png" width="2048" height="2048">
  </image>
  <image id="85" name="carcinoma/LBC2428-20210419/LBC2428-20210419_44.png" width="2048" height="2048">
  </image>
  <image id="84" name="carcinoma/LBC2428-20210419/LBC2428-20210419_397.png" width="2048" height="2048">
  </image>
  <image id="83" name="carcinoma/LBC2428-20210419/LBC2428-20210419_353.png" width="2048" height="2048">
  </image>
  <image id="82" name="carcinoma/LBC2428-20210419/LBC2428-20210419_309.png" width="2048" height="2048">
  </image>
  <image id="81" name="carcinoma/LBC2428-20210419/LBC2428-20210419_284.png" width="2048" height="2048">
  </image>
  <image id="80" name="carcinoma/LBC2428-20210419/LBC2428-20210419_265.png" width="2048" height="2048">
  </image>
  <image id="79" name="carcinoma/LBC2428-20210419/LBC2428-20210419_239.png" width="2048" height="2048">
  </image>
  <image id="78" name="carcinoma/LBC2428-20210419/LBC2428-20210419_234.png" width="2048" height="2048">
  </image>
  <image id="77" name="carcinoma/LBC2428-20210419/LBC2428-20210419_221.png" width="2048" height="2048">
  </image>
  <image id="76" name="carcinoma/LBC2428-20210419/LBC2428-20210419_2067.png" width="2048" height="2048">
  </image>
  <image id="75" name="carcinoma/LBC2428-20210419/LBC2428-20210419_2023.png" width="2048" height="2048">
  </image>
  <image id="74" name="carcinoma/LBC2428-20210419/LBC2428-20210419_2003.png" width="2048" height="2048">
  </image>
  <image id="73" name="carcinoma/LBC2428-20210419/LBC2428-20210419_1979.png" width="2048" height="2048">
  </image>
  <image id="72" name="carcinoma/LBC2428-20210419/LBC2428-20210419_194.png" width="2048" height="2048">
  </image>
  <image id="71" name="carcinoma/LBC2428-20210419/LBC2428-20210419_1936.png" width="2048" height="2048">
  </image>
  <image id="70" name="carcinoma/LBC2428-20210419/LBC2428-20210419_1935.png" width="2048" height="2048">
  </image>
  <image id="69" name="carcinoma/LBC2428-20210419/LBC2428-20210419_1905.png" width="2048" height="2048">
  </image>
  <image id="68" name="carcinoma/LBC2428-20210419/LBC2428-20210419_1892.png" width="2048" height="2048">
  </image>
  <image id="67" name="carcinoma/LBC2428-20210419/LBC2428-20210419_1891.png" width="2048" height="2048">
  </image>
  <image id="66" name="carcinoma/LBC2428-20210419/LBC2428-20210419_1848.png" width="2048" height="2048">
  </image>
  <image id="65" name="carcinoma/LBC2428-20210419/LBC2428-20210419_1847.png" width="2048" height="2048">
  </image>
  <image id="64" name="carcinoma/LBC2428-20210419/LBC2428-20210419_1804.png" width="2048" height="2048">
  </image>
  <image id="63" name="carcinoma/LBC2428-20210419/LBC2428-20210419_1803.png" width="2048" height="2048">
  </image>
  <image id="62" name="carcinoma/LBC2428-20210419/LBC2428-20210419_177.png" width="2048" height="2048">
  </image>
  <image id="61" name="carcinoma/LBC2428-20210419/LBC2428-20210419_1759.png" width="2048" height="2048">
  </image>
  <image id="60" name="carcinoma/LBC2428-20210419/LBC2428-20210419_1716.png" width="2048" height="2048">
  </image>
  <image id="59" name="carcinoma/LBC2428-20210419/LBC2428-20210419_1715.png" width="2048" height="2048">
  </image>
  <image id="58" name="carcinoma/LBC2428-20210419/LBC2428-20210419_1672.png" width="2048" height="2048">
  </image>
  <image id="57" name="carcinoma/LBC2428-20210419/LBC2428-20210419_1671.png" width="2048" height="2048">
  </image>
  <image id="56" name="carcinoma/LBC2428-20210419/LBC2428-20210419_1639.png" width="2048" height="2048">
  </image>
  <image id="55" name="carcinoma/LBC2428-20210419/LBC2428-20210419_1628.png" width="2048" height="2048">
  </image>
  <image id="54" name="carcinoma/LBC2428-20210419/LBC2428-20210419_1627.png" width="2048" height="2048">
  </image>
  <image id="53" name="carcinoma/LBC2428-20210419/LBC2428-20210419_1613.png" width="2048" height="2048">
  </image>
  <image id="52" name="carcinoma/LBC2428-20210419/LBC2428-20210419_1612.png" width="2048" height="2048">
  </image>
  <image id="51" name="carcinoma/LBC2428-20210419/LBC2428-20210419_1584.png" width="2048" height="2048">
  </image>
  <image id="50" name="carcinoma/LBC2428-20210419/LBC2428-20210419_1583.png" width="2048" height="2048">
  </image>
  <image id="49" name="carcinoma/LBC2428-20210419/LBC2428-20210419_1560.png" width="2048" height="2048">
  </image>
  <image id="48" name="carcinoma/LBC2428-20210419/LBC2428-20210419_1540.png" width="2048" height="2048">
  </image>
  <image id="47" name="carcinoma/LBC2428-20210419/LBC2428-20210419_1539.png" width="2048" height="2048">
  </image>
  <image id="46" name="carcinoma/LBC2428-20210419/LBC2428-20210419_1503.png" width="2048" height="2048">
  </image>
  <image id="45" name="carcinoma/LBC2428-20210419/LBC2428-20210419_1496.png" width="2048" height="2048">
  </image>
  <image id="44" name="carcinoma/LBC2428-20210419/LBC2428-20210419_1495.png" width="2048" height="2048">
  </image>
  <image id="43" name="carcinoma/LBC2428-20210419/LBC2428-20210419_1484.png" width="2048" height="2048">
  </image>
  <image id="42" name="carcinoma/LBC2428-20210419/LBC2428-20210419_1482.png" width="2048" height="2048">
  </image>
  <image id="41" name="carcinoma/LBC2428-20210419/LBC2428-20210419_1452.png" width="2048" height="2048">
  </image>
  <image id="40" name="carcinoma/LBC2428-20210419/LBC2428-20210419_1451.png" width="2048" height="2048">
  </image>
  <image id="39" name="carcinoma/LBC2428-20210419/LBC2428-20210419_1450.png" width="2048" height="2048">
  </image>
  <image id="38" name="carcinoma/LBC2428-20210419/LBC2428-20210419_1439.png" width="2048" height="2048">
  </image>
  <image id="37" name="carcinoma/LBC2428-20210419/LBC2428-20210419_1430.png" width="2048" height="2048">
  </image>
  <image id="36" name="carcinoma/LBC2428-20210419/LBC2428-20210419_1422.png" width="2048" height="2048">
  </image>
  <image id="35" name="carcinoma/LBC2428-20210419/LBC2428-20210419_1408.png" width="2048" height="2048">
  </image>
  <image id="34" name="carcinoma/LBC2428-20210419/LBC2428-20210419_1407.png" width="2048" height="2048">
  </image>
  <image id="33" name="carcinoma/LBC2428-20210419/LBC2428-20210419_1382.png" width="2048" height="2048">
  </image>
  <image id="32" name="carcinoma/LBC2428-20210419/LBC2428-20210419_1364.png" width="2048" height="2048">
  </image>
  <image id="31" name="carcinoma/LBC2428-20210419/LBC2428-20210419_1363.png" width="2048" height="2048">
  </image>
  <image id="30" name="carcinoma/LBC2428-20210419/LBC2428-20210419_1341.png" width="2048" height="2048">
  </image>
  <image id="29" name="carcinoma/LBC2428-20210419/LBC2428-20210419_1340.png" width="2048" height="2048">
  </image>
  <image id="28" name="carcinoma/LBC2428-20210419/LBC2428-20210419_133.png" width="2048" height="2048">
  </image>
  <image id="27" name="carcinoma/LBC2428-20210419/LBC2428-20210419_1320.png" width="2048" height="2048">
  </image>
  <image id="26" name="carcinoma/LBC2428-20210419/LBC2428-20210419_132.png" width="2048" height="2048">
  </image>
  <image id="25" name="carcinoma/LBC2428-20210419/LBC2428-20210419_1319.png" width="2048" height="2048">
  </image>
  <image id="24" name="carcinoma/LBC2428-20210419/LBC2428-20210419_1308.png" width="2048" height="2048">
  </image>
  <image id="23" name="carcinoma/LBC2428-20210419/LBC2428-20210419_1300.png" width="2048" height="2048">
  </image>
  <image id="22" name="carcinoma/LBC2428-20210419/LBC2428-20210419_1299.png" width="2048" height="2048">
  </image>
  <image id="21" name="carcinoma/LBC2428-20210419/LBC2428-20210419_1276.png" width="2048" height="2048">
  </image>
  <image id="20" name="carcinoma/LBC2428-20210419/LBC2428-20210419_1269.png" width="2048" height="2048">
  </image>
  <image id="19" name="carcinoma/LBC2428-20210419/LBC2428-20210419_1254.png" width="2048" height="2048">
  </image>
  <image id="18" name="carcinoma/LBC2428-20210419/LBC2428-20210419_1250.png" width="2048" height="2048">
  </image>
  <image id="17" name="carcinoma/LBC2428-20210419/LBC2428-20210419_1232.png" width="2048" height="2048">
  </image>
  <image id="16" name="carcinoma/LBC2428-20210419/LBC2428-20210419_1214.png" width="2048" height="2048">
  </image>
  <image id="15" name="carcinoma/LBC2428-20210419/LBC2428-20210419_1213.png" width="2048" height="2048">
  </image>
  <image id="14" name="carcinoma/LBC2428-20210419/LBC2428-20210419_1188.png" width="2048" height="2048">
  </image>
  <image id="13" name="carcinoma/LBC2428-20210419/LBC2428-20210419_1164.png" width="2048" height="2048">
  </image>
  <image id="12" name="carcinoma/LBC2428-20210419/LBC2428-20210419_1144.png" width="2048" height="2048">
  </image>
  <image id="11" name="carcinoma/LBC2428-20210419/LBC2428-20210419_1125.png" width="2048" height="2048">
  </image>
  <image id="10" name="carcinoma/LBC2428-20210419/LBC2428-20210419_1118.png" width="2048" height="2048">
  </image>
  <image id="9" name="carcinoma/LBC2428-20210419/LBC2428-20210419_1117.png" width="2048" height="2048">
  </image>
  <image id="8" name="carcinoma/LBC2428-20210419/LBC2428-20210419_1100.png" width="2048" height="2048">
  </image>
  <image id="7" name="carcinoma/LBC2428-20210419/LBC2428-20210419_1079.png" width="2048" height="2048">
  </image>
  <image id="6" name="carcinoma/LBC2428-20210419/LBC2428-20210419_1073.png" width="2048" height="2048">
  </image>
  <image id="5" name="carcinoma/LBC2428-20210419/LBC2428-20210419_1056.png" width="2048" height="2048">
  </image>
  <image id="4" name="carcinoma/LBC2428-20210419/LBC2428-20210419_1043.png" width="2048" height="2048">
  </image>
  <image id="3" name="carcinoma/LBC2428-20210419/LBC2428-20210419_1042.png" width="2048" height="2048">
  </image>
  <image id="2" name="carcinoma/LBC2428-20210419/LBC2428-20210419_1012.png" width="2048" height="2048">
  </image>
  <image id="1" name="carcinoma/LBC2428-20210419/LBC2428-20210419_1002.png" width="2048" height="2048">
  </image>
  <image id="0" name="carcinoma/LBC2428-20210419/LBC2428-20210419_1.png" width="2048" height="2048">
  </image>
</annotations>