<?xml version="1.0" encoding="utf-8"?>
<annotations>
  <version>1.1</version>
  <meta>
    <task>
      <id>157</id>
      <name>[Carcinoma] LBC205-20210106</name>
      <size>655</size>
      <mode>annotation</mode>
      <overlap>0</overlap>
      <bugtracker></bugtracker>
      <created>2021-07-18 23:11:49.809245+00:00</created>
      <updated>2021-07-21 01:45:15.609157+00:00</updated>
      <start_frame>0</start_frame>
      <stop_frame>654</stop_frame>
      <frame_filter></frame_filter>
      <labels>
        <label>
          <name>Benign atypia</name>
          <color>#3578d1</color>
          <attributes>
            <attribute>
              <name>Infection Type</name>
              <mutable>False</mutable>
              <input_type>select</input_type>
              <default_value>None</default_value>
              <values>None
Candida albicans
Trichomonas vaginalis
Herpes simplex virus
Cytomegalovirus
Grandnerella species
Actinomyces species
Chlamydia species</values>
            </attribute>
          </attributes>
        </label>
        <label>
          <name>Reactive change</name>
          <color>#ea02bd</color>
          <attributes>
            <attribute>
              <name>Type</name>
              <mutable>False</mutable>
              <input_type>select</input_type>
              <default_value>Associated cellular change</default_value>
              <values>Associated cellular change
Follicular cervicitis
Chemotherapy
Radiation change
Pregnancy</values>
            </attribute>
          </attributes>
        </label>
        <label>
          <name>ASC-US</name>
          <color>#ff0000</color>
          <attributes>
            <attribute>
              <name>Description</name>
              <mutable>False</mutable>
              <input_type>text</input_type>
              <default_value>Atypical squamous cells of undetermined significance</default_value>
              <values>Atypical squamous cells of undetermined significance</values>
            </attribute>
          </attributes>
        </label>
        <label>
          <name>ASCUS-SIL</name>
          <color>#ff0000</color>
          <attributes>
            <attribute>
              <name>Description</name>
              <mutable>False</mutable>
              <input_type>text</input_type>
              <default_value>ASCUS squamous intraepithelial lesion</default_value>
              <values>ASCUS squamous intraepithelial lesion</values>
            </attribute>
          </attributes>
        </label>
        <label>
          <name>ASC-H</name>
          <color>#ff0000</color>
          <attributes>
            <attribute>
              <name>Description</name>
              <mutable>False</mutable>
              <input_type>text</input_type>
              <default_value>Atypical squamous cells of undetermined significants-High</default_value>
              <values>Atypical squamous cells of undetermined significants-High</values>
            </attribute>
          </attributes>
        </label>
        <label>
          <name>LSIL</name>
          <color>#ff0000</color>
          <attributes>
            <attribute>
              <name>Description</name>
              <mutable>False</mutable>
              <input_type>text</input_type>
              <default_value>Low-grade squamous intraepithelial lesion</default_value>
              <values>Low-grade squamous intraepithelial lesion</values>
            </attribute>
          </attributes>
        </label>
        <label>
          <name>HSIL</name>
          <color>#ff0000</color>
          <attributes>
            <attribute>
              <name>Description</name>
              <mutable>False</mutable>
              <input_type>text</input_type>
              <default_value>High-grade squamous intraepithelial lesion</default_value>
              <values>High-grade squamous intraepithelial lesion</values>
            </attribute>
          </attributes>
        </label>
        <label>
          <name>Carcinoma</name>
          <color>#ff0000</color>
          <attributes>
            <attribute>
              <name>Description</name>
              <mutable>False</mutable>
              <input_type>text</input_type>
              <default_value>Invasive squamous cell carcinoma (편평상피암)</default_value>
              <values>Invasive squamous cell carcinoma (편평상피암)</values>
            </attribute>
          </attributes>
        </label>
        <label>
          <name>AGUS</name>
          <color>#ff0000</color>
          <attributes>
            <attribute>
              <name>Cell Type</name>
              <mutable>False</mutable>
              <input_type>select</input_type>
              <default_value>Endocervical cell</default_value>
              <values>Endocervical cell
Endometrial cell</values>
            </attribute>
            <attribute>
              <name>Description</name>
              <mutable>False</mutable>
              <input_type>text</input_type>
              <default_value>Atypical glandular cells of undetermined significants</default_value>
              <values>Atypical glandular cells of undetermined significants</values>
            </attribute>
          </attributes>
        </label>
        <label>
          <name>AIS</name>
          <color>#ff0000</color>
          <attributes>
            <attribute>
              <name>Description</name>
              <mutable>False</mutable>
              <input_type>text</input_type>
              <default_value>Adenocarcinoma Insitu (선상피내암)</default_value>
              <values>Adenocarcinoma Insitu (선상피내암)</values>
            </attribute>
          </attributes>
        </label>
        <label>
          <name>Adenocarcinoma</name>
          <color>#ff0000</color>
          <attributes>
            <attribute>
              <name>Cell Type</name>
              <mutable>False</mutable>
              <input_type>select</input_type>
              <default_value>Endocervical cell</default_value>
              <values>Endocervical cell
Endometrial cell</values>
            </attribute>
          </attributes>
        </label>
        <label>
          <name>Negative</name>
          <color>#0049ff</color>
          <attributes>
            <attribute>
              <name>Cell Type</name>
              <mutable>False</mutable>
              <input_type>select</input_type>
              <default_value>Superficial cell</default_value>
              <values>Superficial cell
Intermediate cell
Parabasal cell
Metaplastic cell
Tissue repair
Endocervical cell
Endometrial cell</values>
            </attribute>
          </attributes>
        </label>
        <label>
          <name>ASC-US with HPV infection</name>
          <color>#ff0000</color>
          <attributes>
          </attributes>
        </label>
        <label>
          <name>ASC-H with HPV infection</name>
          <color>#ff0000</color>
          <attributes>
          </attributes>
        </label>
        <label>
          <name>LSIL with HPV infection</name>
          <color>#ff0000</color>
          <attributes>
          </attributes>
        </label>
        <label>
          <name>HSIL with HPV infection</name>
          <color>#ff0000</color>
          <attributes>
          </attributes>
        </label>
      </labels>
      <segments>
        <segment>
          <id>136</id>
          <start>0</start>
          <stop>654</stop>
          <url>http://cvat.doai.ai/?id=136</url>
        </segment>
      </segments>
      <owner>
        <username>jhjang</username>
        <email>junhwanjang@doai.ai</email>
      </owner>
      <assignee></assignee>
    </task>
    <dumped>2021-07-28 00:25:45.119354+00:00</dumped>
  </meta>
  <image id="654" name="patch_images/2021.01.11/LBC205-20210106(1)/LBC205-20210106(1)_996.png" width="2048" height="2048">
  </image>
  <image id="653" name="patch_images/2021.01.11/LBC205-20210106(1)/LBC205-20210106(1)_995.png" width="2048" height="2048">
  </image>
  <image id="652" name="patch_images/2021.01.11/LBC205-20210106(1)/LBC205-20210106(1)_994.png" width="2048" height="2048">
  </image>
  <image id="651" name="patch_images/2021.01.11/LBC205-20210106(1)/LBC205-20210106(1)_993.png" width="2048" height="2048">
  </image>
  <image id="650" name="patch_images/2021.01.11/LBC205-20210106(1)/LBC205-20210106(1)_992.png" width="2048" height="2048">
  </image>
  <image id="649" name="patch_images/2021.01.11/LBC205-20210106(1)/LBC205-20210106(1)_991.png" width="2048" height="2048">
  </image>
  <image id="648" name="patch_images/2021.01.11/LBC205-20210106(1)/LBC205-20210106(1)_990.png" width="2048" height="2048">
  </image>
  <image id="647" name="patch_images/2021.01.11/LBC205-20210106(1)/LBC205-20210106(1)_989.png" width="2048" height="2048">
  </image>
  <image id="646" name="patch_images/2021.01.11/LBC205-20210106(1)/LBC205-20210106(1)_988.png" width="2048" height="2048">
  </image>
  <image id="645" name="patch_images/2021.01.11/LBC205-20210106(1)/LBC205-20210106(1)_987.png" width="2048" height="2048">
  </image>
  <image id="644" name="patch_images/2021.01.11/LBC205-20210106(1)/LBC205-20210106(1)_986.png" width="2048" height="2048">
  </image>
  <image id="643" name="patch_images/2021.01.11/LBC205-20210106(1)/LBC205-20210106(1)_977.png" width="2048" height="2048">
  </image>
  <image id="642" name="patch_images/2021.01.11/LBC205-20210106(1)/LBC205-20210106(1)_976.png" width="2048" height="2048">
  </image>
  <image id="641" name="patch_images/2021.01.11/LBC205-20210106(1)/LBC205-20210106(1)_974.png" width="2048" height="2048">
  </image>
  <image id="640" name="patch_images/2021.01.11/LBC205-20210106(1)/LBC205-20210106(1)_971.png" width="2048" height="2048">
  </image>
  <image id="639" name="patch_images/2021.01.11/LBC205-20210106(1)/LBC205-20210106(1)_966.png" width="2048" height="2048">
  </image>
  <image id="557" name="patch_images/2021.01.11/LBC205-20210106(1)/LBC205-20210106(1)_792.png" width="2048" height="2048">
  </image>
  <image id="556" name="patch_images/2021.01.11/LBC205-20210106(1)/LBC205-20210106(1)_791.png" width="2048" height="2048">
  </image>
  <image id="555" name="patch_images/2021.01.11/LBC205-20210106(1)/LBC205-20210106(1)_775.png" width="2048" height="2048">
  </image>
  <image id="554" name="patch_images/2021.01.11/LBC205-20210106(1)/LBC205-20210106(1)_774.png" width="2048" height="2048">
  </image>
  <image id="553" name="patch_images/2021.01.11/LBC205-20210106(1)/LBC205-20210106(1)_773.png" width="2048" height="2048">
  </image>
  <image id="552" name="patch_images/2021.01.11/LBC205-20210106(1)/LBC205-20210106(1)_772.png" width="2048" height="2048">
  </image>
  <image id="551" name="patch_images/2021.01.11/LBC205-20210106(1)/LBC205-20210106(1)_771.png" width="2048" height="2048">
  </image>
  <image id="550" name="patch_images/2021.01.11/LBC205-20210106(1)/LBC205-20210106(1)_770.png" width="2048" height="2048">
  </image>
  <image id="549" name="patch_images/2021.01.11/LBC205-20210106(1)/LBC205-20210106(1)_769.png" width="2048" height="2048">
  </image>
  <image id="548" name="patch_images/2021.01.11/LBC205-20210106(1)/LBC205-20210106(1)_768.png" width="2048" height="2048">
  </image>
  <image id="547" name="patch_images/2021.01.11/LBC205-20210106(1)/LBC205-20210106(1)_767.png" width="2048" height="2048">
  </image>
  <image id="546" name="patch_images/2021.01.11/LBC205-20210106(1)/LBC205-20210106(1)_766.png" width="2048" height="2048">
  </image>
  <image id="545" name="patch_images/2021.01.11/LBC205-20210106(1)/LBC205-20210106(1)_763.png" width="2048" height="2048">
  </image>
  <image id="544" name="patch_images/2021.01.11/LBC205-20210106(1)/LBC205-20210106(1)_761.png" width="2048" height="2048">
  </image>
  <image id="543" name="patch_images/2021.01.11/LBC205-20210106(1)/LBC205-20210106(1)_760.png" width="2048" height="2048">
  </image>
  <image id="542" name="patch_images/2021.01.11/LBC205-20210106(1)/LBC205-20210106(1)_755.png" width="2048" height="2048">
  </image>
  <image id="541" name="patch_images/2021.01.11/LBC205-20210106(1)/LBC205-20210106(1)_751.png" width="2048" height="2048">
  </image>
  <image id="540" name="patch_images/2021.01.11/LBC205-20210106(1)/LBC205-20210106(1)_750.png" width="2048" height="2048">
  </image>
  <image id="539" name="patch_images/2021.01.11/LBC205-20210106(1)/LBC205-20210106(1)_749.png" width="2048" height="2048">
  </image>
  <image id="538" name="patch_images/2021.01.11/LBC205-20210106(1)/LBC205-20210106(1)_748.png" width="2048" height="2048">
  </image>
  <image id="537" name="patch_images/2021.01.11/LBC205-20210106(1)/LBC205-20210106(1)_745.png" width="2048" height="2048">
  </image>
  <image id="536" name="patch_images/2021.01.11/LBC205-20210106(1)/LBC205-20210106(1)_743.png" width="2048" height="2048">
  </image>
  <image id="535" name="patch_images/2021.01.11/LBC205-20210106(1)/LBC205-20210106(1)_742.png" width="2048" height="2048">
  </image>
  <image id="534" name="patch_images/2021.01.11/LBC205-20210106(1)/LBC205-20210106(1)_726.png" width="2048" height="2048">
  </image>
  <image id="533" name="patch_images/2021.01.11/LBC205-20210106(1)/LBC205-20210106(1)_723.png" width="2048" height="2048">
  </image>
  <image id="532" name="patch_images/2021.01.11/LBC205-20210106(1)/LBC205-20210106(1)_722.png" width="2048" height="2048">
  </image>
  <image id="531" name="patch_images/2021.01.11/LBC205-20210106(1)/LBC205-20210106(1)_721.png" width="2048" height="2048">
  </image>
  <image id="530" name="patch_images/2021.01.11/LBC205-20210106(1)/LBC205-20210106(1)_719.png" width="2048" height="2048">
  </image>
  <image id="529" name="patch_images/2021.01.11/LBC205-20210106(1)/LBC205-20210106(1)_718.png" width="2048" height="2048">
  </image>
  <image id="528" name="patch_images/2021.01.11/LBC205-20210106(1)/LBC205-20210106(1)_717.png" width="2048" height="2048">
  </image>
  <image id="527" name="patch_images/2021.01.11/LBC205-20210106(1)/LBC205-20210106(1)_716.png" width="2048" height="2048">
  </image>
  <image id="526" name="patch_images/2021.01.11/LBC205-20210106(1)/LBC205-20210106(1)_715.png" width="2048" height="2048">
  </image>
  <image id="525" name="patch_images/2021.01.11/LBC205-20210106(1)/LBC205-20210106(1)_714.png" width="2048" height="2048">
    <box label="Carcinoma" occluded="0" source="manual" xtl="1404.12" ytl="733.77" xbr="1652.20" ybr="1008.24" z_order="0">
      <attribute name="Description">Invasive squamous cell carcinoma (편평상피암)</attribute>
    </box>
  </image>
  <image id="524" name="patch_images/2021.01.11/LBC205-20210106(1)/LBC205-20210106(1)_713.png" width="2048" height="2048">
  </image>
  <image id="523" name="patch_images/2021.01.11/LBC205-20210106(1)/LBC205-20210106(1)_712.png" width="2048" height="2048">
  </image>
  <image id="522" name="patch_images/2021.01.11/LBC205-20210106(1)/LBC205-20210106(1)_711.png" width="2048" height="2048">
  </image>
  <image id="521" name="patch_images/2021.01.11/LBC205-20210106(1)/LBC205-20210106(1)_702.png" width="2048" height="2048">
  </image>
  <image id="520" name="patch_images/2021.01.11/LBC205-20210106(1)/LBC205-20210106(1)_7.png" width="2048" height="2048">
  </image>
  <image id="519" name="patch_images/2021.01.11/LBC205-20210106(1)/LBC205-20210106(1)_698.png" width="2048" height="2048">
  </image>
  <image id="518" name="patch_images/2021.01.11/LBC205-20210106(1)/LBC205-20210106(1)_697.png" width="2048" height="2048">
  </image>
  <image id="517" name="patch_images/2021.01.11/LBC205-20210106(1)/LBC205-20210106(1)_696.png" width="2048" height="2048">
  </image>
  <image id="516" name="patch_images/2021.01.11/LBC205-20210106(1)/LBC205-20210106(1)_694.png" width="2048" height="2048">
  </image>
  <image id="515" name="patch_images/2021.01.11/LBC205-20210106(1)/LBC205-20210106(1)_693.png" width="2048" height="2048">
  </image>
  <image id="514" name="patch_images/2021.01.11/LBC205-20210106(1)/LBC205-20210106(1)_680.png" width="2048" height="2048">
  </image>
  <image id="513" name="patch_images/2021.01.11/LBC205-20210106(1)/LBC205-20210106(1)_679.png" width="2048" height="2048">
  </image>
  <image id="512" name="patch_images/2021.01.11/LBC205-20210106(1)/LBC205-20210106(1)_678.png" width="2048" height="2048">
  </image>
  <image id="511" name="patch_images/2021.01.11/LBC205-20210106(1)/LBC205-20210106(1)_675.png" width="2048" height="2048">
  </image>
  <image id="510" name="patch_images/2021.01.11/LBC205-20210106(1)/LBC205-20210106(1)_673.png" width="2048" height="2048">
    <box label="Carcinoma" occluded="0" source="manual" xtl="1045.19" ytl="601.81" xbr="1198.26" ybr="765.44" z_order="0">
      <attribute name="Description">Invasive squamous cell carcinoma (편평상피암)</attribute>
    </box>
  </image>
  <image id="509" name="patch_images/2021.01.11/LBC205-20210106(1)/LBC205-20210106(1)_670.png" width="2048" height="2048">
  </image>
  <image id="508" name="patch_images/2021.01.11/LBC205-20210106(1)/LBC205-20210106(1)_668.png" width="2048" height="2048">
  </image>
  <image id="507" name="patch_images/2021.01.11/LBC205-20210106(1)/LBC205-20210106(1)_667.png" width="2048" height="2048">
  </image>
  <image id="506" name="patch_images/2021.01.11/LBC205-20210106(1)/LBC205-20210106(1)_666.png" width="2048" height="2048">
  </image>
  <image id="505" name="patch_images/2021.01.11/LBC205-20210106(1)/LBC205-20210106(1)_665.png" width="2048" height="2048">
  </image>
  <image id="504" name="patch_images/2021.01.11/LBC205-20210106(1)/LBC205-20210106(1)_664.png" width="2048" height="2048">
  </image>
  <image id="503" name="patch_images/2021.01.11/LBC205-20210106(1)/LBC205-20210106(1)_663.png" width="2048" height="2048">
  </image>
  <image id="502" name="patch_images/2021.01.11/LBC205-20210106(1)/LBC205-20210106(1)_654.png" width="2048" height="2048">
  </image>
  <image id="501" name="patch_images/2021.01.11/LBC205-20210106(1)/LBC205-20210106(1)_653.png" width="2048" height="2048">
  </image>
  <image id="500" name="patch_images/2021.01.11/LBC205-20210106(1)/LBC205-20210106(1)_647.png" width="2048" height="2048">
  </image>
  <image id="499" name="patch_images/2021.01.11/LBC205-20210106(1)/LBC205-20210106(1)_645.png" width="2048" height="2048">
  </image>
  <image id="498" name="patch_images/2021.01.11/LBC205-20210106(1)/LBC205-20210106(1)_644.png" width="2048" height="2048">
  </image>
  <image id="497" name="patch_images/2021.01.11/LBC205-20210106(1)/LBC205-20210106(1)_635.png" width="2048" height="2048">
  </image>
  <image id="496" name="patch_images/2021.01.11/LBC205-20210106(1)/LBC205-20210106(1)_633.png" width="2048" height="2048">
  </image>
  <image id="495" name="patch_images/2021.01.11/LBC205-20210106(1)/LBC205-20210106(1)_632.png" width="2048" height="2048">
  </image>
  <image id="494" name="patch_images/2021.01.11/LBC205-20210106(1)/LBC205-20210106(1)_631.png" width="2048" height="2048">
  </image>
  <image id="493" name="patch_images/2021.01.11/LBC205-20210106(1)/LBC205-20210106(1)_630.png" width="2048" height="2048">
  </image>
  <image id="492" name="patch_images/2021.01.11/LBC205-20210106(1)/LBC205-20210106(1)_629.png" width="2048" height="2048">
  </image>
  <image id="491" name="patch_images/2021.01.11/LBC205-20210106(1)/LBC205-20210106(1)_628.png" width="2048" height="2048">
  </image>
  <image id="490" name="patch_images/2021.01.11/LBC205-20210106(1)/LBC205-20210106(1)_623.png" width="2048" height="2048">
  </image>
  <image id="489" name="patch_images/2021.01.11/LBC205-20210106(1)/LBC205-20210106(1)_619.png" width="2048" height="2048">
  </image>
  <image id="488" name="patch_images/2021.01.11/LBC205-20210106(1)/LBC205-20210106(1)_618.png" width="2048" height="2048">
  </image>
  <image id="487" name="patch_images/2021.01.11/LBC205-20210106(1)/LBC205-20210106(1)_616.png" width="2048" height="2048">
  </image>
  <image id="486" name="patch_images/2021.01.11/LBC205-20210106(1)/LBC205-20210106(1)_611.png" width="2048" height="2048">
  </image>
  <image id="485" name="patch_images/2021.01.11/LBC205-20210106(1)/LBC205-20210106(1)_610.png" width="2048" height="2048">
  </image>
  <image id="484" name="patch_images/2021.01.11/LBC205-20210106(1)/LBC205-20210106(1)_604.png" width="2048" height="2048">
  </image>
  <image id="483" name="patch_images/2021.01.11/LBC205-20210106(1)/LBC205-20210106(1)_603.png" width="2048" height="2048">
  </image>
  <image id="482" name="patch_images/2021.01.11/LBC205-20210106(1)/LBC205-20210106(1)_601.png" width="2048" height="2048">
  </image>
  <image id="481" name="patch_images/2021.01.11/LBC205-20210106(1)/LBC205-20210106(1)_6.png" width="2048" height="2048">
  </image>
  <image id="480" name="patch_images/2021.01.11/LBC205-20210106(1)/LBC205-20210106(1)_598.png" width="2048" height="2048">
  </image>
  <image id="479" name="patch_images/2021.01.11/LBC205-20210106(1)/LBC205-20210106(1)_596.png" width="2048" height="2048">
  </image>
  <image id="478" name="patch_images/2021.01.11/LBC205-20210106(1)/LBC205-20210106(1)_595.png" width="2048" height="2048">
  </image>
  <image id="477" name="patch_images/2021.01.11/LBC205-20210106(1)/LBC205-20210106(1)_586.png" width="2048" height="2048">
  </image>
  <image id="476" name="patch_images/2021.01.11/LBC205-20210106(1)/LBC205-20210106(1)_585.png" width="2048" height="2048">
  </image>
  <image id="475" name="patch_images/2021.01.11/LBC205-20210106(1)/LBC205-20210106(1)_584.png" width="2048" height="2048">
  </image>
  <image id="474" name="patch_images/2021.01.11/LBC205-20210106(1)/LBC205-20210106(1)_582.png" width="2048" height="2048">
  </image>
  <image id="473" name="patch_images/2021.01.11/LBC205-20210106(1)/LBC205-20210106(1)_581.png" width="2048" height="2048">
  </image>
  <image id="472" name="patch_images/2021.01.11/LBC205-20210106(1)/LBC205-20210106(1)_580.png" width="2048" height="2048">
  </image>
  <image id="471" name="patch_images/2021.01.11/LBC205-20210106(1)/LBC205-20210106(1)_579.png" width="2048" height="2048">
  </image>
  <image id="470" name="patch_images/2021.01.11/LBC205-20210106(1)/LBC205-20210106(1)_578.png" width="2048" height="2048">
  </image>
  <image id="469" name="patch_images/2021.01.11/LBC205-20210106(1)/LBC205-20210106(1)_576.png" width="2048" height="2048">
  </image>
  <image id="468" name="patch_images/2021.01.11/LBC205-20210106(1)/LBC205-20210106(1)_575.png" width="2048" height="2048">
  </image>
  <image id="467" name="patch_images/2021.01.11/LBC205-20210106(1)/LBC205-20210106(1)_570.png" width="2048" height="2048">
  </image>
  <image id="466" name="patch_images/2021.01.11/LBC205-20210106(1)/LBC205-20210106(1)_57.png" width="2048" height="2048">
  </image>
  <image id="465" name="patch_images/2021.01.11/LBC205-20210106(1)/LBC205-20210106(1)_554.png" width="2048" height="2048">
  </image>
  <image id="464" name="patch_images/2021.01.11/LBC205-20210106(1)/LBC205-20210106(1)_552.png" width="2048" height="2048">
  </image>
  <image id="463" name="patch_images/2021.01.11/LBC205-20210106(1)/LBC205-20210106(1)_547.png" width="2048" height="2048">
  </image>
  <image id="462" name="patch_images/2021.01.11/LBC205-20210106(1)/LBC205-20210106(1)_546.png" width="2048" height="2048">
  </image>
  <image id="461" name="patch_images/2021.01.11/LBC205-20210106(1)/LBC205-20210106(1)_537.png" width="2048" height="2048">
  </image>
  <image id="460" name="patch_images/2021.01.11/LBC205-20210106(1)/LBC205-20210106(1)_536.png" width="2048" height="2048">
  </image>
  <image id="459" name="patch_images/2021.01.11/LBC205-20210106(1)/LBC205-20210106(1)_532.png" width="2048" height="2048">
  </image>
  <image id="458" name="patch_images/2021.01.11/LBC205-20210106(1)/LBC205-20210106(1)_531.png" width="2048" height="2048">
  </image>
  <image id="457" name="patch_images/2021.01.11/LBC205-20210106(1)/LBC205-20210106(1)_530.png" width="2048" height="2048">
  </image>
  <image id="456" name="patch_images/2021.01.11/LBC205-20210106(1)/LBC205-20210106(1)_529.png" width="2048" height="2048">
  </image>
  <image id="455" name="patch_images/2021.01.11/LBC205-20210106(1)/LBC205-20210106(1)_526.png" width="2048" height="2048">
    <box label="Carcinoma" occluded="0" source="manual" xtl="1348.69" ytl="7.99" xbr="1871.25" ybr="263.99" z_order="0">
      <attribute name="Description">Invasive squamous cell carcinoma (편평상피암)</attribute>
    </box>
  </image>
  <image id="454" name="patch_images/2021.01.11/LBC205-20210106(1)/LBC205-20210106(1)_524.png" width="2048" height="2048">
  </image>
  <image id="453" name="patch_images/2021.01.11/LBC205-20210106(1)/LBC205-20210106(1)_523.png" width="2048" height="2048">
  </image>
  <image id="452" name="patch_images/2021.01.11/LBC205-20210106(1)/LBC205-20210106(1)_521.png" width="2048" height="2048">
  </image>
  <image id="451" name="patch_images/2021.01.11/LBC205-20210106(1)/LBC205-20210106(1)_520.png" width="2048" height="2048">
  </image>
  <image id="450" name="patch_images/2021.01.11/LBC205-20210106(1)/LBC205-20210106(1)_519.png" width="2048" height="2048">
  </image>
  <image id="449" name="patch_images/2021.01.11/LBC205-20210106(1)/LBC205-20210106(1)_518.png" width="2048" height="2048">
    <box label="Carcinoma" occluded="0" source="manual" xtl="300.94" ytl="406.51" xbr="546.38" ybr="657.23" z_order="0">
      <attribute name="Description">Invasive squamous cell carcinoma (편평상피암)</attribute>
    </box>
  </image>
  <image id="448" name="patch_images/2021.01.11/LBC205-20210106(1)/LBC205-20210106(1)_513.png" width="2048" height="2048">
  </image>
  <image id="447" name="patch_images/2021.01.11/LBC205-20210106(1)/LBC205-20210106(1)_511.png" width="2048" height="2048">
  </image>
  <image id="446" name="patch_images/2021.01.11/LBC205-20210106(1)/LBC205-20210106(1)_510.png" width="2048" height="2048">
  </image>
  <image id="445" name="patch_images/2021.01.11/LBC205-20210106(1)/LBC205-20210106(1)_509.png" width="2048" height="2048">
  </image>
  <image id="444" name="patch_images/2021.01.11/LBC205-20210106(1)/LBC205-20210106(1)_508.png" width="2048" height="2048">
  </image>
  <image id="443" name="patch_images/2021.01.11/LBC205-20210106(1)/LBC205-20210106(1)_507.png" width="2048" height="2048">
  </image>
  <image id="442" name="patch_images/2021.01.11/LBC205-20210106(1)/LBC205-20210106(1)_506.png" width="2048" height="2048">
  </image>
  <image id="441" name="patch_images/2021.01.11/LBC205-20210106(1)/LBC205-20210106(1)_505.png" width="2048" height="2048">
  </image>
  <image id="440" name="patch_images/2021.01.11/LBC205-20210106(1)/LBC205-20210106(1)_504.png" width="2048" height="2048">
  </image>
  <image id="439" name="patch_images/2021.01.11/LBC205-20210106(1)/LBC205-20210106(1)_503.png" width="2048" height="2048">
  </image>
  <image id="438" name="patch_images/2021.01.11/LBC205-20210106(1)/LBC205-20210106(1)_498.png" width="2048" height="2048">
  </image>
  <image id="437" name="patch_images/2021.01.11/LBC205-20210106(1)/LBC205-20210106(1)_497.png" width="2048" height="2048">
  </image>
  <image id="436" name="patch_images/2021.01.11/LBC205-20210106(1)/LBC205-20210106(1)_485.png" width="2048" height="2048">
  </image>
  <image id="435" name="patch_images/2021.01.11/LBC205-20210106(1)/LBC205-20210106(1)_484.png" width="2048" height="2048">
  </image>
  <image id="434" name="patch_images/2021.01.11/LBC205-20210106(1)/LBC205-20210106(1)_483.png" width="2048" height="2048">
  </image>
  <image id="433" name="patch_images/2021.01.11/LBC205-20210106(1)/LBC205-20210106(1)_482.png" width="2048" height="2048">
  </image>
  <image id="432" name="patch_images/2021.01.11/LBC205-20210106(1)/LBC205-20210106(1)_481.png" width="2048" height="2048">
  </image>
  <image id="431" name="patch_images/2021.01.11/LBC205-20210106(1)/LBC205-20210106(1)_479.png" width="2048" height="2048">
  </image>
  <image id="430" name="patch_images/2021.01.11/LBC205-20210106(1)/LBC205-20210106(1)_477.png" width="2048" height="2048">
  </image>
  <image id="429" name="patch_images/2021.01.11/LBC205-20210106(1)/LBC205-20210106(1)_476.png" width="2048" height="2048">
  </image>
  <image id="428" name="patch_images/2021.01.11/LBC205-20210106(1)/LBC205-20210106(1)_475.png" width="2048" height="2048">
  </image>
  <image id="427" name="patch_images/2021.01.11/LBC205-20210106(1)/LBC205-20210106(1)_474.png" width="2048" height="2048">
  </image>
  <image id="426" name="patch_images/2021.01.11/LBC205-20210106(1)/LBC205-20210106(1)_472.png" width="2048" height="2048">
  </image>
  <image id="425" name="patch_images/2021.01.11/LBC205-20210106(1)/LBC205-20210106(1)_470.png" width="2048" height="2048">
  </image>
  <image id="424" name="patch_images/2021.01.11/LBC205-20210106(1)/LBC205-20210106(1)_460.png" width="2048" height="2048">
  </image>
  <image id="423" name="patch_images/2021.01.11/LBC205-20210106(1)/LBC205-20210106(1)_459.png" width="2048" height="2048">
  </image>
  <image id="422" name="patch_images/2021.01.11/LBC205-20210106(1)/LBC205-20210106(1)_458.png" width="2048" height="2048">
  </image>
  <image id="421" name="patch_images/2021.01.11/LBC205-20210106(1)/LBC205-20210106(1)_457.png" width="2048" height="2048">
  </image>
  <image id="420" name="patch_images/2021.01.11/LBC205-20210106(1)/LBC205-20210106(1)_456.png" width="2048" height="2048">
  </image>
  <image id="419" name="patch_images/2021.01.11/LBC205-20210106(1)/LBC205-20210106(1)_455.png" width="2048" height="2048">
  </image>
  <image id="418" name="patch_images/2021.01.11/LBC205-20210106(1)/LBC205-20210106(1)_454.png" width="2048" height="2048">
  </image>
  <image id="417" name="patch_images/2021.01.11/LBC205-20210106(1)/LBC205-20210106(1)_453.png" width="2048" height="2048">
  </image>
  <image id="416" name="patch_images/2021.01.11/LBC205-20210106(1)/LBC205-20210106(1)_449.png" width="2048" height="2048">
  </image>
  <image id="415" name="patch_images/2021.01.11/LBC205-20210106(1)/LBC205-20210106(1)_448.png" width="2048" height="2048">
  </image>
  <image id="414" name="patch_images/2021.01.11/LBC205-20210106(1)/LBC205-20210106(1)_436.png" width="2048" height="2048">
  </image>
  <image id="413" name="patch_images/2021.01.11/LBC205-20210106(1)/LBC205-20210106(1)_435.png" width="2048" height="2048">
  </image>
  <image id="412" name="patch_images/2021.01.11/LBC205-20210106(1)/LBC205-20210106(1)_434.png" width="2048" height="2048">
  </image>
  <image id="411" name="patch_images/2021.01.11/LBC205-20210106(1)/LBC205-20210106(1)_433.png" width="2048" height="2048">
  </image>
  <image id="410" name="patch_images/2021.01.11/LBC205-20210106(1)/LBC205-20210106(1)_431.png" width="2048" height="2048">
  </image>
  <image id="409" name="patch_images/2021.01.11/LBC205-20210106(1)/LBC205-20210106(1)_430.png" width="2048" height="2048">
  </image>
  <image id="408" name="patch_images/2021.01.11/LBC205-20210106(1)/LBC205-20210106(1)_429.png" width="2048" height="2048">
  </image>
  <image id="407" name="patch_images/2021.01.11/LBC205-20210106(1)/LBC205-20210106(1)_428.png" width="2048" height="2048">
  </image>
  <image id="406" name="patch_images/2021.01.11/LBC205-20210106(1)/LBC205-20210106(1)_427.png" width="2048" height="2048">
  </image>
  <image id="405" name="patch_images/2021.01.11/LBC205-20210106(1)/LBC205-20210106(1)_426.png" width="2048" height="2048">
  </image>
  <image id="404" name="patch_images/2021.01.11/LBC205-20210106(1)/LBC205-20210106(1)_425.png" width="2048" height="2048">
  </image>
  <image id="403" name="patch_images/2021.01.11/LBC205-20210106(1)/LBC205-20210106(1)_421.png" width="2048" height="2048">
  </image>
  <image id="402" name="patch_images/2021.01.11/LBC205-20210106(1)/LBC205-20210106(1)_412.png" width="2048" height="2048">
  </image>
  <image id="401" name="patch_images/2021.01.11/LBC205-20210106(1)/LBC205-20210106(1)_409.png" width="2048" height="2048">
  </image>
  <image id="400" name="patch_images/2021.01.11/LBC205-20210106(1)/LBC205-20210106(1)_408.png" width="2048" height="2048">
  </image>
  <image id="399" name="patch_images/2021.01.11/LBC205-20210106(1)/LBC205-20210106(1)_407.png" width="2048" height="2048">
  </image>
  <image id="398" name="patch_images/2021.01.11/LBC205-20210106(1)/LBC205-20210106(1)_405.png" width="2048" height="2048">
  </image>
  <image id="397" name="patch_images/2021.01.11/LBC205-20210106(1)/LBC205-20210106(1)_404.png" width="2048" height="2048">
  </image>
  <image id="396" name="patch_images/2021.01.11/LBC205-20210106(1)/LBC205-20210106(1)_400.png" width="2048" height="2048">
  </image>
  <image id="395" name="patch_images/2021.01.11/LBC205-20210106(1)/LBC205-20210106(1)_399.png" width="2048" height="2048">
  </image>
  <image id="394" name="patch_images/2021.01.11/LBC205-20210106(1)/LBC205-20210106(1)_382.png" width="2048" height="2048">
  </image>
  <image id="393" name="patch_images/2021.01.11/LBC205-20210106(1)/LBC205-20210106(1)_381.png" width="2048" height="2048">
  </image>
  <image id="392" name="patch_images/2021.01.11/LBC205-20210106(1)/LBC205-20210106(1)_380.png" width="2048" height="2048">
  </image>
  <image id="391" name="patch_images/2021.01.11/LBC205-20210106(1)/LBC205-20210106(1)_378.png" width="2048" height="2048">
    <box label="Carcinoma" occluded="0" source="manual" xtl="670.42" ytl="21.19" xbr="1623.17" ybr="533.19" z_order="0">
      <attribute name="Description">Invasive squamous cell carcinoma (편평상피암)</attribute>
    </box>
  </image>
  <image id="390" name="patch_images/2021.01.11/LBC205-20210106(1)/LBC205-20210106(1)_377.png" width="2048" height="2048">
  </image>
  <image id="389" name="patch_images/2021.01.11/LBC205-20210106(1)/LBC205-20210106(1)_376.png" width="2048" height="2048">
  </image>
  <image id="388" name="patch_images/2021.01.11/LBC205-20210106(1)/LBC205-20210106(1)_375.png" width="2048" height="2048">
  </image>
  <image id="387" name="patch_images/2021.01.11/LBC205-20210106(1)/LBC205-20210106(1)_370.png" width="2048" height="2048">
    <box label="Carcinoma" occluded="0" source="manual" xtl="374.84" ytl="71.33" xbr="995.04" ybr="615.00" z_order="0">
      <attribute name="Description">Invasive squamous cell carcinoma (편평상피암)</attribute>
    </box>
  </image>
  <image id="386" name="patch_images/2021.01.11/LBC205-20210106(1)/LBC205-20210106(1)_369.png" width="2048" height="2048">
  </image>
  <image id="385" name="patch_images/2021.01.11/LBC205-20210106(1)/LBC205-20210106(1)_368.png" width="2048" height="2048">
  </image>
  <image id="384" name="patch_images/2021.01.11/LBC205-20210106(1)/LBC205-20210106(1)_367.png" width="2048" height="2048">
  </image>
  <image id="383" name="patch_images/2021.01.11/LBC205-20210106(1)/LBC205-20210106(1)_362.png" width="2048" height="2048">
  </image>
  <image id="382" name="patch_images/2021.01.11/LBC205-20210106(1)/LBC205-20210106(1)_361.png" width="2048" height="2048">
  </image>
  <image id="381" name="patch_images/2021.01.11/LBC205-20210106(1)/LBC205-20210106(1)_360.png" width="2048" height="2048">
  </image>
  <image id="380" name="patch_images/2021.01.11/LBC205-20210106(1)/LBC205-20210106(1)_359.png" width="2048" height="2048">
  </image>
  <image id="379" name="patch_images/2021.01.11/LBC205-20210106(1)/LBC205-20210106(1)_356.png" width="2048" height="2048">
  </image>
  <image id="378" name="patch_images/2021.01.11/LBC205-20210106(1)/LBC205-20210106(1)_355.png" width="2048" height="2048">
  </image>
  <image id="377" name="patch_images/2021.01.11/LBC205-20210106(1)/LBC205-20210106(1)_351.png" width="2048" height="2048">
  </image>
  <image id="376" name="patch_images/2021.01.11/LBC205-20210106(1)/LBC205-20210106(1)_350.png" width="2048" height="2048">
  </image>
  <image id="375" name="patch_images/2021.01.11/LBC205-20210106(1)/LBC205-20210106(1)_333.png" width="2048" height="2048">
  </image>
  <image id="374" name="patch_images/2021.01.11/LBC205-20210106(1)/LBC205-20210106(1)_332.png" width="2048" height="2048">
  </image>
  <image id="373" name="patch_images/2021.01.11/LBC205-20210106(1)/LBC205-20210106(1)_331.png" width="2048" height="2048">
  </image>
  <image id="372" name="patch_images/2021.01.11/LBC205-20210106(1)/LBC205-20210106(1)_329.png" width="2048" height="2048">
  </image>
  <image id="371" name="patch_images/2021.01.11/LBC205-20210106(1)/LBC205-20210106(1)_328.png" width="2048" height="2048">
  </image>
  <image id="370" name="patch_images/2021.01.11/LBC205-20210106(1)/LBC205-20210106(1)_327.png" width="2048" height="2048">
  </image>
  <image id="369" name="patch_images/2021.01.11/LBC205-20210106(1)/LBC205-20210106(1)_326.png" width="2048" height="2048">
  </image>
  <image id="368" name="patch_images/2021.01.11/LBC205-20210106(1)/LBC205-20210106(1)_321.png" width="2048" height="2048">
    <box label="Carcinoma" occluded="0" source="manual" xtl="864.10" ytl="1237.54" xbr="1011.45" ybr="1391.49" z_order="0">
      <attribute name="Description">Invasive squamous cell carcinoma (편평상피암)</attribute>
    </box>
  </image>
  <image id="367" name="patch_images/2021.01.11/LBC205-20210106(1)/LBC205-20210106(1)_317.png" width="2048" height="2048">
  </image>
  <image id="366" name="patch_images/2021.01.11/LBC205-20210106(1)/LBC205-20210106(1)_315.png" width="2048" height="2048">
  </image>
  <image id="365" name="patch_images/2021.01.11/LBC205-20210106(1)/LBC205-20210106(1)_313.png" width="2048" height="2048">
  </image>
  <image id="364" name="patch_images/2021.01.11/LBC205-20210106(1)/LBC205-20210106(1)_312.png" width="2048" height="2048">
  </image>
  <image id="363" name="patch_images/2021.01.11/LBC205-20210106(1)/LBC205-20210106(1)_311.png" width="2048" height="2048">
  </image>
  <image id="362" name="patch_images/2021.01.11/LBC205-20210106(1)/LBC205-20210106(1)_310.png" width="2048" height="2048">
  </image>
  <image id="361" name="patch_images/2021.01.11/LBC205-20210106(1)/LBC205-20210106(1)_309.png" width="2048" height="2048">
  </image>
  <image id="360" name="patch_images/2021.01.11/LBC205-20210106(1)/LBC205-20210106(1)_308.png" width="2048" height="2048">
  </image>
  <image id="359" name="patch_images/2021.01.11/LBC205-20210106(1)/LBC205-20210106(1)_307.png" width="2048" height="2048">
  </image>
  <image id="358" name="patch_images/2021.01.11/LBC205-20210106(1)/LBC205-20210106(1)_306.png" width="2048" height="2048">
  </image>
  <image id="357" name="patch_images/2021.01.11/LBC205-20210106(1)/LBC205-20210106(1)_302.png" width="2048" height="2048">
  </image>
  <image id="356" name="patch_images/2021.01.11/LBC205-20210106(1)/LBC205-20210106(1)_301.png" width="2048" height="2048">
  </image>
  <image id="355" name="patch_images/2021.01.11/LBC205-20210106(1)/LBC205-20210106(1)_282.png" width="2048" height="2048">
  </image>
  <image id="354" name="patch_images/2021.01.11/LBC205-20210106(1)/LBC205-20210106(1)_281.png" width="2048" height="2048">
  </image>
  <image id="353" name="patch_images/2021.01.11/LBC205-20210106(1)/LBC205-20210106(1)_280.png" width="2048" height="2048">
  </image>
  <image id="352" name="patch_images/2021.01.11/LBC205-20210106(1)/LBC205-20210106(1)_279.png" width="2048" height="2048">
  </image>
  <image id="351" name="patch_images/2021.01.11/LBC205-20210106(1)/LBC205-20210106(1)_278.png" width="2048" height="2048">
  </image>
  <image id="350" name="patch_images/2021.01.11/LBC205-20210106(1)/LBC205-20210106(1)_277.png" width="2048" height="2048">
  </image>
  <image id="349" name="patch_images/2021.01.11/LBC205-20210106(1)/LBC205-20210106(1)_276.png" width="2048" height="2048">
  </image>
  <image id="348" name="patch_images/2021.01.11/LBC205-20210106(1)/LBC205-20210106(1)_275.png" width="2048" height="2048">
  </image>
  <image id="347" name="patch_images/2021.01.11/LBC205-20210106(1)/LBC205-20210106(1)_274.png" width="2048" height="2048">
  </image>
  <image id="346" name="patch_images/2021.01.11/LBC205-20210106(1)/LBC205-20210106(1)_271.png" width="2048" height="2048">
  </image>
  <image id="345" name="patch_images/2021.01.11/LBC205-20210106(1)/LBC205-20210106(1)_265.png" width="2048" height="2048">
  </image>
  <image id="344" name="patch_images/2021.01.11/LBC205-20210106(1)/LBC205-20210106(1)_262.png" width="2048" height="2048">
  </image>
  <image id="343" name="patch_images/2021.01.11/LBC205-20210106(1)/LBC205-20210106(1)_261.png" width="2048" height="2048">
  </image>
  <image id="342" name="patch_images/2021.01.11/LBC205-20210106(1)/LBC205-20210106(1)_260.png" width="2048" height="2048">
  </image>
  <image id="340" name="patch_images/2021.01.11/LBC205-20210106(1)/LBC205-20210106(1)_253.png" width="2048" height="2048">
  </image>
  <image id="339" name="patch_images/2021.01.11/LBC205-20210106(1)/LBC205-20210106(1)_252.png" width="2048" height="2048">
  </image>
  <image id="338" name="patch_images/2021.01.11/LBC205-20210106(1)/LBC205-20210106(1)_233.png" width="2048" height="2048">
  </image>
  <image id="337" name="patch_images/2021.01.11/LBC205-20210106(1)/LBC205-20210106(1)_232.png" width="2048" height="2048">
  </image>
  <image id="336" name="patch_images/2021.01.11/LBC205-20210106(1)/LBC205-20210106(1)_231.png" width="2048" height="2048">
  </image>
  <image id="335" name="patch_images/2021.01.11/LBC205-20210106(1)/LBC205-20210106(1)_230.png" width="2048" height="2048">
  </image>
  <image id="334" name="patch_images/2021.01.11/LBC205-20210106(1)/LBC205-20210106(1)_221.png" width="2048" height="2048">
  </image>
  <image id="333" name="patch_images/2021.01.11/LBC205-20210106(1)/LBC205-20210106(1)_218.png" width="2048" height="2048">
  </image>
  <image id="332" name="patch_images/2021.01.11/LBC205-20210106(1)/LBC205-20210106(1)_216.png" width="2048" height="2048">
  </image>
  <image id="331" name="patch_images/2021.01.11/LBC205-20210106(1)/LBC205-20210106(1)_2065.png" width="2048" height="2048">
  </image>
  <image id="330" name="patch_images/2021.01.11/LBC205-20210106(1)/LBC205-20210106(1)_2064.png" width="2048" height="2048">
  </image>
  <image id="329" name="patch_images/2021.01.11/LBC205-20210106(1)/LBC205-20210106(1)_204.png" width="2048" height="2048">
  </image>
  <image id="328" name="patch_images/2021.01.11/LBC205-20210106(1)/LBC205-20210106(1)_203.png" width="2048" height="2048">
  </image>
  <image id="327" name="patch_images/2021.01.11/LBC205-20210106(1)/LBC205-20210106(1)_202.png" width="2048" height="2048">
  </image>
  <image id="326" name="patch_images/2021.01.11/LBC205-20210106(1)/LBC205-20210106(1)_2016.png" width="2048" height="2048">
  </image>
  <image id="325" name="patch_images/2021.01.11/LBC205-20210106(1)/LBC205-20210106(1)_1991.png" width="2048" height="2048">
  </image>
  <image id="324" name="patch_images/2021.01.11/LBC205-20210106(1)/LBC205-20210106(1)_1987.png" width="2048" height="2048">
  </image>
  <image id="323" name="patch_images/2021.01.11/LBC205-20210106(1)/LBC205-20210106(1)_1984.png" width="2048" height="2048">
  </image>
  <image id="322" name="patch_images/2021.01.11/LBC205-20210106(1)/LBC205-20210106(1)_1967.png" width="2048" height="2048">
  </image>
  <image id="321" name="patch_images/2021.01.11/LBC205-20210106(1)/LBC205-20210106(1)_1966.png" width="2048" height="2048">
  </image>
  <image id="320" name="patch_images/2021.01.11/LBC205-20210106(1)/LBC205-20210106(1)_1945.png" width="2048" height="2048">
  </image>
  <image id="319" name="patch_images/2021.01.11/LBC205-20210106(1)/LBC205-20210106(1)_1944.png" width="2048" height="2048">
  </image>
  <image id="318" name="patch_images/2021.01.11/LBC205-20210106(1)/LBC205-20210106(1)_1943.png" width="2048" height="2048">
  </image>
  <image id="317" name="patch_images/2021.01.11/LBC205-20210106(1)/LBC205-20210106(1)_1939.png" width="2048" height="2048">
  </image>
  <image id="316" name="patch_images/2021.01.11/LBC205-20210106(1)/LBC205-20210106(1)_1938.png" width="2048" height="2048">
  </image>
  <image id="315" name="patch_images/2021.01.11/LBC205-20210106(1)/LBC205-20210106(1)_1937.png" width="2048" height="2048">
  </image>
  <image id="314" name="patch_images/2021.01.11/LBC205-20210106(1)/LBC205-20210106(1)_1936.png" width="2048" height="2048">
  </image>
  <image id="313" name="patch_images/2021.01.11/LBC205-20210106(1)/LBC205-20210106(1)_1932.png" width="2048" height="2048">
  </image>
  <image id="312" name="patch_images/2021.01.11/LBC205-20210106(1)/LBC205-20210106(1)_1918.png" width="2048" height="2048">
  </image>
  <image id="311" name="patch_images/2021.01.11/LBC205-20210106(1)/LBC205-20210106(1)_1917.png" width="2048" height="2048">
  </image>
  <image id="310" name="patch_images/2021.01.11/LBC205-20210106(1)/LBC205-20210106(1)_1895.png" width="2048" height="2048">
  </image>
  <image id="309" name="patch_images/2021.01.11/LBC205-20210106(1)/LBC205-20210106(1)_1883.png" width="2048" height="2048">
  </image>
  <image id="308" name="patch_images/2021.01.11/LBC205-20210106(1)/LBC205-20210106(1)_1881.png" width="2048" height="2048">
  </image>
  <image id="307" name="patch_images/2021.01.11/LBC205-20210106(1)/LBC205-20210106(1)_1869.png" width="2048" height="2048">
  </image>
  <image id="306" name="patch_images/2021.01.11/LBC205-20210106(1)/LBC205-20210106(1)_1868.png" width="2048" height="2048">
  </image>
  <image id="305" name="patch_images/2021.01.11/LBC205-20210106(1)/LBC205-20210106(1)_1851.png" width="2048" height="2048">
  </image>
  <image id="304" name="patch_images/2021.01.11/LBC205-20210106(1)/LBC205-20210106(1)_1850.png" width="2048" height="2048">
  </image>
  <image id="303" name="patch_images/2021.01.11/LBC205-20210106(1)/LBC205-20210106(1)_1843.png" width="2048" height="2048">
    <box label="Carcinoma" occluded="0" source="manual" xtl="7.99" ytl="1084.78" xbr="293.02" ybr="1412.03" z_order="0">
      <attribute name="Description">Invasive squamous cell carcinoma (편평상피암)</attribute>
    </box>
    <box label="Carcinoma" occluded="0" source="manual" xtl="601.81" ytl="432.90" xbr="936.98" ybr="773.35" z_order="0">
      <attribute name="Description">Invasive squamous cell carcinoma (편평상피암)</attribute>
    </box>
  </image>
  <image id="302" name="patch_images/2021.01.11/LBC205-20210106(1)/LBC205-20210106(1)_1836.png" width="2048" height="2048">
  </image>
  <image id="301" name="patch_images/2021.01.11/LBC205-20210106(1)/LBC205-20210106(1)_1835.png" width="2048" height="2048">
  </image>
  <image id="300" name="patch_images/2021.01.11/LBC205-20210106(1)/LBC205-20210106(1)_1830.png" width="2048" height="2048">
  </image>
  <image id="299" name="patch_images/2021.01.11/LBC205-20210106(1)/LBC205-20210106(1)_1820.png" width="2048" height="2048">
  </image>
  <image id="298" name="patch_images/2021.01.11/LBC205-20210106(1)/LBC205-20210106(1)_1819.png" width="2048" height="2048">
  </image>
  <image id="297" name="patch_images/2021.01.11/LBC205-20210106(1)/LBC205-20210106(1)_1802.png" width="2048" height="2048">
  </image>
  <image id="296" name="patch_images/2021.01.11/LBC205-20210106(1)/LBC205-20210106(1)_1801.png" width="2048" height="2048">
  </image>
  <image id="295" name="patch_images/2021.01.11/LBC205-20210106(1)/LBC205-20210106(1)_1798.png" width="2048" height="2048">
  </image>
  <image id="294" name="patch_images/2021.01.11/LBC205-20210106(1)/LBC205-20210106(1)_1792.png" width="2048" height="2048">
  </image>
  <image id="293" name="patch_images/2021.01.11/LBC205-20210106(1)/LBC205-20210106(1)_1786.png" width="2048" height="2048">
  </image>
  <image id="292" name="patch_images/2021.01.11/LBC205-20210106(1)/LBC205-20210106(1)_1783.png" width="2048" height="2048">
  </image>
  <image id="291" name="patch_images/2021.01.11/LBC205-20210106(1)/LBC205-20210106(1)_1782.png" width="2048" height="2048">
  </image>
  <image id="290" name="patch_images/2021.01.11/LBC205-20210106(1)/LBC205-20210106(1)_1780.png" width="2048" height="2048">
    <box label="Carcinoma" occluded="0" source="manual" xtl="1045.19" ytl="34.38" xbr="1406.75" ybr="393.31" z_order="0">
      <attribute name="Description">Invasive squamous cell carcinoma (편평상피암)</attribute>
    </box>
  </image>
  <image id="289" name="patch_images/2021.01.11/LBC205-20210106(1)/LBC205-20210106(1)_178.png" width="2048" height="2048">
  </image>
  <image id="288" name="patch_images/2021.01.11/LBC205-20210106(1)/LBC205-20210106(1)_1771.png" width="2048" height="2048">
  </image>
  <image id="287" name="patch_images/2021.01.11/LBC205-20210106(1)/LBC205-20210106(1)_1770.png" width="2048" height="2048">
  </image>
  <image id="286" name="patch_images/2021.01.11/LBC205-20210106(1)/LBC205-20210106(1)_1745.png" width="2048" height="2048">
  </image>
  <image id="285" name="patch_images/2021.01.11/LBC205-20210106(1)/LBC205-20210106(1)_1744.png" width="2048" height="2048">
  </image>
  <image id="284" name="patch_images/2021.01.11/LBC205-20210106(1)/LBC205-20210106(1)_1740.png" width="2048" height="2048">
  </image>
  <image id="283" name="patch_images/2021.01.11/LBC205-20210106(1)/LBC205-20210106(1)_1734.png" width="2048" height="2048">
  </image>
  <image id="282" name="patch_images/2021.01.11/LBC205-20210106(1)/LBC205-20210106(1)_1733.png" width="2048" height="2048">
  </image>
  <image id="281" name="patch_images/2021.01.11/LBC205-20210106(1)/LBC205-20210106(1)_1732.png" width="2048" height="2048">
  </image>
  <image id="280" name="patch_images/2021.01.11/LBC205-20210106(1)/LBC205-20210106(1)_1730.png" width="2048" height="2048">
  </image>
  <image id="279" name="patch_images/2021.01.11/LBC205-20210106(1)/LBC205-20210106(1)_1729.png" width="2048" height="2048">
  </image>
  <image id="278" name="patch_images/2021.01.11/LBC205-20210106(1)/LBC205-20210106(1)_1722.png" width="2048" height="2048">
  </image>
  <image id="277" name="patch_images/2021.01.11/LBC205-20210106(1)/LBC205-20210106(1)_1721.png" width="2048" height="2048">
  </image>
  <image id="276" name="patch_images/2021.01.11/LBC205-20210106(1)/LBC205-20210106(1)_172.png" width="2048" height="2048">
  </image>
  <image id="275" name="patch_images/2021.01.11/LBC205-20210106(1)/LBC205-20210106(1)_1706.png" width="2048" height="2048">
  </image>
  <image id="274" name="patch_images/2021.01.11/LBC205-20210106(1)/LBC205-20210106(1)_1705.png" width="2048" height="2048">
  </image>
  <image id="273" name="patch_images/2021.01.11/LBC205-20210106(1)/LBC205-20210106(1)_170.png" width="2048" height="2048">
  </image>
  <image id="272" name="patch_images/2021.01.11/LBC205-20210106(1)/LBC205-20210106(1)_1699.png" width="2048" height="2048">
  </image>
  <image id="271" name="patch_images/2021.01.11/LBC205-20210106(1)/LBC205-20210106(1)_1698.png" width="2048" height="2048">
  </image>
  <image id="270" name="patch_images/2021.01.11/LBC205-20210106(1)/LBC205-20210106(1)_1687.png" width="2048" height="2048">
  </image>
  <image id="269" name="patch_images/2021.01.11/LBC205-20210106(1)/LBC205-20210106(1)_1685.png" width="2048" height="2048">
  </image>
  <image id="268" name="patch_images/2021.01.11/LBC205-20210106(1)/LBC205-20210106(1)_1683.png" width="2048" height="2048">
  </image>
  <image id="267" name="patch_images/2021.01.11/LBC205-20210106(1)/LBC205-20210106(1)_1682.png" width="2048" height="2048">
  </image>
  <image id="266" name="patch_images/2021.01.11/LBC205-20210106(1)/LBC205-20210106(1)_1681.png" width="2048" height="2048">
  </image>
  <image id="265" name="patch_images/2021.01.11/LBC205-20210106(1)/LBC205-20210106(1)_1680.png" width="2048" height="2048">
  </image>
  <image id="264" name="patch_images/2021.01.11/LBC205-20210106(1)/LBC205-20210106(1)_1679.png" width="2048" height="2048">
  </image>
  <image id="263" name="patch_images/2021.01.11/LBC205-20210106(1)/LBC205-20210106(1)_1678.png" width="2048" height="2048">
  </image>
  <image id="262" name="patch_images/2021.01.11/LBC205-20210106(1)/LBC205-20210106(1)_1677.png" width="2048" height="2048">
  </image>
  <image id="261" name="patch_images/2021.01.11/LBC205-20210106(1)/LBC205-20210106(1)_1673.png" width="2048" height="2048">
  </image>
  <image id="260" name="patch_images/2021.01.11/LBC205-20210106(1)/LBC205-20210106(1)_1672.png" width="2048" height="2048">
  </image>
  <image id="259" name="patch_images/2021.01.11/LBC205-20210106(1)/LBC205-20210106(1)_1659.png" width="2048" height="2048">
  </image>
  <image id="258" name="patch_images/2021.01.11/LBC205-20210106(1)/LBC205-20210106(1)_1658.png" width="2048" height="2048">
  </image>
  <image id="638" name="patch_images/2021.01.11/LBC205-20210106(1)/LBC205-20210106(1)_962.png" width="2048" height="2048">
  </image>
  <image id="637" name="patch_images/2021.01.11/LBC205-20210106(1)/LBC205-20210106(1)_955.png" width="2048" height="2048">
  </image>
  <image id="636" name="patch_images/2021.01.11/LBC205-20210106(1)/LBC205-20210106(1)_946.png" width="2048" height="2048">
  </image>
  <image id="635" name="patch_images/2021.01.11/LBC205-20210106(1)/LBC205-20210106(1)_944.png" width="2048" height="2048">
  </image>
  <image id="634" name="patch_images/2021.01.11/LBC205-20210106(1)/LBC205-20210106(1)_943.png" width="2048" height="2048">
  </image>
  <image id="633" name="patch_images/2021.01.11/LBC205-20210106(1)/LBC205-20210106(1)_942.png" width="2048" height="2048">
  </image>
  <image id="632" name="patch_images/2021.01.11/LBC205-20210106(1)/LBC205-20210106(1)_941.png" width="2048" height="2048">
    <box label="Carcinoma" occluded="0" source="manual" xtl="380.12" ytl="303.58" xbr="818.22" ybr="731.13" z_order="0">
      <attribute name="Description">Invasive squamous cell carcinoma (편평상피암)</attribute>
    </box>
  </image>
  <image id="631" name="patch_images/2021.01.11/LBC205-20210106(1)/LBC205-20210106(1)_940.png" width="2048" height="2048">
  </image>
  <image id="630" name="patch_images/2021.01.11/LBC205-20210106(1)/LBC205-20210106(1)_939.png" width="2048" height="2048">
  </image>
  <image id="629" name="patch_images/2021.01.11/LBC205-20210106(1)/LBC205-20210106(1)_938.png" width="2048" height="2048">
  </image>
  <image id="628" name="patch_images/2021.01.11/LBC205-20210106(1)/LBC205-20210106(1)_926.png" width="2048" height="2048">
  </image>
  <image id="627" name="patch_images/2021.01.11/LBC205-20210106(1)/LBC205-20210106(1)_925.png" width="2048" height="2048">
  </image>
  <image id="626" name="patch_images/2021.01.11/LBC205-20210106(1)/LBC205-20210106(1)_924.png" width="2048" height="2048">
  </image>
  <image id="625" name="patch_images/2021.01.11/LBC205-20210106(1)/LBC205-20210106(1)_923.png" width="2048" height="2048">
    <box label="Carcinoma" occluded="0" source="manual" xtl="274.55" ytl="163.70" xbr="572.78" ybr="483.04" z_order="0">
      <attribute name="Description">Invasive squamous cell carcinoma (편평상피암)</attribute>
    </box>
  </image>
  <image id="624" name="patch_images/2021.01.11/LBC205-20210106(1)/LBC205-20210106(1)_921.png" width="2048" height="2048">
  </image>
  <image id="623" name="patch_images/2021.01.11/LBC205-20210106(1)/LBC205-20210106(1)_920.png" width="2048" height="2048">
  </image>
  <image id="622" name="patch_images/2021.01.11/LBC205-20210106(1)/LBC205-20210106(1)_919.png" width="2048" height="2048">
  </image>
  <image id="621" name="patch_images/2021.01.11/LBC205-20210106(1)/LBC205-20210106(1)_918.png" width="2048" height="2048">
  </image>
  <image id="620" name="patch_images/2021.01.11/LBC205-20210106(1)/LBC205-20210106(1)_917.png" width="2048" height="2048">
  </image>
  <image id="619" name="patch_images/2021.01.11/LBC205-20210106(1)/LBC205-20210106(1)_916.png" width="2048" height="2048">
  </image>
  <image id="618" name="patch_images/2021.01.11/LBC205-20210106(1)/LBC205-20210106(1)_912.png" width="2048" height="2048">
  </image>
  <image id="617" name="patch_images/2021.01.11/LBC205-20210106(1)/LBC205-20210106(1)_910.png" width="2048" height="2048">
  </image>
  <image id="616" name="patch_images/2021.01.11/LBC205-20210106(1)/LBC205-20210106(1)_901.png" width="2048" height="2048">
  </image>
  <image id="615" name="patch_images/2021.01.11/LBC205-20210106(1)/LBC205-20210106(1)_898.png" width="2048" height="2048">
  </image>
  <image id="614" name="patch_images/2021.01.11/LBC205-20210106(1)/LBC205-20210106(1)_897.png" width="2048" height="2048">
  </image>
  <image id="613" name="patch_images/2021.01.11/LBC205-20210106(1)/LBC205-20210106(1)_893.png" width="2048" height="2048">
  </image>
  <image id="612" name="patch_images/2021.01.11/LBC205-20210106(1)/LBC205-20210106(1)_892.png" width="2048" height="2048">
  </image>
  <image id="611" name="patch_images/2021.01.11/LBC205-20210106(1)/LBC205-20210106(1)_890.png" width="2048" height="2048">
  </image>
  <image id="610" name="patch_images/2021.01.11/LBC205-20210106(1)/LBC205-20210106(1)_889.png" width="2048" height="2048">
  </image>
  <image id="609" name="patch_images/2021.01.11/LBC205-20210106(1)/LBC205-20210106(1)_878.png" width="2048" height="2048">
  </image>
  <image id="608" name="patch_images/2021.01.11/LBC205-20210106(1)/LBC205-20210106(1)_877.png" width="2048" height="2048">
  </image>
  <image id="607" name="patch_images/2021.01.11/LBC205-20210106(1)/LBC205-20210106(1)_874.png" width="2048" height="2048">
  </image>
  <image id="606" name="patch_images/2021.01.11/LBC205-20210106(1)/LBC205-20210106(1)_873.png" width="2048" height="2048">
  </image>
  <image id="605" name="patch_images/2021.01.11/LBC205-20210106(1)/LBC205-20210106(1)_872.png" width="2048" height="2048">
  </image>
  <image id="604" name="patch_images/2021.01.11/LBC205-20210106(1)/LBC205-20210106(1)_871.png" width="2048" height="2048">
  </image>
  <image id="603" name="patch_images/2021.01.11/LBC205-20210106(1)/LBC205-20210106(1)_870.png" width="2048" height="2048">
  </image>
  <image id="602" name="patch_images/2021.01.11/LBC205-20210106(1)/LBC205-20210106(1)_869.png" width="2048" height="2048">
  </image>
  <image id="601" name="patch_images/2021.01.11/LBC205-20210106(1)/LBC205-20210106(1)_868.png" width="2048" height="2048">
  </image>
  <image id="600" name="patch_images/2021.01.11/LBC205-20210106(1)/LBC205-20210106(1)_867.png" width="2048" height="2048">
  </image>
  <image id="599" name="patch_images/2021.01.11/LBC205-20210106(1)/LBC205-20210106(1)_866.png" width="2048" height="2048">
  </image>
  <image id="598" name="patch_images/2021.01.11/LBC205-20210106(1)/LBC205-20210106(1)_863.png" width="2048" height="2048">
  </image>
  <image id="597" name="patch_images/2021.01.11/LBC205-20210106(1)/LBC205-20210106(1)_862.png" width="2048" height="2048">
  </image>
  <image id="596" name="patch_images/2021.01.11/LBC205-20210106(1)/LBC205-20210106(1)_861.png" width="2048" height="2048">
  </image>
  <image id="595" name="patch_images/2021.01.11/LBC205-20210106(1)/LBC205-20210106(1)_860.png" width="2048" height="2048">
  </image>
  <image id="594" name="patch_images/2021.01.11/LBC205-20210106(1)/LBC205-20210106(1)_859.png" width="2048" height="2048">
  </image>
  <image id="593" name="patch_images/2021.01.11/LBC205-20210106(1)/LBC205-20210106(1)_857.png" width="2048" height="2048">
  </image>
  <image id="592" name="patch_images/2021.01.11/LBC205-20210106(1)/LBC205-20210106(1)_852.png" width="2048" height="2048">
  </image>
  <image id="591" name="patch_images/2021.01.11/LBC205-20210106(1)/LBC205-20210106(1)_851.png" width="2048" height="2048">
  </image>
  <image id="590" name="patch_images/2021.01.11/LBC205-20210106(1)/LBC205-20210106(1)_850.png" width="2048" height="2048">
  </image>
  <image id="589" name="patch_images/2021.01.11/LBC205-20210106(1)/LBC205-20210106(1)_849.png" width="2048" height="2048">
  </image>
  <image id="588" name="patch_images/2021.01.11/LBC205-20210106(1)/LBC205-20210106(1)_848.png" width="2048" height="2048">
  </image>
  <image id="587" name="patch_images/2021.01.11/LBC205-20210106(1)/LBC205-20210106(1)_847.png" width="2048" height="2048">
  </image>
  <image id="586" name="patch_images/2021.01.11/LBC205-20210106(1)/LBC205-20210106(1)_846.png" width="2048" height="2048">
  </image>
  <image id="585" name="patch_images/2021.01.11/LBC205-20210106(1)/LBC205-20210106(1)_845.png" width="2048" height="2048">
  </image>
  <image id="584" name="patch_images/2021.01.11/LBC205-20210106(1)/LBC205-20210106(1)_844.png" width="2048" height="2048">
  </image>
  <image id="583" name="patch_images/2021.01.11/LBC205-20210106(1)/LBC205-20210106(1)_843.png" width="2048" height="2048">
  </image>
  <image id="582" name="patch_images/2021.01.11/LBC205-20210106(1)/LBC205-20210106(1)_841.png" width="2048" height="2048">
  </image>
  <image id="581" name="patch_images/2021.01.11/LBC205-20210106(1)/LBC205-20210106(1)_840.png" width="2048" height="2048">
  </image>
  <image id="580" name="patch_images/2021.01.11/LBC205-20210106(1)/LBC205-20210106(1)_827.png" width="2048" height="2048">
  </image>
  <image id="579" name="patch_images/2021.01.11/LBC205-20210106(1)/LBC205-20210106(1)_825.png" width="2048" height="2048">
  </image>
  <image id="578" name="patch_images/2021.01.11/LBC205-20210106(1)/LBC205-20210106(1)_824.png" width="2048" height="2048">
  </image>
  <image id="577" name="patch_images/2021.01.11/LBC205-20210106(1)/LBC205-20210106(1)_823.png" width="2048" height="2048">
  </image>
  <image id="576" name="patch_images/2021.01.11/LBC205-20210106(1)/LBC205-20210106(1)_821.png" width="2048" height="2048">
  </image>
  <image id="575" name="patch_images/2021.01.11/LBC205-20210106(1)/LBC205-20210106(1)_820.png" width="2048" height="2048">
  </image>
  <image id="574" name="patch_images/2021.01.11/LBC205-20210106(1)/LBC205-20210106(1)_818.png" width="2048" height="2048">
  </image>
  <image id="573" name="patch_images/2021.01.11/LBC205-20210106(1)/LBC205-20210106(1)_817.png" width="2048" height="2048">
  </image>
  <image id="572" name="patch_images/2021.01.11/LBC205-20210106(1)/LBC205-20210106(1)_816.png" width="2048" height="2048">
  </image>
  <image id="571" name="patch_images/2021.01.11/LBC205-20210106(1)/LBC205-20210106(1)_815.png" width="2048" height="2048">
  </image>
  <image id="570" name="patch_images/2021.01.11/LBC205-20210106(1)/LBC205-20210106(1)_814.png" width="2048" height="2048">
  </image>
  <image id="569" name="patch_images/2021.01.11/LBC205-20210106(1)/LBC205-20210106(1)_813.png" width="2048" height="2048">
  </image>
  <image id="568" name="patch_images/2021.01.11/LBC205-20210106(1)/LBC205-20210106(1)_812.png" width="2048" height="2048">
    <box label="Carcinoma" occluded="0" source="manual" xtl="316.78" ytl="704.73" xbr="876.28" ybr="1037.27" z_order="0">
      <attribute name="Description">Invasive squamous cell carcinoma (편평상피암)</attribute>
    </box>
  </image>
  <image id="567" name="patch_images/2021.01.11/LBC205-20210106(1)/LBC205-20210106(1)_811.png" width="2048" height="2048">
  </image>
  <image id="566" name="patch_images/2021.01.11/LBC205-20210106(1)/LBC205-20210106(1)_810.png" width="2048" height="2048">
  </image>
  <image id="565" name="patch_images/2021.01.11/LBC205-20210106(1)/LBC205-20210106(1)_809.png" width="2048" height="2048">
  </image>
  <image id="564" name="patch_images/2021.01.11/LBC205-20210106(1)/LBC205-20210106(1)_8.png" width="2048" height="2048">
  </image>
  <image id="563" name="patch_images/2021.01.11/LBC205-20210106(1)/LBC205-20210106(1)_799.png" width="2048" height="2048">
  </image>
  <image id="562" name="patch_images/2021.01.11/LBC205-20210106(1)/LBC205-20210106(1)_798.png" width="2048" height="2048">
  </image>
  <image id="561" name="patch_images/2021.01.11/LBC205-20210106(1)/LBC205-20210106(1)_797.png" width="2048" height="2048">
  </image>
  <image id="560" name="patch_images/2021.01.11/LBC205-20210106(1)/LBC205-20210106(1)_796.png" width="2048" height="2048">
  </image>
  <image id="559" name="patch_images/2021.01.11/LBC205-20210106(1)/LBC205-20210106(1)_795.png" width="2048" height="2048">
  </image>
  <image id="558" name="patch_images/2021.01.11/LBC205-20210106(1)/LBC205-20210106(1)_793.png" width="2048" height="2048">
  </image>
  <image id="257" name="patch_images/2021.01.11/LBC205-20210106(1)/LBC205-20210106(1)_1657.png" width="2048" height="2048">
  </image>
  <image id="256" name="patch_images/2021.01.11/LBC205-20210106(1)/LBC205-20210106(1)_1656.png" width="2048" height="2048">
  </image>
  <image id="255" name="patch_images/2021.01.11/LBC205-20210106(1)/LBC205-20210106(1)_1655.png" width="2048" height="2048">
  </image>
  <image id="254" name="patch_images/2021.01.11/LBC205-20210106(1)/LBC205-20210106(1)_1654.png" width="2048" height="2048">
  </image>
  <image id="253" name="patch_images/2021.01.11/LBC205-20210106(1)/LBC205-20210106(1)_1653.png" width="2048" height="2048">
  </image>
  <image id="252" name="patch_images/2021.01.11/LBC205-20210106(1)/LBC205-20210106(1)_1652.png" width="2048" height="2048">
  </image>
  <image id="251" name="patch_images/2021.01.11/LBC205-20210106(1)/LBC205-20210106(1)_1651.png" width="2048" height="2048">
  </image>
  <image id="250" name="patch_images/2021.01.11/LBC205-20210106(1)/LBC205-20210106(1)_1650.png" width="2048" height="2048">
  </image>
  <image id="249" name="patch_images/2021.01.11/LBC205-20210106(1)/LBC205-20210106(1)_1649.png" width="2048" height="2048">
  </image>
  <image id="248" name="patch_images/2021.01.11/LBC205-20210106(1)/LBC205-20210106(1)_1648.png" width="2048" height="2048">
  </image>
  <image id="247" name="patch_images/2021.01.11/LBC205-20210106(1)/LBC205-20210106(1)_1647.png" width="2048" height="2048">
  </image>
  <image id="246" name="patch_images/2021.01.11/LBC205-20210106(1)/LBC205-20210106(1)_1636.png" width="2048" height="2048">
  </image>
  <image id="245" name="patch_images/2021.01.11/LBC205-20210106(1)/LBC205-20210106(1)_1635.png" width="2048" height="2048">
  </image>
  <image id="244" name="patch_images/2021.01.11/LBC205-20210106(1)/LBC205-20210106(1)_1634.png" width="2048" height="2048">
  </image>
  <image id="243" name="patch_images/2021.01.11/LBC205-20210106(1)/LBC205-20210106(1)_1633.png" width="2048" height="2048">
  </image>
  <image id="242" name="patch_images/2021.01.11/LBC205-20210106(1)/LBC205-20210106(1)_1632.png" width="2048" height="2048">
  </image>
  <image id="241" name="patch_images/2021.01.11/LBC205-20210106(1)/LBC205-20210106(1)_1631.png" width="2048" height="2048">
  </image>
  <image id="240" name="patch_images/2021.01.11/LBC205-20210106(1)/LBC205-20210106(1)_1630.png" width="2048" height="2048">
  </image>
  <image id="239" name="patch_images/2021.01.11/LBC205-20210106(1)/LBC205-20210106(1)_1629.png" width="2048" height="2048">
  </image>
  <image id="238" name="patch_images/2021.01.11/LBC205-20210106(1)/LBC205-20210106(1)_1628.png" width="2048" height="2048">
  </image>
  <image id="237" name="patch_images/2021.01.11/LBC205-20210106(1)/LBC205-20210106(1)_1624.png" width="2048" height="2048">
  </image>
  <image id="236" name="patch_images/2021.01.11/LBC205-20210106(1)/LBC205-20210106(1)_1623.png" width="2048" height="2048">
  </image>
  <image id="235" name="patch_images/2021.01.11/LBC205-20210106(1)/LBC205-20210106(1)_1610.png" width="2048" height="2048">
  </image>
  <image id="234" name="patch_images/2021.01.11/LBC205-20210106(1)/LBC205-20210106(1)_1609.png" width="2048" height="2048">
  </image>
  <image id="233" name="patch_images/2021.01.11/LBC205-20210106(1)/LBC205-20210106(1)_1608.png" width="2048" height="2048">
  </image>
  <image id="232" name="patch_images/2021.01.11/LBC205-20210106(1)/LBC205-20210106(1)_1607.png" width="2048" height="2048">
  </image>
  <image id="231" name="patch_images/2021.01.11/LBC205-20210106(1)/LBC205-20210106(1)_1606.png" width="2048" height="2048">
  </image>
  <image id="230" name="patch_images/2021.01.11/LBC205-20210106(1)/LBC205-20210106(1)_1605.png" width="2048" height="2048">
  </image>
  <image id="229" name="patch_images/2021.01.11/LBC205-20210106(1)/LBC205-20210106(1)_1604.png" width="2048" height="2048">
  </image>
  <image id="228" name="patch_images/2021.01.11/LBC205-20210106(1)/LBC205-20210106(1)_1603.png" width="2048" height="2048">
  </image>
  <image id="227" name="patch_images/2021.01.11/LBC205-20210106(1)/LBC205-20210106(1)_1602.png" width="2048" height="2048">
  </image>
  <image id="226" name="patch_images/2021.01.11/LBC205-20210106(1)/LBC205-20210106(1)_1600.png" width="2048" height="2048">
  </image>
  <image id="225" name="patch_images/2021.01.11/LBC205-20210106(1)/LBC205-20210106(1)_1599.png" width="2048" height="2048">
    <box label="Carcinoma" occluded="0" source="manual" xtl="1095.33" ytl="155.79" xbr="1435.79" ybr="448.73" z_order="0">
      <attribute name="Description">Invasive squamous cell carcinoma (편평상피암)</attribute>
    </box>
  </image>
  <image id="224" name="patch_images/2021.01.11/LBC205-20210106(1)/LBC205-20210106(1)_1598.png" width="2048" height="2048">
  </image>
  <image id="223" name="patch_images/2021.01.11/LBC205-20210106(1)/LBC205-20210106(1)_1597.png" width="2048" height="2048">
  </image>
  <image id="222" name="patch_images/2021.01.11/LBC205-20210106(1)/LBC205-20210106(1)_1586.png" width="2048" height="2048">
  </image>
  <image id="221" name="patch_images/2021.01.11/LBC205-20210106(1)/LBC205-20210106(1)_1585.png" width="2048" height="2048">
  </image>
  <image id="220" name="patch_images/2021.01.11/LBC205-20210106(1)/LBC205-20210106(1)_1584.png" width="2048" height="2048">
  </image>
  <image id="219" name="patch_images/2021.01.11/LBC205-20210106(1)/LBC205-20210106(1)_1583.png" width="2048" height="2048">
  </image>
  <image id="218" name="patch_images/2021.01.11/LBC205-20210106(1)/LBC205-20210106(1)_1580.png" width="2048" height="2048">
  </image>
  <image id="217" name="patch_images/2021.01.11/LBC205-20210106(1)/LBC205-20210106(1)_1579.png" width="2048" height="2048">
  </image>
  <image id="216" name="patch_images/2021.01.11/LBC205-20210106(1)/LBC205-20210106(1)_1575.png" width="2048" height="2048">
  </image>
  <image id="215" name="patch_images/2021.01.11/LBC205-20210106(1)/LBC205-20210106(1)_1574.png" width="2048" height="2048">
  </image>
  <image id="214" name="patch_images/2021.01.11/LBC205-20210106(1)/LBC205-20210106(1)_1562.png" width="2048" height="2048">
    <box label="Carcinoma" occluded="0" source="manual" xtl="187.46" ytl="348.45" xbr="588.61" ybr="665.15" z_order="0">
      <attribute name="Description">Invasive squamous cell carcinoma (편평상피암)</attribute>
    </box>
  </image>
  <image id="213" name="patch_images/2021.01.11/LBC205-20210106(1)/LBC205-20210106(1)_1561.png" width="2048" height="2048">
  </image>
  <image id="212" name="patch_images/2021.01.11/LBC205-20210106(1)/LBC205-20210106(1)_1560.png" width="2048" height="2048">
  </image>
  <image id="211" name="patch_images/2021.01.11/LBC205-20210106(1)/LBC205-20210106(1)_1558.png" width="2048" height="2048">
  </image>
  <image id="210" name="patch_images/2021.01.11/LBC205-20210106(1)/LBC205-20210106(1)_1556.png" width="2048" height="2048">
  </image>
  <image id="209" name="patch_images/2021.01.11/LBC205-20210106(1)/LBC205-20210106(1)_1555.png" width="2048" height="2048">
  </image>
  <image id="208" name="patch_images/2021.01.11/LBC205-20210106(1)/LBC205-20210106(1)_1554.png" width="2048" height="2048">
  </image>
  <image id="207" name="patch_images/2021.01.11/LBC205-20210106(1)/LBC205-20210106(1)_1551.png" width="2048" height="2048">
  </image>
  <image id="206" name="patch_images/2021.01.11/LBC205-20210106(1)/LBC205-20210106(1)_1550.png" width="2048" height="2048">
  </image>
  <image id="205" name="patch_images/2021.01.11/LBC205-20210106(1)/LBC205-20210106(1)_155.png" width="2048" height="2048">
  </image>
  <image id="204" name="patch_images/2021.01.11/LBC205-20210106(1)/LBC205-20210106(1)_1549.png" width="2048" height="2048">
  </image>
  <image id="203" name="patch_images/2021.01.11/LBC205-20210106(1)/LBC205-20210106(1)_1548.png" width="2048" height="2048">
  </image>
  <image id="202" name="patch_images/2021.01.11/LBC205-20210106(1)/LBC205-20210106(1)_154.png" width="2048" height="2048">
  </image>
  <image id="201" name="patch_images/2021.01.11/LBC205-20210106(1)/LBC205-20210106(1)_1538.png" width="2048" height="2048">
  </image>
  <image id="200" name="patch_images/2021.01.11/LBC205-20210106(1)/LBC205-20210106(1)_1537.png" width="2048" height="2048">
  </image>
  <image id="199" name="patch_images/2021.01.11/LBC205-20210106(1)/LBC205-20210106(1)_1535.png" width="2048" height="2048">
  </image>
  <image id="198" name="patch_images/2021.01.11/LBC205-20210106(1)/LBC205-20210106(1)_1534.png" width="2048" height="2048">
  </image>
  <image id="197" name="patch_images/2021.01.11/LBC205-20210106(1)/LBC205-20210106(1)_1533.png" width="2048" height="2048">
  </image>
  <image id="196" name="patch_images/2021.01.11/LBC205-20210106(1)/LBC205-20210106(1)_1532.png" width="2048" height="2048">
  </image>
  <image id="195" name="patch_images/2021.01.11/LBC205-20210106(1)/LBC205-20210106(1)_1531.png" width="2048" height="2048">
  </image>
  <image id="194" name="patch_images/2021.01.11/LBC205-20210106(1)/LBC205-20210106(1)_1530.png" width="2048" height="2048">
  </image>
  <image id="193" name="patch_images/2021.01.11/LBC205-20210106(1)/LBC205-20210106(1)_1529.png" width="2048" height="2048">
  </image>
  <image id="192" name="patch_images/2021.01.11/LBC205-20210106(1)/LBC205-20210106(1)_1528.png" width="2048" height="2048">
  </image>
  <image id="191" name="patch_images/2021.01.11/LBC205-20210106(1)/LBC205-20210106(1)_1526.png" width="2048" height="2048">
  </image>
  <image id="190" name="patch_images/2021.01.11/LBC205-20210106(1)/LBC205-20210106(1)_1525.png" width="2048" height="2048">
  </image>
  <image id="189" name="patch_images/2021.01.11/LBC205-20210106(1)/LBC205-20210106(1)_1517.png" width="2048" height="2048">
  </image>
  <image id="188" name="patch_images/2021.01.11/LBC205-20210106(1)/LBC205-20210106(1)_1515.png" width="2048" height="2048">
  </image>
  <image id="187" name="patch_images/2021.01.11/LBC205-20210106(1)/LBC205-20210106(1)_1514.png" width="2048" height="2048">
  </image>
  <image id="186" name="patch_images/2021.01.11/LBC205-20210106(1)/LBC205-20210106(1)_1513.png" width="2048" height="2048">
  </image>
  <image id="185" name="patch_images/2021.01.11/LBC205-20210106(1)/LBC205-20210106(1)_1511.png" width="2048" height="2048">
  </image>
  <image id="184" name="patch_images/2021.01.11/LBC205-20210106(1)/LBC205-20210106(1)_1510.png" width="2048" height="2048">
  </image>
  <image id="183" name="patch_images/2021.01.11/LBC205-20210106(1)/LBC205-20210106(1)_1509.png" width="2048" height="2048">
  </image>
  <image id="182" name="patch_images/2021.01.11/LBC205-20210106(1)/LBC205-20210106(1)_1508.png" width="2048" height="2048">
  </image>
  <image id="181" name="patch_images/2021.01.11/LBC205-20210106(1)/LBC205-20210106(1)_1507.png" width="2048" height="2048">
  </image>
  <image id="180" name="patch_images/2021.01.11/LBC205-20210106(1)/LBC205-20210106(1)_1506.png" width="2048" height="2048">
  </image>
  <image id="179" name="patch_images/2021.01.11/LBC205-20210106(1)/LBC205-20210106(1)_1503.png" width="2048" height="2048">
  </image>
  <image id="178" name="patch_images/2021.01.11/LBC205-20210106(1)/LBC205-20210106(1)_1502.png" width="2048" height="2048">
  </image>
  <image id="177" name="patch_images/2021.01.11/LBC205-20210106(1)/LBC205-20210106(1)_1501.png" width="2048" height="2048">
  </image>
  <image id="176" name="patch_images/2021.01.11/LBC205-20210106(1)/LBC205-20210106(1)_1500.png" width="2048" height="2048">
  </image>
  <image id="175" name="patch_images/2021.01.11/LBC205-20210106(1)/LBC205-20210106(1)_1499.png" width="2048" height="2048">
  </image>
  <image id="174" name="patch_images/2021.01.11/LBC205-20210106(1)/LBC205-20210106(1)_1491.png" width="2048" height="2048">
  </image>
  <image id="173" name="patch_images/2021.01.11/LBC205-20210106(1)/LBC205-20210106(1)_1490.png" width="2048" height="2048">
  </image>
  <image id="172" name="patch_images/2021.01.11/LBC205-20210106(1)/LBC205-20210106(1)_1487.png" width="2048" height="2048">
  </image>
  <image id="171" name="patch_images/2021.01.11/LBC205-20210106(1)/LBC205-20210106(1)_1486.png" width="2048" height="2048">
  </image>
  <image id="170" name="patch_images/2021.01.11/LBC205-20210106(1)/LBC205-20210106(1)_1485.png" width="2048" height="2048">
  </image>
  <image id="169" name="patch_images/2021.01.11/LBC205-20210106(1)/LBC205-20210106(1)_1483.png" width="2048" height="2048">
  </image>
  <image id="168" name="patch_images/2021.01.11/LBC205-20210106(1)/LBC205-20210106(1)_1482.png" width="2048" height="2048">
  </image>
  <image id="167" name="patch_images/2021.01.11/LBC205-20210106(1)/LBC205-20210106(1)_1481.png" width="2048" height="2048">
  </image>
  <image id="166" name="patch_images/2021.01.11/LBC205-20210106(1)/LBC205-20210106(1)_1480.png" width="2048" height="2048">
    <box label="Carcinoma" occluded="0" source="manual" xtl="1496.49" ytl="205.93" xbr="1649.56" ybr="393.31" z_order="0">
      <attribute name="Description">Invasive squamous cell carcinoma (편평상피암)</attribute>
    </box>
  </image>
  <image id="165" name="patch_images/2021.01.11/LBC205-20210106(1)/LBC205-20210106(1)_1479.png" width="2048" height="2048">
  </image>
  <image id="164" name="patch_images/2021.01.11/LBC205-20210106(1)/LBC205-20210106(1)_1478.png" width="2048" height="2048">
  </image>
  <image id="163" name="patch_images/2021.01.11/LBC205-20210106(1)/LBC205-20210106(1)_1477.png" width="2048" height="2048">
  </image>
  <image id="162" name="patch_images/2021.01.11/LBC205-20210106(1)/LBC205-20210106(1)_1476.png" width="2048" height="2048">
  </image>
  <image id="161" name="patch_images/2021.01.11/LBC205-20210106(1)/LBC205-20210106(1)_1464.png" width="2048" height="2048">
  </image>
  <image id="160" name="patch_images/2021.01.11/LBC205-20210106(1)/LBC205-20210106(1)_1463.png" width="2048" height="2048">
  </image>
  <image id="159" name="patch_images/2021.01.11/LBC205-20210106(1)/LBC205-20210106(1)_1461.png" width="2048" height="2048">
  </image>
  <image id="158" name="patch_images/2021.01.11/LBC205-20210106(1)/LBC205-20210106(1)_1460.png" width="2048" height="2048">
  </image>
  <image id="157" name="patch_images/2021.01.11/LBC205-20210106(1)/LBC205-20210106(1)_1459.png" width="2048" height="2048">
  </image>
  <image id="156" name="patch_images/2021.01.11/LBC205-20210106(1)/LBC205-20210106(1)_1457.png" width="2048" height="2048">
  </image>
  <image id="155" name="patch_images/2021.01.11/LBC205-20210106(1)/LBC205-20210106(1)_1455.png" width="2048" height="2048">
  </image>
  <image id="154" name="patch_images/2021.01.11/LBC205-20210106(1)/LBC205-20210106(1)_1454.png" width="2048" height="2048">
  </image>
  <image id="153" name="patch_images/2021.01.11/LBC205-20210106(1)/LBC205-20210106(1)_1453.png" width="2048" height="2048">
  </image>
  <image id="152" name="patch_images/2021.01.11/LBC205-20210106(1)/LBC205-20210106(1)_1452.png" width="2048" height="2048">
  </image>
  <image id="151" name="patch_images/2021.01.11/LBC205-20210106(1)/LBC205-20210106(1)_1451.png" width="2048" height="2048">
  </image>
  <image id="150" name="patch_images/2021.01.11/LBC205-20210106(1)/LBC205-20210106(1)_1446.png" width="2048" height="2048">
  </image>
  <image id="149" name="patch_images/2021.01.11/LBC205-20210106(1)/LBC205-20210106(1)_1436.png" width="2048" height="2048">
  </image>
  <image id="148" name="patch_images/2021.01.11/LBC205-20210106(1)/LBC205-20210106(1)_1435.png" width="2048" height="2048">
  </image>
  <image id="147" name="patch_images/2021.01.11/LBC205-20210106(1)/LBC205-20210106(1)_1434.png" width="2048" height="2048">
  </image>
  <image id="146" name="patch_images/2021.01.11/LBC205-20210106(1)/LBC205-20210106(1)_1433.png" width="2048" height="2048">
  </image>
  <image id="145" name="patch_images/2021.01.11/LBC205-20210106(1)/LBC205-20210106(1)_1431.png" width="2048" height="2048">
  </image>
  <image id="144" name="patch_images/2021.01.11/LBC205-20210106(1)/LBC205-20210106(1)_1430.png" width="2048" height="2048">
  </image>
  <image id="143" name="patch_images/2021.01.11/LBC205-20210106(1)/LBC205-20210106(1)_1429.png" width="2048" height="2048">
  </image>
  <image id="142" name="patch_images/2021.01.11/LBC205-20210106(1)/LBC205-20210106(1)_1428.png" width="2048" height="2048">
  </image>
  <image id="141" name="patch_images/2021.01.11/LBC205-20210106(1)/LBC205-20210106(1)_1427.png" width="2048" height="2048">
  </image>
  <image id="140" name="patch_images/2021.01.11/LBC205-20210106(1)/LBC205-20210106(1)_1415.png" width="2048" height="2048">
  </image>
  <image id="139" name="patch_images/2021.01.11/LBC205-20210106(1)/LBC205-20210106(1)_1406.png" width="2048" height="2048">
  </image>
  <image id="138" name="patch_images/2021.01.11/LBC205-20210106(1)/LBC205-20210106(1)_1405.png" width="2048" height="2048">
  </image>
  <image id="137" name="patch_images/2021.01.11/LBC205-20210106(1)/LBC205-20210106(1)_1401.png" width="2048" height="2048">
  </image>
  <image id="136" name="patch_images/2021.01.11/LBC205-20210106(1)/LBC205-20210106(1)_1399.png" width="2048" height="2048">
  </image>
  <image id="135" name="patch_images/2021.01.11/LBC205-20210106(1)/LBC205-20210106(1)_1388.png" width="2048" height="2048">
  </image>
  <image id="134" name="patch_images/2021.01.11/LBC205-20210106(1)/LBC205-20210106(1)_1385.png" width="2048" height="2048">
  </image>
  <image id="133" name="patch_images/2021.01.11/LBC205-20210106(1)/LBC205-20210106(1)_1384.png" width="2048" height="2048">
  </image>
  <image id="132" name="patch_images/2021.01.11/LBC205-20210106(1)/LBC205-20210106(1)_1383.png" width="2048" height="2048">
  </image>
  <image id="131" name="patch_images/2021.01.11/LBC205-20210106(1)/LBC205-20210106(1)_1382.png" width="2048" height="2048">
  </image>
  <image id="130" name="patch_images/2021.01.11/LBC205-20210106(1)/LBC205-20210106(1)_1381.png" width="2048" height="2048">
  </image>
  <image id="129" name="patch_images/2021.01.11/LBC205-20210106(1)/LBC205-20210106(1)_1380.png" width="2048" height="2048">
  </image>
  <image id="128" name="patch_images/2021.01.11/LBC205-20210106(1)/LBC205-20210106(1)_1379.png" width="2048" height="2048">
  </image>
  <image id="127" name="patch_images/2021.01.11/LBC205-20210106(1)/LBC205-20210106(1)_1378.png" width="2048" height="2048">
  </image>
  <image id="126" name="patch_images/2021.01.11/LBC205-20210106(1)/LBC205-20210106(1)_1370.png" width="2048" height="2048">
  </image>
  <image id="125" name="patch_images/2021.01.11/LBC205-20210106(1)/LBC205-20210106(1)_1366.png" width="2048" height="2048">
  </image>
  <image id="124" name="patch_images/2021.01.11/LBC205-20210106(1)/LBC205-20210106(1)_1361.png" width="2048" height="2048">
  </image>
  <image id="123" name="patch_images/2021.01.11/LBC205-20210106(1)/LBC205-20210106(1)_1360.png" width="2048" height="2048">
  </image>
  <image id="122" name="patch_images/2021.01.11/LBC205-20210106(1)/LBC205-20210106(1)_1358.png" width="2048" height="2048">
  </image>
  <image id="121" name="patch_images/2021.01.11/LBC205-20210106(1)/LBC205-20210106(1)_1343.png" width="2048" height="2048">
  </image>
  <image id="120" name="patch_images/2021.01.11/LBC205-20210106(1)/LBC205-20210106(1)_1342.png" width="2048" height="2048">
  </image>
  <image id="119" name="patch_images/2021.01.11/LBC205-20210106(1)/LBC205-20210106(1)_1340.png" width="2048" height="2048">
  </image>
  <image id="118" name="patch_images/2021.01.11/LBC205-20210106(1)/LBC205-20210106(1)_1339.png" width="2048" height="2048">
  </image>
  <image id="117" name="patch_images/2021.01.11/LBC205-20210106(1)/LBC205-20210106(1)_1338.png" width="2048" height="2048">
  </image>
  <image id="116" name="patch_images/2021.01.11/LBC205-20210106(1)/LBC205-20210106(1)_1337.png" width="2048" height="2048">
  </image>
  <image id="115" name="patch_images/2021.01.11/LBC205-20210106(1)/LBC205-20210106(1)_1336.png" width="2048" height="2048">
  </image>
  <image id="114" name="patch_images/2021.01.11/LBC205-20210106(1)/LBC205-20210106(1)_1335.png" width="2048" height="2048">
  </image>
  <image id="113" name="patch_images/2021.01.11/LBC205-20210106(1)/LBC205-20210106(1)_1334.png" width="2048" height="2048">
  </image>
  <image id="112" name="patch_images/2021.01.11/LBC205-20210106(1)/LBC205-20210106(1)_1333.png" width="2048" height="2048">
  </image>
  <image id="111" name="patch_images/2021.01.11/LBC205-20210106(1)/LBC205-20210106(1)_1332.png" width="2048" height="2048">
  </image>
  <image id="110" name="patch_images/2021.01.11/LBC205-20210106(1)/LBC205-20210106(1)_1330.png" width="2048" height="2048">
  </image>
  <image id="109" name="patch_images/2021.01.11/LBC205-20210106(1)/LBC205-20210106(1)_1329.png" width="2048" height="2048">
  </image>
  <image id="108" name="patch_images/2021.01.11/LBC205-20210106(1)/LBC205-20210106(1)_1319.png" width="2048" height="2048">
  </image>
  <image id="107" name="patch_images/2021.01.11/LBC205-20210106(1)/LBC205-20210106(1)_1316.png" width="2048" height="2048">
  </image>
  <image id="106" name="patch_images/2021.01.11/LBC205-20210106(1)/LBC205-20210106(1)_1305.png" width="2048" height="2048">
  </image>
  <image id="105" name="patch_images/2021.01.11/LBC205-20210106(1)/LBC205-20210106(1)_1290.png" width="2048" height="2048">
  </image>
  <image id="104" name="patch_images/2021.01.11/LBC205-20210106(1)/LBC205-20210106(1)_1289.png" width="2048" height="2048">
  </image>
  <image id="103" name="patch_images/2021.01.11/LBC205-20210106(1)/LBC205-20210106(1)_1286.png" width="2048" height="2048">
  </image>
  <image id="102" name="patch_images/2021.01.11/LBC205-20210106(1)/LBC205-20210106(1)_1283.png" width="2048" height="2048">
  </image>
  <image id="101" name="patch_images/2021.01.11/LBC205-20210106(1)/LBC205-20210106(1)_1281.png" width="2048" height="2048">
  </image>
  <image id="100" name="patch_images/2021.01.11/LBC205-20210106(1)/LBC205-20210106(1)_1280.png" width="2048" height="2048">
  </image>
  <image id="99" name="patch_images/2021.01.11/LBC205-20210106(1)/LBC205-20210106(1)_1272.png" width="2048" height="2048">
  </image>
  <image id="98" name="patch_images/2021.01.11/LBC205-20210106(1)/LBC205-20210106(1)_1270.png" width="2048" height="2048">
  </image>
  <image id="97" name="patch_images/2021.01.11/LBC205-20210106(1)/LBC205-20210106(1)_1269.png" width="2048" height="2048">
  </image>
  <image id="96" name="patch_images/2021.01.11/LBC205-20210106(1)/LBC205-20210106(1)_1266.png" width="2048" height="2048">
  </image>
  <image id="95" name="patch_images/2021.01.11/LBC205-20210106(1)/LBC205-20210106(1)_1262.png" width="2048" height="2048">
  </image>
  <image id="94" name="patch_images/2021.01.11/LBC205-20210106(1)/LBC205-20210106(1)_1243.png" width="2048" height="2048">
  </image>
  <image id="93" name="patch_images/2021.01.11/LBC205-20210106(1)/LBC205-20210106(1)_1242.png" width="2048" height="2048">
  </image>
  <image id="92" name="patch_images/2021.01.11/LBC205-20210106(1)/LBC205-20210106(1)_1241.png" width="2048" height="2048">
  </image>
  <image id="91" name="patch_images/2021.01.11/LBC205-20210106(1)/LBC205-20210106(1)_1240.png" width="2048" height="2048">
  </image>
  <image id="90" name="patch_images/2021.01.11/LBC205-20210106(1)/LBC205-20210106(1)_124.png" width="2048" height="2048">
  </image>
  <image id="89" name="patch_images/2021.01.11/LBC205-20210106(1)/LBC205-20210106(1)_1238.png" width="2048" height="2048">
  </image>
  <image id="88" name="patch_images/2021.01.11/LBC205-20210106(1)/LBC205-20210106(1)_1237.png" width="2048" height="2048">
  </image>
  <image id="87" name="patch_images/2021.01.11/LBC205-20210106(1)/LBC205-20210106(1)_1235.png" width="2048" height="2048">
  </image>
  <image id="86" name="patch_images/2021.01.11/LBC205-20210106(1)/LBC205-20210106(1)_1234.png" width="2048" height="2048">
  </image>
  <image id="85" name="patch_images/2021.01.11/LBC205-20210106(1)/LBC205-20210106(1)_1233.png" width="2048" height="2048">
  </image>
  <image id="84" name="patch_images/2021.01.11/LBC205-20210106(1)/LBC205-20210106(1)_1232.png" width="2048" height="2048">
  </image>
  <image id="83" name="patch_images/2021.01.11/LBC205-20210106(1)/LBC205-20210106(1)_1231.png" width="2048" height="2048">
  </image>
  <image id="82" name="patch_images/2021.01.11/LBC205-20210106(1)/LBC205-20210106(1)_1223.png" width="2048" height="2048">
  </image>
  <image id="81" name="patch_images/2021.01.11/LBC205-20210106(1)/LBC205-20210106(1)_1222.png" width="2048" height="2048">
  </image>
  <image id="80" name="patch_images/2021.01.11/LBC205-20210106(1)/LBC205-20210106(1)_1217.png" width="2048" height="2048">
  </image>
  <image id="79" name="patch_images/2021.01.11/LBC205-20210106(1)/LBC205-20210106(1)_1214.png" width="2048" height="2048">
  </image>
  <image id="78" name="patch_images/2021.01.11/LBC205-20210106(1)/LBC205-20210106(1)_1201.png" width="2048" height="2048">
  </image>
  <image id="77" name="patch_images/2021.01.11/LBC205-20210106(1)/LBC205-20210106(1)_1197.png" width="2048" height="2048">
  </image>
  <image id="76" name="patch_images/2021.01.11/LBC205-20210106(1)/LBC205-20210106(1)_1193.png" width="2048" height="2048">
  </image>
  <image id="75" name="patch_images/2021.01.11/LBC205-20210106(1)/LBC205-20210106(1)_1192.png" width="2048" height="2048">
  </image>
  <image id="74" name="patch_images/2021.01.11/LBC205-20210106(1)/LBC205-20210106(1)_1191.png" width="2048" height="2048">
  </image>
  <image id="73" name="patch_images/2021.01.11/LBC205-20210106(1)/LBC205-20210106(1)_1190.png" width="2048" height="2048">
  </image>
  <image id="72" name="patch_images/2021.01.11/LBC205-20210106(1)/LBC205-20210106(1)_1189.png" width="2048" height="2048">
  </image>
  <image id="71" name="patch_images/2021.01.11/LBC205-20210106(1)/LBC205-20210106(1)_1188.png" width="2048" height="2048">
  </image>
  <image id="70" name="patch_images/2021.01.11/LBC205-20210106(1)/LBC205-20210106(1)_1187.png" width="2048" height="2048">
  </image>
  <image id="69" name="patch_images/2021.01.11/LBC205-20210106(1)/LBC205-20210106(1)_1186.png" width="2048" height="2048">
  </image>
  <image id="68" name="patch_images/2021.01.11/LBC205-20210106(1)/LBC205-20210106(1)_1185.png" width="2048" height="2048">
  </image>
  <image id="67" name="patch_images/2021.01.11/LBC205-20210106(1)/LBC205-20210106(1)_1184.png" width="2048" height="2048">
  </image>
  <image id="66" name="patch_images/2021.01.11/LBC205-20210106(1)/LBC205-20210106(1)_1183.png" width="2048" height="2048">
  </image>
  <image id="65" name="patch_images/2021.01.11/LBC205-20210106(1)/LBC205-20210106(1)_1182.png" width="2048" height="2048">
  </image>
  <image id="64" name="patch_images/2021.01.11/LBC205-20210106(1)/LBC205-20210106(1)_1174.png" width="2048" height="2048">
  </image>
  <image id="63" name="patch_images/2021.01.11/LBC205-20210106(1)/LBC205-20210106(1)_1173.png" width="2048" height="2048">
  </image>
  <image id="62" name="patch_images/2021.01.11/LBC205-20210106(1)/LBC205-20210106(1)_1172.png" width="2048" height="2048">
  </image>
  <image id="61" name="patch_images/2021.01.11/LBC205-20210106(1)/LBC205-20210106(1)_1171.png" width="2048" height="2048">
  </image>
  <image id="60" name="patch_images/2021.01.11/LBC205-20210106(1)/LBC205-20210106(1)_1170.png" width="2048" height="2048">
  </image>
  <image id="59" name="patch_images/2021.01.11/LBC205-20210106(1)/LBC205-20210106(1)_1158.png" width="2048" height="2048">
  </image>
  <image id="58" name="patch_images/2021.01.11/LBC205-20210106(1)/LBC205-20210106(1)_1144.png" width="2048" height="2048">
  </image>
  <image id="57" name="patch_images/2021.01.11/LBC205-20210106(1)/LBC205-20210106(1)_1143.png" width="2048" height="2048">
  </image>
  <image id="56" name="patch_images/2021.01.11/LBC205-20210106(1)/LBC205-20210106(1)_1142.png" width="2048" height="2048">
  </image>
  <image id="55" name="patch_images/2021.01.11/LBC205-20210106(1)/LBC205-20210106(1)_1141.png" width="2048" height="2048">
  </image>
  <image id="54" name="patch_images/2021.01.11/LBC205-20210106(1)/LBC205-20210106(1)_1140.png" width="2048" height="2048">
  </image>
  <image id="53" name="patch_images/2021.01.11/LBC205-20210106(1)/LBC205-20210106(1)_1139.png" width="2048" height="2048">
  </image>
  <image id="52" name="patch_images/2021.01.11/LBC205-20210106(1)/LBC205-20210106(1)_1138.png" width="2048" height="2048">
  </image>
  <image id="51" name="patch_images/2021.01.11/LBC205-20210106(1)/LBC205-20210106(1)_1137.png" width="2048" height="2048">
  </image>
  <image id="50" name="patch_images/2021.01.11/LBC205-20210106(1)/LBC205-20210106(1)_1136.png" width="2048" height="2048">
  </image>
  <image id="49" name="patch_images/2021.01.11/LBC205-20210106(1)/LBC205-20210106(1)_1135.png" width="2048" height="2048">
  </image>
  <image id="48" name="patch_images/2021.01.11/LBC205-20210106(1)/LBC205-20210106(1)_1134.png" width="2048" height="2048">
  </image>
  <image id="47" name="patch_images/2021.01.11/LBC205-20210106(1)/LBC205-20210106(1)_1133.png" width="2048" height="2048">
  </image>
  <image id="46" name="patch_images/2021.01.11/LBC205-20210106(1)/LBC205-20210106(1)_1125.png" width="2048" height="2048">
  </image>
  <image id="45" name="patch_images/2021.01.11/LBC205-20210106(1)/LBC205-20210106(1)_1124.png" width="2048" height="2048">
  </image>
  <image id="44" name="patch_images/2021.01.11/LBC205-20210106(1)/LBC205-20210106(1)_1123.png" width="2048" height="2048">
  </image>
  <image id="43" name="patch_images/2021.01.11/LBC205-20210106(1)/LBC205-20210106(1)_1122.png" width="2048" height="2048">
  </image>
  <image id="42" name="patch_images/2021.01.11/LBC205-20210106(1)/LBC205-20210106(1)_1121.png" width="2048" height="2048">
  </image>
  <image id="341" name="patch_images/2021.01.11/LBC205-20210106(1)/LBC205-20210106(1)_259.png" width="2048" height="2048">
  </image>
  <image id="41" name="patch_images/2021.01.11/LBC205-20210106(1)/LBC205-20210106(1)_1120.png" width="2048" height="2048">
  </image>
  <image id="40" name="patch_images/2021.01.11/LBC205-20210106(1)/LBC205-20210106(1)_1108.png" width="2048" height="2048">
  </image>
  <image id="39" name="patch_images/2021.01.11/LBC205-20210106(1)/LBC205-20210106(1)_1096.png" width="2048" height="2048">
  </image>
  <image id="38" name="patch_images/2021.01.11/LBC205-20210106(1)/LBC205-20210106(1)_1095.png" width="2048" height="2048">
  </image>
  <image id="37" name="patch_images/2021.01.11/LBC205-20210106(1)/LBC205-20210106(1)_1094.png" width="2048" height="2048">
  </image>
  <image id="36" name="patch_images/2021.01.11/LBC205-20210106(1)/LBC205-20210106(1)_1091.png" width="2048" height="2048">
  </image>
  <image id="35" name="patch_images/2021.01.11/LBC205-20210106(1)/LBC205-20210106(1)_1090.png" width="2048" height="2048">
  </image>
  <image id="34" name="patch_images/2021.01.11/LBC205-20210106(1)/LBC205-20210106(1)_1089.png" width="2048" height="2048">
  </image>
  <image id="33" name="patch_images/2021.01.11/LBC205-20210106(1)/LBC205-20210106(1)_1087.png" width="2048" height="2048">
    <box label="Carcinoma" occluded="0" source="manual" xtl="317.57" ytl="526.06" xbr="718.72" ybr="884.99" z_order="0">
      <attribute name="Description">Invasive squamous cell carcinoma (편평상피암)</attribute>
    </box>
  </image>
  <image id="32" name="patch_images/2021.01.11/LBC205-20210106(1)/LBC205-20210106(1)_1086.png" width="2048" height="2048">
  </image>
  <image id="31" name="patch_images/2021.01.11/LBC205-20210106(1)/LBC205-20210106(1)_1085.png" width="2048" height="2048">
  </image>
  <image id="30" name="patch_images/2021.01.11/LBC205-20210106(1)/LBC205-20210106(1)_1084.png" width="2048" height="2048">
  </image>
  <image id="29" name="patch_images/2021.01.11/LBC205-20210106(1)/LBC205-20210106(1)_1074.png" width="2048" height="2048">
  </image>
  <image id="28" name="patch_images/2021.01.11/LBC205-20210106(1)/LBC205-20210106(1)_1072.png" width="2048" height="2048">
  </image>
  <image id="27" name="patch_images/2021.01.11/LBC205-20210106(1)/LBC205-20210106(1)_1071.png" width="2048" height="2048">
  </image>
  <image id="26" name="patch_images/2021.01.11/LBC205-20210106(1)/LBC205-20210106(1)_1070.png" width="2048" height="2048">
  </image>
  <image id="25" name="patch_images/2021.01.11/LBC205-20210106(1)/LBC205-20210106(1)_1068.png" width="2048" height="2048">
  </image>
  <image id="24" name="patch_images/2021.01.11/LBC205-20210106(1)/LBC205-20210106(1)_1065.png" width="2048" height="2048">
    <box label="Carcinoma" occluded="0" source="manual" xtl="1346.05" ytl="971.29" xbr="1612.61" ybr="1282.71" z_order="0">
      <attribute name="Description">Invasive squamous cell carcinoma (편평상피암)</attribute>
    </box>
  </image>
  <image id="23" name="patch_images/2021.01.11/LBC205-20210106(1)/LBC205-20210106(1)_106.png" width="2048" height="2048">
  </image>
  <image id="22" name="patch_images/2021.01.11/LBC205-20210106(1)/LBC205-20210106(1)_1059.png" width="2048" height="2048">
  </image>
  <image id="21" name="patch_images/2021.01.11/LBC205-20210106(1)/LBC205-20210106(1)_1055.png" width="2048" height="2048">
  </image>
  <image id="20" name="patch_images/2021.01.11/LBC205-20210106(1)/LBC205-20210106(1)_105.png" width="2048" height="2048">
  </image>
  <image id="19" name="patch_images/2021.01.11/LBC205-20210106(1)/LBC205-20210106(1)_1045.png" width="2048" height="2048">
  </image>
  <image id="18" name="patch_images/2021.01.11/LBC205-20210106(1)/LBC205-20210106(1)_1044.png" width="2048" height="2048">
  </image>
  <image id="17" name="patch_images/2021.01.11/LBC205-20210106(1)/LBC205-20210106(1)_1043.png" width="2048" height="2048">
  </image>
  <image id="16" name="patch_images/2021.01.11/LBC205-20210106(1)/LBC205-20210106(1)_1042.png" width="2048" height="2048">
  </image>
  <image id="15" name="patch_images/2021.01.11/LBC205-20210106(1)/LBC205-20210106(1)_1041.png" width="2048" height="2048">
  </image>
  <image id="14" name="patch_images/2021.01.11/LBC205-20210106(1)/LBC205-20210106(1)_1040.png" width="2048" height="2048">
  </image>
  <image id="13" name="patch_images/2021.01.11/LBC205-20210106(1)/LBC205-20210106(1)_104.png" width="2048" height="2048">
  </image>
  <image id="12" name="patch_images/2021.01.11/LBC205-20210106(1)/LBC205-20210106(1)_1038.png" width="2048" height="2048">
  </image>
  <image id="11" name="patch_images/2021.01.11/LBC205-20210106(1)/LBC205-20210106(1)_1037.png" width="2048" height="2048">
  </image>
  <image id="10" name="patch_images/2021.01.11/LBC205-20210106(1)/LBC205-20210106(1)_1036.png" width="2048" height="2048">
  </image>
  <image id="9" name="patch_images/2021.01.11/LBC205-20210106(1)/LBC205-20210106(1)_1035.png" width="2048" height="2048">
  </image>
  <image id="8" name="patch_images/2021.01.11/LBC205-20210106(1)/LBC205-20210106(1)_1026.png" width="2048" height="2048">
  </image>
  <image id="7" name="patch_images/2021.01.11/LBC205-20210106(1)/LBC205-20210106(1)_1025.png" width="2048" height="2048">
  </image>
  <image id="6" name="patch_images/2021.01.11/LBC205-20210106(1)/LBC205-20210106(1)_1024.png" width="2048" height="2048">
  </image>
  <image id="5" name="patch_images/2021.01.11/LBC205-20210106(1)/LBC205-20210106(1)_1023.png" width="2048" height="2048">
  </image>
  <image id="4" name="patch_images/2021.01.11/LBC205-20210106(1)/LBC205-20210106(1)_1018.png" width="2048" height="2048">
  </image>
  <image id="3" name="patch_images/2021.01.11/LBC205-20210106(1)/LBC205-20210106(1)_1011.png" width="2048" height="2048">
  </image>
  <image id="2" name="patch_images/2021.01.11/LBC205-20210106(1)/LBC205-20210106(1)_1009.png" width="2048" height="2048">
  </image>
  <image id="1" name="patch_images/2021.01.11/LBC205-20210106(1)/LBC205-20210106(1)_1008.png" width="2048" height="2048">
  </image>
  <image id="0" name="patch_images/2021.01.11/LBC205-20210106(1)/LBC205-20210106(1)_1000.png" width="2048" height="2048">
  </image>
</annotations>