<?xml version="1.0" encoding="utf-8"?>
<annotations>
  <version>1.1</version>
  <meta>
    <task>
      <id>534</id>
      <name>[ASCUS] LBC236-20210107</name>
      <size>653</size>
      <mode>annotation</mode>
      <overlap>0</overlap>
      <bugtracker></bugtracker>
      <created>2021-08-30 00:02:35.001984+00:00</created>
      <updated>2021-09-13 00:32:01.075784+00:00</updated>
      <start_frame>0</start_frame>
      <stop_frame>652</stop_frame>
      <frame_filter></frame_filter>
      <labels>
        <label>
          <name>Benign atypia</name>
          <color>#3578d1</color>
          <attributes>
            <attribute>
              <name>Infection Type</name>
              <mutable>False</mutable>
              <input_type>select</input_type>
              <default_value>None</default_value>
              <values>None
Candida albicans
Trichomonas vaginalis
Herpes simplex virus
Cytomegalovirus
Grandnerella species
Actinomyces species
Chlamydia species</values>
            </attribute>
          </attributes>
        </label>
        <label>
          <name>Reactive change</name>
          <color>#ea02bd</color>
          <attributes>
            <attribute>
              <name>Type</name>
              <mutable>False</mutable>
              <input_type>select</input_type>
              <default_value>Associated cellular change</default_value>
              <values>Associated cellular change
Follicular cervicitis
Chemotherapy
Radiation change
Pregnancy</values>
            </attribute>
          </attributes>
        </label>
        <label>
          <name>ASC-US</name>
          <color>#ff0000</color>
          <attributes>
            <attribute>
              <name>Description</name>
              <mutable>False</mutable>
              <input_type>text</input_type>
              <default_value>Atypical squamous cells of undetermined significance</default_value>
              <values>Atypical squamous cells of undetermined significance</values>
            </attribute>
          </attributes>
        </label>
        <label>
          <name>ASCUS-SIL</name>
          <color>#ff0000</color>
          <attributes>
            <attribute>
              <name>Description</name>
              <mutable>False</mutable>
              <input_type>text</input_type>
              <default_value>ASCUS squamous intraepithelial lesion</default_value>
              <values>ASCUS squamous intraepithelial lesion</values>
            </attribute>
          </attributes>
        </label>
        <label>
          <name>ASC-H</name>
          <color>#ff0000</color>
          <attributes>
            <attribute>
              <name>Description</name>
              <mutable>False</mutable>
              <input_type>text</input_type>
              <default_value>Atypical squamous cells of undetermined significants-High</default_value>
              <values>Atypical squamous cells of undetermined significants-High</values>
            </attribute>
          </attributes>
        </label>
        <label>
          <name>LSIL</name>
          <color>#ff0000</color>
          <attributes>
            <attribute>
              <name>Description</name>
              <mutable>False</mutable>
              <input_type>text</input_type>
              <default_value>Low-grade squamous intraepithelial lesion</default_value>
              <values>Low-grade squamous intraepithelial lesion</values>
            </attribute>
          </attributes>
        </label>
        <label>
          <name>HSIL</name>
          <color>#ff0000</color>
          <attributes>
            <attribute>
              <name>Description</name>
              <mutable>False</mutable>
              <input_type>text</input_type>
              <default_value>High-grade squamous intraepithelial lesion</default_value>
              <values>High-grade squamous intraepithelial lesion</values>
            </attribute>
          </attributes>
        </label>
        <label>
          <name>Carcinoma</name>
          <color>#ff0000</color>
          <attributes>
            <attribute>
              <name>Description</name>
              <mutable>False</mutable>
              <input_type>text</input_type>
              <default_value>Invasive squamous cell carcinoma (편평상피암)</default_value>
              <values>Invasive squamous cell carcinoma (편평상피암)</values>
            </attribute>
          </attributes>
        </label>
        <label>
          <name>AGUS</name>
          <color>#ff0000</color>
          <attributes>
            <attribute>
              <name>Description</name>
              <mutable>False</mutable>
              <input_type>text</input_type>
              <default_value>Atypical glandular cells of undetermined significants</default_value>
              <values>Atypical glandular cells of undetermined significants</values>
            </attribute>
            <attribute>
              <name>Cell Type</name>
              <mutable>False</mutable>
              <input_type>select</input_type>
              <default_value>Endocervical cell</default_value>
              <values>Endocervical cell
Endometrial cell</values>
            </attribute>
          </attributes>
        </label>
        <label>
          <name>AIS</name>
          <color>#ff0000</color>
          <attributes>
            <attribute>
              <name>Description</name>
              <mutable>False</mutable>
              <input_type>text</input_type>
              <default_value>Adenocarcinoma Insitu (선상피내암)</default_value>
              <values>Adenocarcinoma Insitu (선상피내암)</values>
            </attribute>
          </attributes>
        </label>
        <label>
          <name>Adenocarcinoma</name>
          <color>#ff0000</color>
          <attributes>
            <attribute>
              <name>Cell Type</name>
              <mutable>False</mutable>
              <input_type>select</input_type>
              <default_value>Endocervical cell</default_value>
              <values>Endocervical cell
Endometrial cell</values>
            </attribute>
          </attributes>
        </label>
        <label>
          <name>Negative</name>
          <color>#0049ff</color>
          <attributes>
            <attribute>
              <name>Cell Type</name>
              <mutable>False</mutable>
              <input_type>select</input_type>
              <default_value>Superficial cell</default_value>
              <values>Superficial cell
Intermediate cell
Parabasal cell
Metaplastic cell
Tissue repair
Endocervical cell
Endometrial cell</values>
            </attribute>
          </attributes>
        </label>
        <label>
          <name>ASC-US with HPV infection</name>
          <color>#ff0000</color>
          <attributes>
          </attributes>
        </label>
        <label>
          <name>ASC-H with HPV infection</name>
          <color>#ff0000</color>
          <attributes>
          </attributes>
        </label>
        <label>
          <name>LSIL with HPV infection</name>
          <color>#ff0000</color>
          <attributes>
          </attributes>
        </label>
        <label>
          <name>HSIL with HPV infection</name>
          <color>#ff0000</color>
          <attributes>
          </attributes>
        </label>
        <label>
          <name>Candida</name>
          <color>#2d00ff</color>
          <attributes>
          </attributes>
        </label>
      </labels>
      <segments>
        <segment>
          <id>401</id>
          <start>0</start>
          <stop>652</stop>
          <url>http://cvat.doai.ai/?id=401</url>
        </segment>
      </segments>
      <owner>
        <username>jhjang</username>
        <email>junhwanjang@doai.ai</email>
      </owner>
      <assignee></assignee>
    </task>
    <dumped>2021-09-16 01:17:50.724149+00:00</dumped>
  </meta>
  <image id="652" name="patch_images/2021.01.12/LBC236-20210107(1)/LBC236-20210107(1)_998.png" width="2048" height="2048">
  </image>
  <image id="651" name="patch_images/2021.01.12/LBC236-20210107(1)/LBC236-20210107(1)_996.png" width="2048" height="2048">
  </image>
  <image id="650" name="patch_images/2021.01.12/LBC236-20210107(1)/LBC236-20210107(1)_995.png" width="2048" height="2048">
  </image>
  <image id="649" name="patch_images/2021.01.12/LBC236-20210107(1)/LBC236-20210107(1)_991.png" width="2048" height="2048">
  </image>
  <image id="648" name="patch_images/2021.01.12/LBC236-20210107(1)/LBC236-20210107(1)_984.png" width="2048" height="2048">
  </image>
  <image id="647" name="patch_images/2021.01.12/LBC236-20210107(1)/LBC236-20210107(1)_978.png" width="2048" height="2048">
  </image>
  <image id="646" name="patch_images/2021.01.12/LBC236-20210107(1)/LBC236-20210107(1)_966.png" width="2048" height="2048">
  </image>
  <image id="645" name="patch_images/2021.01.12/LBC236-20210107(1)/LBC236-20210107(1)_961.png" width="2048" height="2048">
  </image>
  <image id="644" name="patch_images/2021.01.12/LBC236-20210107(1)/LBC236-20210107(1)_960.png" width="2048" height="2048">
  </image>
  <image id="643" name="patch_images/2021.01.12/LBC236-20210107(1)/LBC236-20210107(1)_96.png" width="2048" height="2048">
  </image>
  <image id="642" name="patch_images/2021.01.12/LBC236-20210107(1)/LBC236-20210107(1)_959.png" width="2048" height="2048">
  </image>
  <image id="641" name="patch_images/2021.01.12/LBC236-20210107(1)/LBC236-20210107(1)_958.png" width="2048" height="2048">
  </image>
  <image id="640" name="patch_images/2021.01.12/LBC236-20210107(1)/LBC236-20210107(1)_957.png" width="2048" height="2048">
  </image>
  <image id="639" name="patch_images/2021.01.12/LBC236-20210107(1)/LBC236-20210107(1)_948.png" width="2048" height="2048">
  </image>
  <image id="638" name="patch_images/2021.01.12/LBC236-20210107(1)/LBC236-20210107(1)_946.png" width="2048" height="2048">
  </image>
  <image id="637" name="patch_images/2021.01.12/LBC236-20210107(1)/LBC236-20210107(1)_936.png" width="2048" height="2048">
  </image>
  <image id="636" name="patch_images/2021.01.12/LBC236-20210107(1)/LBC236-20210107(1)_934.png" width="2048" height="2048">
  </image>
  <image id="635" name="patch_images/2021.01.12/LBC236-20210107(1)/LBC236-20210107(1)_932.png" width="2048" height="2048">
  </image>
  <image id="634" name="patch_images/2021.01.12/LBC236-20210107(1)/LBC236-20210107(1)_931.png" width="2048" height="2048">
  </image>
  <image id="633" name="patch_images/2021.01.12/LBC236-20210107(1)/LBC236-20210107(1)_927.png" width="2048" height="2048">
  </image>
  <image id="632" name="patch_images/2021.01.12/LBC236-20210107(1)/LBC236-20210107(1)_926.png" width="2048" height="2048">
  </image>
  <image id="631" name="patch_images/2021.01.12/LBC236-20210107(1)/LBC236-20210107(1)_922.png" width="2048" height="2048">
  </image>
  <image id="630" name="patch_images/2021.01.12/LBC236-20210107(1)/LBC236-20210107(1)_921.png" width="2048" height="2048">
  </image>
  <image id="629" name="patch_images/2021.01.12/LBC236-20210107(1)/LBC236-20210107(1)_920.png" width="2048" height="2048">
  </image>
  <image id="628" name="patch_images/2021.01.12/LBC236-20210107(1)/LBC236-20210107(1)_919.png" width="2048" height="2048">
  </image>
  <image id="627" name="patch_images/2021.01.12/LBC236-20210107(1)/LBC236-20210107(1)_917.png" width="2048" height="2048">
  </image>
  <image id="626" name="patch_images/2021.01.12/LBC236-20210107(1)/LBC236-20210107(1)_912.png" width="2048" height="2048">
  </image>
  <image id="625" name="patch_images/2021.01.12/LBC236-20210107(1)/LBC236-20210107(1)_898.png" width="2048" height="2048">
  </image>
  <image id="624" name="patch_images/2021.01.12/LBC236-20210107(1)/LBC236-20210107(1)_896.png" width="2048" height="2048">
  </image>
  <image id="623" name="patch_images/2021.01.12/LBC236-20210107(1)/LBC236-20210107(1)_892.png" width="2048" height="2048">
  </image>
  <image id="622" name="patch_images/2021.01.12/LBC236-20210107(1)/LBC236-20210107(1)_890.png" width="2048" height="2048">
  </image>
  <image id="621" name="patch_images/2021.01.12/LBC236-20210107(1)/LBC236-20210107(1)_889.png" width="2048" height="2048">
  </image>
  <image id="620" name="patch_images/2021.01.12/LBC236-20210107(1)/LBC236-20210107(1)_886.png" width="2048" height="2048">
  </image>
  <image id="619" name="patch_images/2021.01.12/LBC236-20210107(1)/LBC236-20210107(1)_885.png" width="2048" height="2048">
  </image>
  <image id="618" name="patch_images/2021.01.12/LBC236-20210107(1)/LBC236-20210107(1)_884.png" width="2048" height="2048">
  </image>
  <image id="617" name="patch_images/2021.01.12/LBC236-20210107(1)/LBC236-20210107(1)_883.png" width="2048" height="2048">
  </image>
  <image id="616" name="patch_images/2021.01.12/LBC236-20210107(1)/LBC236-20210107(1)_88.png" width="2048" height="2048">
  </image>
  <image id="615" name="patch_images/2021.01.12/LBC236-20210107(1)/LBC236-20210107(1)_873.png" width="2048" height="2048">
  </image>
  <image id="614" name="patch_images/2021.01.12/LBC236-20210107(1)/LBC236-20210107(1)_872.png" width="2048" height="2048">
  </image>
  <image id="613" name="patch_images/2021.01.12/LBC236-20210107(1)/LBC236-20210107(1)_871.png" width="2048" height="2048">
  </image>
  <image id="612" name="patch_images/2021.01.12/LBC236-20210107(1)/LBC236-20210107(1)_870.png" width="2048" height="2048">
  </image>
  <image id="611" name="patch_images/2021.01.12/LBC236-20210107(1)/LBC236-20210107(1)_869.png" width="2048" height="2048">
  </image>
  <image id="610" name="patch_images/2021.01.12/LBC236-20210107(1)/LBC236-20210107(1)_866.png" width="2048" height="2048">
  </image>
  <image id="609" name="patch_images/2021.01.12/LBC236-20210107(1)/LBC236-20210107(1)_865.png" width="2048" height="2048">
  </image>
  <image id="608" name="patch_images/2021.01.12/LBC236-20210107(1)/LBC236-20210107(1)_864.png" width="2048" height="2048">
  </image>
  <image id="607" name="patch_images/2021.01.12/LBC236-20210107(1)/LBC236-20210107(1)_848.png" width="2048" height="2048">
  </image>
  <image id="606" name="patch_images/2021.01.12/LBC236-20210107(1)/LBC236-20210107(1)_846.png" width="2048" height="2048">
  </image>
  <image id="605" name="patch_images/2021.01.12/LBC236-20210107(1)/LBC236-20210107(1)_843.png" width="2048" height="2048">
  </image>
  <image id="604" name="patch_images/2021.01.12/LBC236-20210107(1)/LBC236-20210107(1)_830.png" width="2048" height="2048">
  </image>
  <image id="603" name="patch_images/2021.01.12/LBC236-20210107(1)/LBC236-20210107(1)_824.png" width="2048" height="2048">
  </image>
  <image id="602" name="patch_images/2021.01.12/LBC236-20210107(1)/LBC236-20210107(1)_823.png" width="2048" height="2048">
  </image>
  <image id="601" name="patch_images/2021.01.12/LBC236-20210107(1)/LBC236-20210107(1)_822.png" width="2048" height="2048">
  </image>
  <image id="600" name="patch_images/2021.01.12/LBC236-20210107(1)/LBC236-20210107(1)_818.png" width="2048" height="2048">
  </image>
  <image id="599" name="patch_images/2021.01.12/LBC236-20210107(1)/LBC236-20210107(1)_817.png" width="2048" height="2048">
  </image>
  <image id="598" name="patch_images/2021.01.12/LBC236-20210107(1)/LBC236-20210107(1)_814.png" width="2048" height="2048">
  </image>
  <image id="597" name="patch_images/2021.01.12/LBC236-20210107(1)/LBC236-20210107(1)_812.png" width="2048" height="2048">
  </image>
  <image id="596" name="patch_images/2021.01.12/LBC236-20210107(1)/LBC236-20210107(1)_808.png" width="2048" height="2048">
  </image>
  <image id="595" name="patch_images/2021.01.12/LBC236-20210107(1)/LBC236-20210107(1)_798.png" width="2048" height="2048">
  </image>
  <image id="594" name="patch_images/2021.01.12/LBC236-20210107(1)/LBC236-20210107(1)_796.png" width="2048" height="2048">
  </image>
  <image id="593" name="patch_images/2021.01.12/LBC236-20210107(1)/LBC236-20210107(1)_790.png" width="2048" height="2048">
  </image>
  <image id="592" name="patch_images/2021.01.12/LBC236-20210107(1)/LBC236-20210107(1)_788.png" width="2048" height="2048">
  </image>
  <image id="591" name="patch_images/2021.01.12/LBC236-20210107(1)/LBC236-20210107(1)_787.png" width="2048" height="2048">
  </image>
  <image id="590" name="patch_images/2021.01.12/LBC236-20210107(1)/LBC236-20210107(1)_786.png" width="2048" height="2048">
  </image>
  <image id="589" name="patch_images/2021.01.12/LBC236-20210107(1)/LBC236-20210107(1)_778.png" width="2048" height="2048">
  </image>
  <image id="588" name="patch_images/2021.01.12/LBC236-20210107(1)/LBC236-20210107(1)_774.png" width="2048" height="2048">
  </image>
  <image id="587" name="patch_images/2021.01.12/LBC236-20210107(1)/LBC236-20210107(1)_773.png" width="2048" height="2048">
  </image>
  <image id="586" name="patch_images/2021.01.12/LBC236-20210107(1)/LBC236-20210107(1)_772.png" width="2048" height="2048">
  </image>
  <image id="585" name="patch_images/2021.01.12/LBC236-20210107(1)/LBC236-20210107(1)_771.png" width="2048" height="2048">
  </image>
  <image id="584" name="patch_images/2021.01.12/LBC236-20210107(1)/LBC236-20210107(1)_770.png" width="2048" height="2048">
  </image>
  <image id="583" name="patch_images/2021.01.12/LBC236-20210107(1)/LBC236-20210107(1)_767.png" width="2048" height="2048">
  </image>
  <image id="582" name="patch_images/2021.01.12/LBC236-20210107(1)/LBC236-20210107(1)_760.png" width="2048" height="2048">
  </image>
  <image id="581" name="patch_images/2021.01.12/LBC236-20210107(1)/LBC236-20210107(1)_748.png" width="2048" height="2048">
  </image>
  <image id="580" name="patch_images/2021.01.12/LBC236-20210107(1)/LBC236-20210107(1)_746.png" width="2048" height="2048">
  </image>
  <image id="579" name="patch_images/2021.01.12/LBC236-20210107(1)/LBC236-20210107(1)_738.png" width="2048" height="2048">
  </image>
  <image id="578" name="patch_images/2021.01.12/LBC236-20210107(1)/LBC236-20210107(1)_737.png" width="2048" height="2048">
  </image>
  <image id="577" name="patch_images/2021.01.12/LBC236-20210107(1)/LBC236-20210107(1)_734.png" width="2048" height="2048">
  </image>
  <image id="576" name="patch_images/2021.01.12/LBC236-20210107(1)/LBC236-20210107(1)_730.png" width="2048" height="2048">
  </image>
  <image id="575" name="patch_images/2021.01.12/LBC236-20210107(1)/LBC236-20210107(1)_729.png" width="2048" height="2048">
  </image>
  <image id="574" name="patch_images/2021.01.12/LBC236-20210107(1)/LBC236-20210107(1)_727.png" width="2048" height="2048">
  </image>
  <image id="573" name="patch_images/2021.01.12/LBC236-20210107(1)/LBC236-20210107(1)_723.png" width="2048" height="2048">
  </image>
  <image id="572" name="patch_images/2021.01.12/LBC236-20210107(1)/LBC236-20210107(1)_722.png" width="2048" height="2048">
  </image>
  <image id="571" name="patch_images/2021.01.12/LBC236-20210107(1)/LBC236-20210107(1)_721.png" width="2048" height="2048">
  </image>
  <image id="570" name="patch_images/2021.01.12/LBC236-20210107(1)/LBC236-20210107(1)_720.png" width="2048" height="2048">
  </image>
  <image id="569" name="patch_images/2021.01.12/LBC236-20210107(1)/LBC236-20210107(1)_718.png" width="2048" height="2048">
  </image>
  <image id="568" name="patch_images/2021.01.12/LBC236-20210107(1)/LBC236-20210107(1)_717.png" width="2048" height="2048">
  </image>
  <image id="567" name="patch_images/2021.01.12/LBC236-20210107(1)/LBC236-20210107(1)_716.png" width="2048" height="2048">
  </image>
  <image id="566" name="patch_images/2021.01.12/LBC236-20210107(1)/LBC236-20210107(1)_696.png" width="2048" height="2048">
  </image>
  <image id="565" name="patch_images/2021.01.12/LBC236-20210107(1)/LBC236-20210107(1)_692.png" width="2048" height="2048">
  </image>
  <image id="564" name="patch_images/2021.01.12/LBC236-20210107(1)/LBC236-20210107(1)_687.png" width="2048" height="2048">
  </image>
  <image id="563" name="patch_images/2021.01.12/LBC236-20210107(1)/LBC236-20210107(1)_681.png" width="2048" height="2048">
  </image>
  <image id="562" name="patch_images/2021.01.12/LBC236-20210107(1)/LBC236-20210107(1)_680.png" width="2048" height="2048">
  </image>
  <image id="561" name="patch_images/2021.01.12/LBC236-20210107(1)/LBC236-20210107(1)_679.png" width="2048" height="2048">
  </image>
  <image id="560" name="patch_images/2021.01.12/LBC236-20210107(1)/LBC236-20210107(1)_672.png" width="2048" height="2048">
  </image>
  <image id="559" name="patch_images/2021.01.12/LBC236-20210107(1)/LBC236-20210107(1)_671.png" width="2048" height="2048">
  </image>
  <image id="558" name="patch_images/2021.01.12/LBC236-20210107(1)/LBC236-20210107(1)_668.png" width="2048" height="2048">
  </image>
  <image id="557" name="patch_images/2021.01.12/LBC236-20210107(1)/LBC236-20210107(1)_665.png" width="2048" height="2048">
  </image>
  <image id="556" name="patch_images/2021.01.12/LBC236-20210107(1)/LBC236-20210107(1)_659.png" width="2048" height="2048">
  </image>
  <image id="555" name="patch_images/2021.01.12/LBC236-20210107(1)/LBC236-20210107(1)_646.png" width="2048" height="2048">
  </image>
  <image id="554" name="patch_images/2021.01.12/LBC236-20210107(1)/LBC236-20210107(1)_640.png" width="2048" height="2048">
  </image>
  <image id="553" name="patch_images/2021.01.12/LBC236-20210107(1)/LBC236-20210107(1)_634.png" width="2048" height="2048">
  </image>
  <image id="552" name="patch_images/2021.01.12/LBC236-20210107(1)/LBC236-20210107(1)_633.png" width="2048" height="2048">
  </image>
  <image id="551" name="patch_images/2021.01.12/LBC236-20210107(1)/LBC236-20210107(1)_629.png" width="2048" height="2048">
  </image>
  <image id="550" name="patch_images/2021.01.12/LBC236-20210107(1)/LBC236-20210107(1)_624.png" width="2048" height="2048">
  </image>
  <image id="549" name="patch_images/2021.01.12/LBC236-20210107(1)/LBC236-20210107(1)_619.png" width="2048" height="2048">
  </image>
  <image id="548" name="patch_images/2021.01.12/LBC236-20210107(1)/LBC236-20210107(1)_617.png" width="2048" height="2048">
  </image>
  <image id="547" name="patch_images/2021.01.12/LBC236-20210107(1)/LBC236-20210107(1)_611.png" width="2048" height="2048">
  </image>
  <image id="546" name="patch_images/2021.01.12/LBC236-20210107(1)/LBC236-20210107(1)_596.png" width="2048" height="2048">
  </image>
  <image id="545" name="patch_images/2021.01.12/LBC236-20210107(1)/LBC236-20210107(1)_591.png" width="2048" height="2048">
  </image>
  <image id="544" name="patch_images/2021.01.12/LBC236-20210107(1)/LBC236-20210107(1)_589.png" width="2048" height="2048">
  </image>
  <image id="543" name="patch_images/2021.01.12/LBC236-20210107(1)/LBC236-20210107(1)_577.png" width="2048" height="2048">
  </image>
  <image id="542" name="patch_images/2021.01.12/LBC236-20210107(1)/LBC236-20210107(1)_575.png" width="2048" height="2048">
  </image>
  <image id="541" name="patch_images/2021.01.12/LBC236-20210107(1)/LBC236-20210107(1)_572.png" width="2048" height="2048">
  </image>
  <image id="540" name="patch_images/2021.01.12/LBC236-20210107(1)/LBC236-20210107(1)_570.png" width="2048" height="2048">
  </image>
  <image id="539" name="patch_images/2021.01.12/LBC236-20210107(1)/LBC236-20210107(1)_568.png" width="2048" height="2048">
  </image>
  <image id="538" name="patch_images/2021.01.12/LBC236-20210107(1)/LBC236-20210107(1)_546.png" width="2048" height="2048">
  </image>
  <image id="537" name="patch_images/2021.01.12/LBC236-20210107(1)/LBC236-20210107(1)_538.png" width="2048" height="2048">
  </image>
  <image id="536" name="patch_images/2021.01.12/LBC236-20210107(1)/LBC236-20210107(1)_536.png" width="2048" height="2048">
  </image>
  <image id="535" name="patch_images/2021.01.12/LBC236-20210107(1)/LBC236-20210107(1)_535.png" width="2048" height="2048">
  </image>
  <image id="534" name="patch_images/2021.01.12/LBC236-20210107(1)/LBC236-20210107(1)_534.png" width="2048" height="2048">
  </image>
  <image id="533" name="patch_images/2021.01.12/LBC236-20210107(1)/LBC236-20210107(1)_529.png" width="2048" height="2048">
  </image>
  <image id="532" name="patch_images/2021.01.12/LBC236-20210107(1)/LBC236-20210107(1)_528.png" width="2048" height="2048">
  </image>
  <image id="531" name="patch_images/2021.01.12/LBC236-20210107(1)/LBC236-20210107(1)_526.png" width="2048" height="2048">
  </image>
  <image id="530" name="patch_images/2021.01.12/LBC236-20210107(1)/LBC236-20210107(1)_524.png" width="2048" height="2048">
  </image>
  <image id="529" name="patch_images/2021.01.12/LBC236-20210107(1)/LBC236-20210107(1)_523.png" width="2048" height="2048">
  </image>
  <image id="528" name="patch_images/2021.01.12/LBC236-20210107(1)/LBC236-20210107(1)_513.png" width="2048" height="2048">
  </image>
  <image id="527" name="patch_images/2021.01.12/LBC236-20210107(1)/LBC236-20210107(1)_512.png" width="2048" height="2048">
  </image>
  <image id="526" name="patch_images/2021.01.12/LBC236-20210107(1)/LBC236-20210107(1)_496.png" width="2048" height="2048">
  </image>
  <image id="525" name="patch_images/2021.01.12/LBC236-20210107(1)/LBC236-20210107(1)_490.png" width="2048" height="2048">
  </image>
  <image id="524" name="patch_images/2021.01.12/LBC236-20210107(1)/LBC236-20210107(1)_488.png" width="2048" height="2048">
  </image>
  <image id="523" name="patch_images/2021.01.12/LBC236-20210107(1)/LBC236-20210107(1)_486.png" width="2048" height="2048">
  </image>
  <image id="522" name="patch_images/2021.01.12/LBC236-20210107(1)/LBC236-20210107(1)_485.png" width="2048" height="2048">
  </image>
  <image id="521" name="patch_images/2021.01.12/LBC236-20210107(1)/LBC236-20210107(1)_482.png" width="2048" height="2048">
  </image>
  <image id="520" name="patch_images/2021.01.12/LBC236-20210107(1)/LBC236-20210107(1)_480.png" width="2048" height="2048">
  </image>
  <image id="519" name="patch_images/2021.01.12/LBC236-20210107(1)/LBC236-20210107(1)_479.png" width="2048" height="2048">
  </image>
  <image id="518" name="patch_images/2021.01.12/LBC236-20210107(1)/LBC236-20210107(1)_478.png" width="2048" height="2048">
  </image>
  <image id="517" name="patch_images/2021.01.12/LBC236-20210107(1)/LBC236-20210107(1)_473.png" width="2048" height="2048">
  </image>
  <image id="516" name="patch_images/2021.01.12/LBC236-20210107(1)/LBC236-20210107(1)_472.png" width="2048" height="2048">
  </image>
  <image id="515" name="patch_images/2021.01.12/LBC236-20210107(1)/LBC236-20210107(1)_471.png" width="2048" height="2048">
  </image>
  <image id="514" name="patch_images/2021.01.12/LBC236-20210107(1)/LBC236-20210107(1)_469.png" width="2048" height="2048">
  </image>
  <image id="513" name="patch_images/2021.01.12/LBC236-20210107(1)/LBC236-20210107(1)_465.png" width="2048" height="2048">
  </image>
  <image id="512" name="patch_images/2021.01.12/LBC236-20210107(1)/LBC236-20210107(1)_462.png" width="2048" height="2048">
  </image>
  <image id="511" name="patch_images/2021.01.12/LBC236-20210107(1)/LBC236-20210107(1)_461.png" width="2048" height="2048">
  </image>
  <image id="510" name="patch_images/2021.01.12/LBC236-20210107(1)/LBC236-20210107(1)_46.png" width="2048" height="2048">
  </image>
  <image id="509" name="patch_images/2021.01.12/LBC236-20210107(1)/LBC236-20210107(1)_446.png" width="2048" height="2048">
  </image>
  <image id="508" name="patch_images/2021.01.12/LBC236-20210107(1)/LBC236-20210107(1)_440.png" width="2048" height="2048">
  </image>
  <image id="507" name="patch_images/2021.01.12/LBC236-20210107(1)/LBC236-20210107(1)_439.png" width="2048" height="2048">
  </image>
  <image id="506" name="patch_images/2021.01.12/LBC236-20210107(1)/LBC236-20210107(1)_435.png" width="2048" height="2048">
  </image>
  <image id="505" name="patch_images/2021.01.12/LBC236-20210107(1)/LBC236-20210107(1)_432.png" width="2048" height="2048">
  </image>
  <image id="504" name="patch_images/2021.01.12/LBC236-20210107(1)/LBC236-20210107(1)_430.png" width="2048" height="2048">
  </image>
  <image id="503" name="patch_images/2021.01.12/LBC236-20210107(1)/LBC236-20210107(1)_425.png" width="2048" height="2048">
  </image>
  <image id="502" name="patch_images/2021.01.12/LBC236-20210107(1)/LBC236-20210107(1)_424.png" width="2048" height="2048">
  </image>
  <image id="501" name="patch_images/2021.01.12/LBC236-20210107(1)/LBC236-20210107(1)_423.png" width="2048" height="2048">
  </image>
  <image id="500" name="patch_images/2021.01.12/LBC236-20210107(1)/LBC236-20210107(1)_422.png" width="2048" height="2048">
  </image>
  <image id="499" name="patch_images/2021.01.12/LBC236-20210107(1)/LBC236-20210107(1)_421.png" width="2048" height="2048">
  </image>
  <image id="498" name="patch_images/2021.01.12/LBC236-20210107(1)/LBC236-20210107(1)_419.png" width="2048" height="2048">
  </image>
  <image id="497" name="patch_images/2021.01.12/LBC236-20210107(1)/LBC236-20210107(1)_396.png" width="2048" height="2048">
  </image>
  <image id="496" name="patch_images/2021.01.12/LBC236-20210107(1)/LBC236-20210107(1)_386.png" width="2048" height="2048">
  </image>
  <image id="495" name="patch_images/2021.01.12/LBC236-20210107(1)/LBC236-20210107(1)_385.png" width="2048" height="2048">
  </image>
  <image id="494" name="patch_images/2021.01.12/LBC236-20210107(1)/LBC236-20210107(1)_384.png" width="2048" height="2048">
  </image>
  <image id="493" name="patch_images/2021.01.12/LBC236-20210107(1)/LBC236-20210107(1)_383.png" width="2048" height="2048">
  </image>
  <image id="360" name="patch_images/2021.01.12/LBC236-20210107(1)/LBC236-20210107(1)_1815.png" width="2048" height="2048">
  </image>
  <image id="359" name="patch_images/2021.01.12/LBC236-20210107(1)/LBC236-20210107(1)_1814.png" width="2048" height="2048">
  </image>
  <image id="358" name="patch_images/2021.01.12/LBC236-20210107(1)/LBC236-20210107(1)_1813.png" width="2048" height="2048">
  </image>
  <image id="357" name="patch_images/2021.01.12/LBC236-20210107(1)/LBC236-20210107(1)_1812.png" width="2048" height="2048">
  </image>
  <image id="356" name="patch_images/2021.01.12/LBC236-20210107(1)/LBC236-20210107(1)_1811.png" width="2048" height="2048">
  </image>
  <image id="355" name="patch_images/2021.01.12/LBC236-20210107(1)/LBC236-20210107(1)_1810.png" width="2048" height="2048">
  </image>
  <image id="354" name="patch_images/2021.01.12/LBC236-20210107(1)/LBC236-20210107(1)_180.png" width="2048" height="2048">
  </image>
  <image id="353" name="patch_images/2021.01.12/LBC236-20210107(1)/LBC236-20210107(1)_1798.png" width="2048" height="2048">
  </image>
  <image id="352" name="patch_images/2021.01.12/LBC236-20210107(1)/LBC236-20210107(1)_1797.png" width="2048" height="2048">
  </image>
  <image id="351" name="patch_images/2021.01.12/LBC236-20210107(1)/LBC236-20210107(1)_1796.png" width="2048" height="2048">
  </image>
  <image id="350" name="patch_images/2021.01.12/LBC236-20210107(1)/LBC236-20210107(1)_1795.png" width="2048" height="2048">
  </image>
  <image id="349" name="patch_images/2021.01.12/LBC236-20210107(1)/LBC236-20210107(1)_1788.png" width="2048" height="2048">
  </image>
  <image id="348" name="patch_images/2021.01.12/LBC236-20210107(1)/LBC236-20210107(1)_1787.png" width="2048" height="2048">
  </image>
  <image id="347" name="patch_images/2021.01.12/LBC236-20210107(1)/LBC236-20210107(1)_1785.png" width="2048" height="2048">
  </image>
  <image id="346" name="patch_images/2021.01.12/LBC236-20210107(1)/LBC236-20210107(1)_1784.png" width="2048" height="2048">
  </image>
  <image id="345" name="patch_images/2021.01.12/LBC236-20210107(1)/LBC236-20210107(1)_1781.png" width="2048" height="2048">
  </image>
  <image id="344" name="patch_images/2021.01.12/LBC236-20210107(1)/LBC236-20210107(1)_1779.png" width="2048" height="2048">
  </image>
  <image id="343" name="patch_images/2021.01.12/LBC236-20210107(1)/LBC236-20210107(1)_1776.png" width="2048" height="2048">
  </image>
  <image id="342" name="patch_images/2021.01.12/LBC236-20210107(1)/LBC236-20210107(1)_1771.png" width="2048" height="2048">
    <box label="ASC-US" occluded="0" source="manual" xtl="454.03" ytl="256.30" xbr="606.80" ybr="518.20" z_order="0">
      <attribute name="Description">Atypical squamous cells of undetermined significance</attribute>
    </box>
    <box label="ASC-US" occluded="0" source="manual" xtl="1013.65" ytl="699.38" xbr="1189.12" ybr="830.33" z_order="0">
      <attribute name="Description">Atypical squamous cells of undetermined significance</attribute>
    </box>
  </image>
  <image id="341" name="patch_images/2021.01.12/LBC236-20210107(1)/LBC236-20210107(1)_1766.png" width="2048" height="2048">
  </image>
  <image id="340" name="patch_images/2021.01.12/LBC236-20210107(1)/LBC236-20210107(1)_1765.png" width="2048" height="2048">
  </image>
  <image id="339" name="patch_images/2021.01.12/LBC236-20210107(1)/LBC236-20210107(1)_1764.png" width="2048" height="2048">
  </image>
  <image id="338" name="patch_images/2021.01.12/LBC236-20210107(1)/LBC236-20210107(1)_1762.png" width="2048" height="2048">
  </image>
  <image id="337" name="patch_images/2021.01.12/LBC236-20210107(1)/LBC236-20210107(1)_1761.png" width="2048" height="2048">
  </image>
  <image id="336" name="patch_images/2021.01.12/LBC236-20210107(1)/LBC236-20210107(1)_1760.png" width="2048" height="2048">
  </image>
  <image id="335" name="patch_images/2021.01.12/LBC236-20210107(1)/LBC236-20210107(1)_1748.png" width="2048" height="2048">
  </image>
  <image id="334" name="patch_images/2021.01.12/LBC236-20210107(1)/LBC236-20210107(1)_1747.png" width="2048" height="2048">
  </image>
  <image id="333" name="patch_images/2021.01.12/LBC236-20210107(1)/LBC236-20210107(1)_1746.png" width="2048" height="2048">
  </image>
  <image id="332" name="patch_images/2021.01.12/LBC236-20210107(1)/LBC236-20210107(1)_1745.png" width="2048" height="2048">
  </image>
  <image id="331" name="patch_images/2021.01.12/LBC236-20210107(1)/LBC236-20210107(1)_174.png" width="2048" height="2048">
  </image>
  <image id="330" name="patch_images/2021.01.12/LBC236-20210107(1)/LBC236-20210107(1)_1738.png" width="2048" height="2048">
  </image>
  <image id="329" name="patch_images/2021.01.12/LBC236-20210107(1)/LBC236-20210107(1)_1736.png" width="2048" height="2048">
  </image>
  <image id="328" name="patch_images/2021.01.12/LBC236-20210107(1)/LBC236-20210107(1)_1724.png" width="2048" height="2048">
  </image>
  <image id="327" name="patch_images/2021.01.12/LBC236-20210107(1)/LBC236-20210107(1)_1723.png" width="2048" height="2048">
  </image>
  <image id="326" name="patch_images/2021.01.12/LBC236-20210107(1)/LBC236-20210107(1)_1722.png" width="2048" height="2048">
  </image>
  <image id="325" name="patch_images/2021.01.12/LBC236-20210107(1)/LBC236-20210107(1)_1721.png" width="2048" height="2048">
  </image>
  <image id="324" name="patch_images/2021.01.12/LBC236-20210107(1)/LBC236-20210107(1)_1716.png" width="2048" height="2048">
  </image>
  <image id="323" name="patch_images/2021.01.12/LBC236-20210107(1)/LBC236-20210107(1)_1715.png" width="2048" height="2048">
  </image>
  <image id="322" name="patch_images/2021.01.12/LBC236-20210107(1)/LBC236-20210107(1)_1714.png" width="2048" height="2048">
  </image>
  <image id="321" name="patch_images/2021.01.12/LBC236-20210107(1)/LBC236-20210107(1)_1713.png" width="2048" height="2048">
  </image>
  <image id="320" name="patch_images/2021.01.12/LBC236-20210107(1)/LBC236-20210107(1)_1712.png" width="2048" height="2048">
  </image>
  <image id="319" name="patch_images/2021.01.12/LBC236-20210107(1)/LBC236-20210107(1)_1711.png" width="2048" height="2048">
  </image>
  <image id="318" name="patch_images/2021.01.12/LBC236-20210107(1)/LBC236-20210107(1)_1710.png" width="2048" height="2048">
  </image>
  <image id="317" name="patch_images/2021.01.12/LBC236-20210107(1)/LBC236-20210107(1)_170.png" width="2048" height="2048">
  </image>
  <image id="316" name="patch_images/2021.01.12/LBC236-20210107(1)/LBC236-20210107(1)_1698.png" width="2048" height="2048">
  </image>
  <image id="315" name="patch_images/2021.01.12/LBC236-20210107(1)/LBC236-20210107(1)_1697.png" width="2048" height="2048">
  </image>
  <image id="314" name="patch_images/2021.01.12/LBC236-20210107(1)/LBC236-20210107(1)_1696.png" width="2048" height="2048">
  </image>
  <image id="313" name="patch_images/2021.01.12/LBC236-20210107(1)/LBC236-20210107(1)_1695.png" width="2048" height="2048">
  </image>
  <image id="312" name="patch_images/2021.01.12/LBC236-20210107(1)/LBC236-20210107(1)_1691.png" width="2048" height="2048">
  </image>
  <image id="311" name="patch_images/2021.01.12/LBC236-20210107(1)/LBC236-20210107(1)_1685.png" width="2048" height="2048">
  </image>
  <image id="310" name="patch_images/2021.01.12/LBC236-20210107(1)/LBC236-20210107(1)_1684.png" width="2048" height="2048">
  </image>
  <image id="309" name="patch_images/2021.01.12/LBC236-20210107(1)/LBC236-20210107(1)_1682.png" width="2048" height="2048">
  </image>
  <image id="308" name="patch_images/2021.01.12/LBC236-20210107(1)/LBC236-20210107(1)_1681.png" width="2048" height="2048">
  </image>
  <image id="307" name="patch_images/2021.01.12/LBC236-20210107(1)/LBC236-20210107(1)_1680.png" width="2048" height="2048">
  </image>
  <image id="306" name="patch_images/2021.01.12/LBC236-20210107(1)/LBC236-20210107(1)_1679.png" width="2048" height="2048">
  </image>
  <image id="305" name="patch_images/2021.01.12/LBC236-20210107(1)/LBC236-20210107(1)_1676.png" width="2048" height="2048">
  </image>
  <image id="304" name="patch_images/2021.01.12/LBC236-20210107(1)/LBC236-20210107(1)_1674.png" width="2048" height="2048">
  </image>
  <image id="303" name="patch_images/2021.01.12/LBC236-20210107(1)/LBC236-20210107(1)_1673.png" width="2048" height="2048">
  </image>
  <image id="302" name="patch_images/2021.01.12/LBC236-20210107(1)/LBC236-20210107(1)_1672.png" width="2048" height="2048">
  </image>
  <image id="301" name="patch_images/2021.01.12/LBC236-20210107(1)/LBC236-20210107(1)_1671.png" width="2048" height="2048">
  </image>
  <image id="300" name="patch_images/2021.01.12/LBC236-20210107(1)/LBC236-20210107(1)_1668.png" width="2048" height="2048">
  </image>
  <image id="299" name="patch_images/2021.01.12/LBC236-20210107(1)/LBC236-20210107(1)_1666.png" width="2048" height="2048">
  </image>
  <image id="298" name="patch_images/2021.01.12/LBC236-20210107(1)/LBC236-20210107(1)_1665.png" width="2048" height="2048">
  </image>
  <image id="297" name="patch_images/2021.01.12/LBC236-20210107(1)/LBC236-20210107(1)_1664.png" width="2048" height="2048">
  </image>
  <image id="296" name="patch_images/2021.01.12/LBC236-20210107(1)/LBC236-20210107(1)_1663.png" width="2048" height="2048">
  </image>
  <image id="295" name="patch_images/2021.01.12/LBC236-20210107(1)/LBC236-20210107(1)_1662.png" width="2048" height="2048">
  </image>
  <image id="294" name="patch_images/2021.01.12/LBC236-20210107(1)/LBC236-20210107(1)_1661.png" width="2048" height="2048">
  </image>
  <image id="293" name="patch_images/2021.01.12/LBC236-20210107(1)/LBC236-20210107(1)_1660.png" width="2048" height="2048">
  </image>
  <image id="292" name="patch_images/2021.01.12/LBC236-20210107(1)/LBC236-20210107(1)_1659.png" width="2048" height="2048">
  </image>
  <image id="291" name="patch_images/2021.01.12/LBC236-20210107(1)/LBC236-20210107(1)_1658.png" width="2048" height="2048">
  </image>
  <image id="290" name="patch_images/2021.01.12/LBC236-20210107(1)/LBC236-20210107(1)_1648.png" width="2048" height="2048">
  </image>
  <image id="289" name="patch_images/2021.01.12/LBC236-20210107(1)/LBC236-20210107(1)_1647.png" width="2048" height="2048">
  </image>
  <image id="288" name="patch_images/2021.01.12/LBC236-20210107(1)/LBC236-20210107(1)_1646.png" width="2048" height="2048">
  </image>
  <image id="287" name="patch_images/2021.01.12/LBC236-20210107(1)/LBC236-20210107(1)_1644.png" width="2048" height="2048">
  </image>
  <image id="286" name="patch_images/2021.01.12/LBC236-20210107(1)/LBC236-20210107(1)_1637.png" width="2048" height="2048">
  </image>
  <image id="285" name="patch_images/2021.01.12/LBC236-20210107(1)/LBC236-20210107(1)_1636.png" width="2048" height="2048">
  </image>
  <image id="284" name="patch_images/2021.01.12/LBC236-20210107(1)/LBC236-20210107(1)_1632.png" width="2048" height="2048">
  </image>
  <image id="283" name="patch_images/2021.01.12/LBC236-20210107(1)/LBC236-20210107(1)_1627.png" width="2048" height="2048">
  </image>
  <image id="282" name="patch_images/2021.01.12/LBC236-20210107(1)/LBC236-20210107(1)_1625.png" width="2048" height="2048">
  </image>
  <image id="281" name="patch_images/2021.01.12/LBC236-20210107(1)/LBC236-20210107(1)_1624.png" width="2048" height="2048">
  </image>
  <image id="280" name="patch_images/2021.01.12/LBC236-20210107(1)/LBC236-20210107(1)_1623.png" width="2048" height="2048">
  </image>
  <image id="279" name="patch_images/2021.01.12/LBC236-20210107(1)/LBC236-20210107(1)_1622.png" width="2048" height="2048">
  </image>
  <image id="278" name="patch_images/2021.01.12/LBC236-20210107(1)/LBC236-20210107(1)_1621.png" width="2048" height="2048">
  </image>
  <image id="277" name="patch_images/2021.01.12/LBC236-20210107(1)/LBC236-20210107(1)_1619.png" width="2048" height="2048">
  </image>
  <image id="276" name="patch_images/2021.01.12/LBC236-20210107(1)/LBC236-20210107(1)_1618.png" width="2048" height="2048">
  </image>
  <image id="275" name="patch_images/2021.01.12/LBC236-20210107(1)/LBC236-20210107(1)_1616.png" width="2048" height="2048">
  </image>
  <image id="274" name="patch_images/2021.01.12/LBC236-20210107(1)/LBC236-20210107(1)_1615.png" width="2048" height="2048">
  </image>
  <image id="273" name="patch_images/2021.01.12/LBC236-20210107(1)/LBC236-20210107(1)_1614.png" width="2048" height="2048">
  </image>
  <image id="272" name="patch_images/2021.01.12/LBC236-20210107(1)/LBC236-20210107(1)_1612.png" width="2048" height="2048">
  </image>
  <image id="271" name="patch_images/2021.01.12/LBC236-20210107(1)/LBC236-20210107(1)_1611.png" width="2048" height="2048">
  </image>
  <image id="270" name="patch_images/2021.01.12/LBC236-20210107(1)/LBC236-20210107(1)_1610.png" width="2048" height="2048">
  </image>
  <image id="269" name="patch_images/2021.01.12/LBC236-20210107(1)/LBC236-20210107(1)_1609.png" width="2048" height="2048">
  </image>
  <image id="268" name="patch_images/2021.01.12/LBC236-20210107(1)/LBC236-20210107(1)_1608.png" width="2048" height="2048">
  </image>
  <image id="267" name="patch_images/2021.01.12/LBC236-20210107(1)/LBC236-20210107(1)_1607.png" width="2048" height="2048">
  </image>
  <image id="266" name="patch_images/2021.01.12/LBC236-20210107(1)/LBC236-20210107(1)_1598.png" width="2048" height="2048">
  </image>
  <image id="265" name="patch_images/2021.01.12/LBC236-20210107(1)/LBC236-20210107(1)_1597.png" width="2048" height="2048">
  </image>
  <image id="264" name="patch_images/2021.01.12/LBC236-20210107(1)/LBC236-20210107(1)_1596.png" width="2048" height="2048">
  </image>
  <image id="263" name="patch_images/2021.01.12/LBC236-20210107(1)/LBC236-20210107(1)_1595.png" width="2048" height="2048">
  </image>
  <image id="262" name="patch_images/2021.01.12/LBC236-20210107(1)/LBC236-20210107(1)_1594.png" width="2048" height="2048">
  </image>
  <image id="261" name="patch_images/2021.01.12/LBC236-20210107(1)/LBC236-20210107(1)_1593.png" width="2048" height="2048">
  </image>
  <image id="260" name="patch_images/2021.01.12/LBC236-20210107(1)/LBC236-20210107(1)_1588.png" width="2048" height="2048">
  </image>
  <image id="259" name="patch_images/2021.01.12/LBC236-20210107(1)/LBC236-20210107(1)_1581.png" width="2048" height="2048">
  </image>
  <image id="258" name="patch_images/2021.01.12/LBC236-20210107(1)/LBC236-20210107(1)_1580.png" width="2048" height="2048">
  </image>
  <image id="257" name="patch_images/2021.01.12/LBC236-20210107(1)/LBC236-20210107(1)_1574.png" width="2048" height="2048">
  </image>
  <image id="256" name="patch_images/2021.01.12/LBC236-20210107(1)/LBC236-20210107(1)_1571.png" width="2048" height="2048">
  </image>
  <image id="255" name="patch_images/2021.01.12/LBC236-20210107(1)/LBC236-20210107(1)_1570.png" width="2048" height="2048">
  </image>
  <image id="254" name="patch_images/2021.01.12/LBC236-20210107(1)/LBC236-20210107(1)_1569.png" width="2048" height="2048">
  </image>
  <image id="253" name="patch_images/2021.01.12/LBC236-20210107(1)/LBC236-20210107(1)_1568.png" width="2048" height="2048">
  </image>
  <image id="252" name="patch_images/2021.01.12/LBC236-20210107(1)/LBC236-20210107(1)_1567.png" width="2048" height="2048">
  </image>
  <image id="251" name="patch_images/2021.01.12/LBC236-20210107(1)/LBC236-20210107(1)_1566.png" width="2048" height="2048">
  </image>
  <image id="250" name="patch_images/2021.01.12/LBC236-20210107(1)/LBC236-20210107(1)_1565.png" width="2048" height="2048">
  </image>
  <image id="249" name="patch_images/2021.01.12/LBC236-20210107(1)/LBC236-20210107(1)_1563.png" width="2048" height="2048">
  </image>
  <image id="248" name="patch_images/2021.01.12/LBC236-20210107(1)/LBC236-20210107(1)_1562.png" width="2048" height="2048">
  </image>
  <image id="247" name="patch_images/2021.01.12/LBC236-20210107(1)/LBC236-20210107(1)_1561.png" width="2048" height="2048">
  </image>
  <image id="246" name="patch_images/2021.01.12/LBC236-20210107(1)/LBC236-20210107(1)_1558.png" width="2048" height="2048">
  </image>
  <image id="245" name="patch_images/2021.01.12/LBC236-20210107(1)/LBC236-20210107(1)_1557.png" width="2048" height="2048">
  </image>
  <image id="244" name="patch_images/2021.01.12/LBC236-20210107(1)/LBC236-20210107(1)_1548.png" width="2048" height="2048">
  </image>
  <image id="243" name="patch_images/2021.01.12/LBC236-20210107(1)/LBC236-20210107(1)_1547.png" width="2048" height="2048">
  </image>
  <image id="242" name="patch_images/2021.01.12/LBC236-20210107(1)/LBC236-20210107(1)_1546.png" width="2048" height="2048">
  </image>
  <image id="241" name="patch_images/2021.01.12/LBC236-20210107(1)/LBC236-20210107(1)_1544.png" width="2048" height="2048">
  </image>
  <image id="240" name="patch_images/2021.01.12/LBC236-20210107(1)/LBC236-20210107(1)_1543.png" width="2048" height="2048">
  </image>
  <image id="239" name="patch_images/2021.01.12/LBC236-20210107(1)/LBC236-20210107(1)_1541.png" width="2048" height="2048">
  </image>
  <image id="238" name="patch_images/2021.01.12/LBC236-20210107(1)/LBC236-20210107(1)_1538.png" width="2048" height="2048">
  </image>
  <image id="237" name="patch_images/2021.01.12/LBC236-20210107(1)/LBC236-20210107(1)_1537.png" width="2048" height="2048">
  </image>
  <image id="236" name="patch_images/2021.01.12/LBC236-20210107(1)/LBC236-20210107(1)_1534.png" width="2048" height="2048">
  </image>
  <image id="235" name="patch_images/2021.01.12/LBC236-20210107(1)/LBC236-20210107(1)_1533.png" width="2048" height="2048">
  </image>
  <image id="234" name="patch_images/2021.01.12/LBC236-20210107(1)/LBC236-20210107(1)_1532.png" width="2048" height="2048">
  </image>
  <image id="233" name="patch_images/2021.01.12/LBC236-20210107(1)/LBC236-20210107(1)_1530.png" width="2048" height="2048">
  </image>
  <image id="232" name="patch_images/2021.01.12/LBC236-20210107(1)/LBC236-20210107(1)_1527.png" width="2048" height="2048">
  </image>
  <image id="231" name="patch_images/2021.01.12/LBC236-20210107(1)/LBC236-20210107(1)_1526.png" width="2048" height="2048">
  </image>
  <image id="230" name="patch_images/2021.01.12/LBC236-20210107(1)/LBC236-20210107(1)_1522.png" width="2048" height="2048">
  </image>
  <image id="229" name="patch_images/2021.01.12/LBC236-20210107(1)/LBC236-20210107(1)_1521.png" width="2048" height="2048">
  </image>
  <image id="228" name="patch_images/2021.01.12/LBC236-20210107(1)/LBC236-20210107(1)_1520.png" width="2048" height="2048">
  </image>
  <image id="227" name="patch_images/2021.01.12/LBC236-20210107(1)/LBC236-20210107(1)_1519.png" width="2048" height="2048">
  </image>
  <image id="226" name="patch_images/2021.01.12/LBC236-20210107(1)/LBC236-20210107(1)_1518.png" width="2048" height="2048">
  </image>
  <image id="225" name="patch_images/2021.01.12/LBC236-20210107(1)/LBC236-20210107(1)_1517.png" width="2048" height="2048">
  </image>
  <image id="224" name="patch_images/2021.01.12/LBC236-20210107(1)/LBC236-20210107(1)_1516.png" width="2048" height="2048">
  </image>
  <image id="223" name="patch_images/2021.01.12/LBC236-20210107(1)/LBC236-20210107(1)_1515.png" width="2048" height="2048">
  </image>
  <image id="222" name="patch_images/2021.01.12/LBC236-20210107(1)/LBC236-20210107(1)_1514.png" width="2048" height="2048">
  </image>
  <image id="221" name="patch_images/2021.01.12/LBC236-20210107(1)/LBC236-20210107(1)_1513.png" width="2048" height="2048">
  </image>
  <image id="220" name="patch_images/2021.01.12/LBC236-20210107(1)/LBC236-20210107(1)_1512.png" width="2048" height="2048">
  </image>
  <image id="219" name="patch_images/2021.01.12/LBC236-20210107(1)/LBC236-20210107(1)_1511.png" width="2048" height="2048">
  </image>
  <image id="218" name="patch_images/2021.01.12/LBC236-20210107(1)/LBC236-20210107(1)_1510.png" width="2048" height="2048">
  </image>
  <image id="217" name="patch_images/2021.01.12/LBC236-20210107(1)/LBC236-20210107(1)_1509.png" width="2048" height="2048">
  </image>
  <image id="216" name="patch_images/2021.01.12/LBC236-20210107(1)/LBC236-20210107(1)_1508.png" width="2048" height="2048">
  </image>
  <image id="215" name="patch_images/2021.01.12/LBC236-20210107(1)/LBC236-20210107(1)_1498.png" width="2048" height="2048">
  </image>
  <image id="214" name="patch_images/2021.01.12/LBC236-20210107(1)/LBC236-20210107(1)_1497.png" width="2048" height="2048">
  </image>
  <image id="213" name="patch_images/2021.01.12/LBC236-20210107(1)/LBC236-20210107(1)_1496.png" width="2048" height="2048">
  </image>
  <image id="212" name="patch_images/2021.01.12/LBC236-20210107(1)/LBC236-20210107(1)_1495.png" width="2048" height="2048">
  </image>
  <image id="211" name="patch_images/2021.01.12/LBC236-20210107(1)/LBC236-20210107(1)_1494.png" width="2048" height="2048">
  </image>
  <image id="210" name="patch_images/2021.01.12/LBC236-20210107(1)/LBC236-20210107(1)_1493.png" width="2048" height="2048">
  </image>
  <image id="209" name="patch_images/2021.01.12/LBC236-20210107(1)/LBC236-20210107(1)_1492.png" width="2048" height="2048">
  </image>
  <image id="208" name="patch_images/2021.01.12/LBC236-20210107(1)/LBC236-20210107(1)_1491.png" width="2048" height="2048">
  </image>
  <image id="207" name="patch_images/2021.01.12/LBC236-20210107(1)/LBC236-20210107(1)_1490.png" width="2048" height="2048">
  </image>
  <image id="206" name="patch_images/2021.01.12/LBC236-20210107(1)/LBC236-20210107(1)_1489.png" width="2048" height="2048">
  </image>
  <image id="205" name="patch_images/2021.01.12/LBC236-20210107(1)/LBC236-20210107(1)_1488.png" width="2048" height="2048">
  </image>
  <image id="204" name="patch_images/2021.01.12/LBC236-20210107(1)/LBC236-20210107(1)_1487.png" width="2048" height="2048">
  </image>
  <image id="203" name="patch_images/2021.01.12/LBC236-20210107(1)/LBC236-20210107(1)_1485.png" width="2048" height="2048">
  </image>
  <image id="202" name="patch_images/2021.01.12/LBC236-20210107(1)/LBC236-20210107(1)_1483.png" width="2048" height="2048">
  </image>
  <image id="201" name="patch_images/2021.01.12/LBC236-20210107(1)/LBC236-20210107(1)_1481.png" width="2048" height="2048">
  </image>
  <image id="200" name="patch_images/2021.01.12/LBC236-20210107(1)/LBC236-20210107(1)_1472.png" width="2048" height="2048">
  </image>
  <image id="199" name="patch_images/2021.01.12/LBC236-20210107(1)/LBC236-20210107(1)_1471.png" width="2048" height="2048">
  </image>
  <image id="198" name="patch_images/2021.01.12/LBC236-20210107(1)/LBC236-20210107(1)_1470.png" width="2048" height="2048">
  </image>
  <image id="197" name="patch_images/2021.01.12/LBC236-20210107(1)/LBC236-20210107(1)_1468.png" width="2048" height="2048">
  </image>
  <image id="196" name="patch_images/2021.01.12/LBC236-20210107(1)/LBC236-20210107(1)_1467.png" width="2048" height="2048">
  </image>
  <image id="195" name="patch_images/2021.01.12/LBC236-20210107(1)/LBC236-20210107(1)_1466.png" width="2048" height="2048">
  </image>
  <image id="194" name="patch_images/2021.01.12/LBC236-20210107(1)/LBC236-20210107(1)_1465.png" width="2048" height="2048">
  </image>
  <image id="193" name="patch_images/2021.01.12/LBC236-20210107(1)/LBC236-20210107(1)_1464.png" width="2048" height="2048">
  </image>
  <image id="192" name="patch_images/2021.01.12/LBC236-20210107(1)/LBC236-20210107(1)_1463.png" width="2048" height="2048">
  </image>
  <image id="191" name="patch_images/2021.01.12/LBC236-20210107(1)/LBC236-20210107(1)_1462.png" width="2048" height="2048">
  </image>
  <image id="190" name="patch_images/2021.01.12/LBC236-20210107(1)/LBC236-20210107(1)_1461.png" width="2048" height="2048">
  </image>
  <image id="189" name="patch_images/2021.01.12/LBC236-20210107(1)/LBC236-20210107(1)_1460.png" width="2048" height="2048">
  </image>
  <image id="188" name="patch_images/2021.01.12/LBC236-20210107(1)/LBC236-20210107(1)_146.png" width="2048" height="2048">
  </image>
  <image id="187" name="patch_images/2021.01.12/LBC236-20210107(1)/LBC236-20210107(1)_1459.png" width="2048" height="2048">
  </image>
  <image id="186" name="patch_images/2021.01.12/LBC236-20210107(1)/LBC236-20210107(1)_1448.png" width="2048" height="2048">
  </image>
  <image id="185" name="patch_images/2021.01.12/LBC236-20210107(1)/LBC236-20210107(1)_1447.png" width="2048" height="2048">
  </image>
  <image id="184" name="patch_images/2021.01.12/LBC236-20210107(1)/LBC236-20210107(1)_1446.png" width="2048" height="2048">
  </image>
  <image id="183" name="patch_images/2021.01.12/LBC236-20210107(1)/LBC236-20210107(1)_1443.png" width="2048" height="2048">
  </image>
  <image id="182" name="patch_images/2021.01.12/LBC236-20210107(1)/LBC236-20210107(1)_1442.png" width="2048" height="2048">
  </image>
  <image id="181" name="patch_images/2021.01.12/LBC236-20210107(1)/LBC236-20210107(1)_1441.png" width="2048" height="2048">
  </image>
  <image id="180" name="patch_images/2021.01.12/LBC236-20210107(1)/LBC236-20210107(1)_1440.png" width="2048" height="2048">
  </image>
  <image id="179" name="patch_images/2021.01.12/LBC236-20210107(1)/LBC236-20210107(1)_1439.png" width="2048" height="2048">
  </image>
  <image id="178" name="patch_images/2021.01.12/LBC236-20210107(1)/LBC236-20210107(1)_1438.png" width="2048" height="2048">
  </image>
  <image id="177" name="patch_images/2021.01.12/LBC236-20210107(1)/LBC236-20210107(1)_1436.png" width="2048" height="2048">
  </image>
  <image id="176" name="patch_images/2021.01.12/LBC236-20210107(1)/LBC236-20210107(1)_1433.png" width="2048" height="2048">
  </image>
  <image id="175" name="patch_images/2021.01.12/LBC236-20210107(1)/LBC236-20210107(1)_1430.png" width="2048" height="2048">
  </image>
  <image id="174" name="patch_images/2021.01.12/LBC236-20210107(1)/LBC236-20210107(1)_1429.png" width="2048" height="2048">
  </image>
  <image id="173" name="patch_images/2021.01.12/LBC236-20210107(1)/LBC236-20210107(1)_1428.png" width="2048" height="2048">
  </image>
  <image id="172" name="patch_images/2021.01.12/LBC236-20210107(1)/LBC236-20210107(1)_1426.png" width="2048" height="2048">
  </image>
  <image id="171" name="patch_images/2021.01.12/LBC236-20210107(1)/LBC236-20210107(1)_1425.png" width="2048" height="2048">
  </image>
  <image id="170" name="patch_images/2021.01.12/LBC236-20210107(1)/LBC236-20210107(1)_1422.png" width="2048" height="2048">
  </image>
  <image id="169" name="patch_images/2021.01.12/LBC236-20210107(1)/LBC236-20210107(1)_1421.png" width="2048" height="2048">
  </image>
  <image id="168" name="patch_images/2021.01.12/LBC236-20210107(1)/LBC236-20210107(1)_1420.png" width="2048" height="2048">
  </image>
  <image id="167" name="patch_images/2021.01.12/LBC236-20210107(1)/LBC236-20210107(1)_1419.png" width="2048" height="2048">
  </image>
  <image id="166" name="patch_images/2021.01.12/LBC236-20210107(1)/LBC236-20210107(1)_1418.png" width="2048" height="2048">
  </image>
  <image id="165" name="patch_images/2021.01.12/LBC236-20210107(1)/LBC236-20210107(1)_1417.png" width="2048" height="2048">
  </image>
  <image id="164" name="patch_images/2021.01.12/LBC236-20210107(1)/LBC236-20210107(1)_1414.png" width="2048" height="2048">
  </image>
  <image id="163" name="patch_images/2021.01.12/LBC236-20210107(1)/LBC236-20210107(1)_1413.png" width="2048" height="2048">
  </image>
  <image id="162" name="patch_images/2021.01.12/LBC236-20210107(1)/LBC236-20210107(1)_1412.png" width="2048" height="2048">
  </image>
  <image id="161" name="patch_images/2021.01.12/LBC236-20210107(1)/LBC236-20210107(1)_1411.png" width="2048" height="2048">
  </image>
  <image id="160" name="patch_images/2021.01.12/LBC236-20210107(1)/LBC236-20210107(1)_1398.png" width="2048" height="2048">
  </image>
  <image id="159" name="patch_images/2021.01.12/LBC236-20210107(1)/LBC236-20210107(1)_1397.png" width="2048" height="2048">
  </image>
  <image id="158" name="patch_images/2021.01.12/LBC236-20210107(1)/LBC236-20210107(1)_1396.png" width="2048" height="2048">
  </image>
  <image id="157" name="patch_images/2021.01.12/LBC236-20210107(1)/LBC236-20210107(1)_1395.png" width="2048" height="2048">
  </image>
  <image id="156" name="patch_images/2021.01.12/LBC236-20210107(1)/LBC236-20210107(1)_1394.png" width="2048" height="2048">
  </image>
  <image id="155" name="patch_images/2021.01.12/LBC236-20210107(1)/LBC236-20210107(1)_1393.png" width="2048" height="2048">
  </image>
  <image id="154" name="patch_images/2021.01.12/LBC236-20210107(1)/LBC236-20210107(1)_1392.png" width="2048" height="2048">
  </image>
  <image id="153" name="patch_images/2021.01.12/LBC236-20210107(1)/LBC236-20210107(1)_1391.png" width="2048" height="2048">
  </image>
  <image id="152" name="patch_images/2021.01.12/LBC236-20210107(1)/LBC236-20210107(1)_1390.png" width="2048" height="2048">
  </image>
  <image id="151" name="patch_images/2021.01.12/LBC236-20210107(1)/LBC236-20210107(1)_1388.png" width="2048" height="2048">
  </image>
  <image id="150" name="patch_images/2021.01.12/LBC236-20210107(1)/LBC236-20210107(1)_1387.png" width="2048" height="2048">
  </image>
  <image id="149" name="patch_images/2021.01.12/LBC236-20210107(1)/LBC236-20210107(1)_1386.png" width="2048" height="2048">
  </image>
  <image id="148" name="patch_images/2021.01.12/LBC236-20210107(1)/LBC236-20210107(1)_1385.png" width="2048" height="2048">
  </image>
  <image id="147" name="patch_images/2021.01.12/LBC236-20210107(1)/LBC236-20210107(1)_1383.png" width="2048" height="2048">
  </image>
  <image id="146" name="patch_images/2021.01.12/LBC236-20210107(1)/LBC236-20210107(1)_1382.png" width="2048" height="2048">
  </image>
  <image id="145" name="patch_images/2021.01.12/LBC236-20210107(1)/LBC236-20210107(1)_1381.png" width="2048" height="2048">
  </image>
  <image id="144" name="patch_images/2021.01.12/LBC236-20210107(1)/LBC236-20210107(1)_1379.png" width="2048" height="2048">
  </image>
  <image id="143" name="patch_images/2021.01.12/LBC236-20210107(1)/LBC236-20210107(1)_1373.png" width="2048" height="2048">
  </image>
  <image id="142" name="patch_images/2021.01.12/LBC236-20210107(1)/LBC236-20210107(1)_1372.png" width="2048" height="2048">
  </image>
  <image id="141" name="patch_images/2021.01.12/LBC236-20210107(1)/LBC236-20210107(1)_1371.png" width="2048" height="2048">
  </image>
  <image id="140" name="patch_images/2021.01.12/LBC236-20210107(1)/LBC236-20210107(1)_1370.png" width="2048" height="2048">
  </image>
  <image id="139" name="patch_images/2021.01.12/LBC236-20210107(1)/LBC236-20210107(1)_1369.png" width="2048" height="2048">
  </image>
  <image id="138" name="patch_images/2021.01.12/LBC236-20210107(1)/LBC236-20210107(1)_1368.png" width="2048" height="2048">
  </image>
  <image id="137" name="patch_images/2021.01.12/LBC236-20210107(1)/LBC236-20210107(1)_1367.png" width="2048" height="2048">
  </image>
  <image id="136" name="patch_images/2021.01.12/LBC236-20210107(1)/LBC236-20210107(1)_1366.png" width="2048" height="2048">
  </image>
  <image id="135" name="patch_images/2021.01.12/LBC236-20210107(1)/LBC236-20210107(1)_1365.png" width="2048" height="2048">
  </image>
  <image id="134" name="patch_images/2021.01.12/LBC236-20210107(1)/LBC236-20210107(1)_1364.png" width="2048" height="2048">
  </image>
  <image id="133" name="patch_images/2021.01.12/LBC236-20210107(1)/LBC236-20210107(1)_1348.png" width="2048" height="2048">
  </image>
  <image id="132" name="patch_images/2021.01.12/LBC236-20210107(1)/LBC236-20210107(1)_1347.png" width="2048" height="2048">
  </image>
  <image id="131" name="patch_images/2021.01.12/LBC236-20210107(1)/LBC236-20210107(1)_1346.png" width="2048" height="2048">
  </image>
  <image id="130" name="patch_images/2021.01.12/LBC236-20210107(1)/LBC236-20210107(1)_1344.png" width="2048" height="2048">
  </image>
  <image id="129" name="patch_images/2021.01.12/LBC236-20210107(1)/LBC236-20210107(1)_1340.png" width="2048" height="2048">
  </image>
  <image id="128" name="patch_images/2021.01.12/LBC236-20210107(1)/LBC236-20210107(1)_1339.png" width="2048" height="2048">
  </image>
  <image id="127" name="patch_images/2021.01.12/LBC236-20210107(1)/LBC236-20210107(1)_1338.png" width="2048" height="2048">
  </image>
  <image id="126" name="patch_images/2021.01.12/LBC236-20210107(1)/LBC236-20210107(1)_1337.png" width="2048" height="2048">
  </image>
  <image id="125" name="patch_images/2021.01.12/LBC236-20210107(1)/LBC236-20210107(1)_1336.png" width="2048" height="2048">
  </image>
  <image id="124" name="patch_images/2021.01.12/LBC236-20210107(1)/LBC236-20210107(1)_1335.png" width="2048" height="2048">
  </image>
  <image id="123" name="patch_images/2021.01.12/LBC236-20210107(1)/LBC236-20210107(1)_1331.png" width="2048" height="2048">
  </image>
  <image id="122" name="patch_images/2021.01.12/LBC236-20210107(1)/LBC236-20210107(1)_1330.png" width="2048" height="2048">
  </image>
  <image id="121" name="patch_images/2021.01.12/LBC236-20210107(1)/LBC236-20210107(1)_1326.png" width="2048" height="2048">
  </image>
  <image id="120" name="patch_images/2021.01.12/LBC236-20210107(1)/LBC236-20210107(1)_1324.png" width="2048" height="2048">
  </image>
  <image id="119" name="patch_images/2021.01.12/LBC236-20210107(1)/LBC236-20210107(1)_1320.png" width="2048" height="2048">
    <box label="ASC-US" occluded="0" source="manual" xtl="1006.84" ytl="1072.32" xbr="1190.17" ybr="1268.74" z_order="0">
      <attribute name="Description">Atypical squamous cells of undetermined significance</attribute>
    </box>
  </image>
  <image id="118" name="patch_images/2021.01.12/LBC236-20210107(1)/LBC236-20210107(1)_1317.png" width="2048" height="2048">
  </image>
  <image id="117" name="patch_images/2021.01.12/LBC236-20210107(1)/LBC236-20210107(1)_1315.png" width="2048" height="2048">
  </image>
  <image id="116" name="patch_images/2021.01.12/LBC236-20210107(1)/LBC236-20210107(1)_1313.png" width="2048" height="2048">
  </image>
  <image id="115" name="patch_images/2021.01.12/LBC236-20210107(1)/LBC236-20210107(1)_1308.png" width="2048" height="2048">
  </image>
  <image id="114" name="patch_images/2021.01.12/LBC236-20210107(1)/LBC236-20210107(1)_1307.png" width="2048" height="2048">
  </image>
  <image id="113" name="patch_images/2021.01.12/LBC236-20210107(1)/LBC236-20210107(1)_1298.png" width="2048" height="2048">
  </image>
  <image id="112" name="patch_images/2021.01.12/LBC236-20210107(1)/LBC236-20210107(1)_1297.png" width="2048" height="2048">
  </image>
  <image id="111" name="patch_images/2021.01.12/LBC236-20210107(1)/LBC236-20210107(1)_1296.png" width="2048" height="2048">
  </image>
  <image id="110" name="patch_images/2021.01.12/LBC236-20210107(1)/LBC236-20210107(1)_1295.png" width="2048" height="2048">
  </image>
  <image id="109" name="patch_images/2021.01.12/LBC236-20210107(1)/LBC236-20210107(1)_1294.png" width="2048" height="2048">
  </image>
  <image id="108" name="patch_images/2021.01.12/LBC236-20210107(1)/LBC236-20210107(1)_1290.png" width="2048" height="2048">
  </image>
  <image id="107" name="patch_images/2021.01.12/LBC236-20210107(1)/LBC236-20210107(1)_129.png" width="2048" height="2048">
  </image>
  <image id="106" name="patch_images/2021.01.12/LBC236-20210107(1)/LBC236-20210107(1)_1289.png" width="2048" height="2048">
  </image>
  <image id="105" name="patch_images/2021.01.12/LBC236-20210107(1)/LBC236-20210107(1)_1288.png" width="2048" height="2048">
  </image>
  <image id="104" name="patch_images/2021.01.12/LBC236-20210107(1)/LBC236-20210107(1)_1287.png" width="2048" height="2048">
  </image>
  <image id="103" name="patch_images/2021.01.12/LBC236-20210107(1)/LBC236-20210107(1)_1286.png" width="2048" height="2048">
  </image>
  <image id="102" name="patch_images/2021.01.12/LBC236-20210107(1)/LBC236-20210107(1)_1285.png" width="2048" height="2048">
  </image>
  <image id="101" name="patch_images/2021.01.12/LBC236-20210107(1)/LBC236-20210107(1)_1283.png" width="2048" height="2048">
  </image>
  <image id="100" name="patch_images/2021.01.12/LBC236-20210107(1)/LBC236-20210107(1)_1281.png" width="2048" height="2048">
  </image>
  <image id="99" name="patch_images/2021.01.12/LBC236-20210107(1)/LBC236-20210107(1)_1280.png" width="2048" height="2048">
  </image>
  <image id="98" name="patch_images/2021.01.12/LBC236-20210107(1)/LBC236-20210107(1)_128.png" width="2048" height="2048">
  </image>
  <image id="97" name="patch_images/2021.01.12/LBC236-20210107(1)/LBC236-20210107(1)_1277.png" width="2048" height="2048">
  </image>
  <image id="96" name="patch_images/2021.01.12/LBC236-20210107(1)/LBC236-20210107(1)_1270.png" width="2048" height="2048">
  </image>
  <image id="95" name="patch_images/2021.01.12/LBC236-20210107(1)/LBC236-20210107(1)_1269.png" width="2048" height="2048">
  </image>
  <image id="94" name="patch_images/2021.01.12/LBC236-20210107(1)/LBC236-20210107(1)_1267.png" width="2048" height="2048">
  </image>
  <image id="93" name="patch_images/2021.01.12/LBC236-20210107(1)/LBC236-20210107(1)_1266.png" width="2048" height="2048">
  </image>
  <image id="92" name="patch_images/2021.01.12/LBC236-20210107(1)/LBC236-20210107(1)_1265.png" width="2048" height="2048">
  </image>
  <image id="91" name="patch_images/2021.01.12/LBC236-20210107(1)/LBC236-20210107(1)_1260.png" width="2048" height="2048">
  </image>
  <image id="90" name="patch_images/2021.01.12/LBC236-20210107(1)/LBC236-20210107(1)_1258.png" width="2048" height="2048">
  </image>
  <image id="89" name="patch_images/2021.01.12/LBC236-20210107(1)/LBC236-20210107(1)_1248.png" width="2048" height="2048">
  </image>
  <image id="88" name="patch_images/2021.01.12/LBC236-20210107(1)/LBC236-20210107(1)_1247.png" width="2048" height="2048">
  </image>
  <image id="87" name="patch_images/2021.01.12/LBC236-20210107(1)/LBC236-20210107(1)_1246.png" width="2048" height="2048">
  </image>
  <image id="86" name="patch_images/2021.01.12/LBC236-20210107(1)/LBC236-20210107(1)_1242.png" width="2048" height="2048">
  </image>
  <image id="85" name="patch_images/2021.01.12/LBC236-20210107(1)/LBC236-20210107(1)_1240.png" width="2048" height="2048">
  </image>
  <image id="84" name="patch_images/2021.01.12/LBC236-20210107(1)/LBC236-20210107(1)_1239.png" width="2048" height="2048">
  </image>
  <image id="83" name="patch_images/2021.01.12/LBC236-20210107(1)/LBC236-20210107(1)_1238.png" width="2048" height="2048">
  </image>
  <image id="82" name="patch_images/2021.01.12/LBC236-20210107(1)/LBC236-20210107(1)_1237.png" width="2048" height="2048">
  </image>
  <image id="81" name="patch_images/2021.01.12/LBC236-20210107(1)/LBC236-20210107(1)_1236.png" width="2048" height="2048">
  </image>
  <image id="80" name="patch_images/2021.01.12/LBC236-20210107(1)/LBC236-20210107(1)_1235.png" width="2048" height="2048">
  </image>
  <image id="79" name="patch_images/2021.01.12/LBC236-20210107(1)/LBC236-20210107(1)_1234.png" width="2048" height="2048">
  </image>
  <image id="78" name="patch_images/2021.01.12/LBC236-20210107(1)/LBC236-20210107(1)_1230.png" width="2048" height="2048">
  </image>
  <image id="77" name="patch_images/2021.01.12/LBC236-20210107(1)/LBC236-20210107(1)_123.png" width="2048" height="2048">
  </image>
  <image id="76" name="patch_images/2021.01.12/LBC236-20210107(1)/LBC236-20210107(1)_1227.png" width="2048" height="2048">
  </image>
  <image id="75" name="patch_images/2021.01.12/LBC236-20210107(1)/LBC236-20210107(1)_1225.png" width="2048" height="2048">
  </image>
  <image id="74" name="patch_images/2021.01.12/LBC236-20210107(1)/LBC236-20210107(1)_1219.png" width="2048" height="2048">
  </image>
  <image id="73" name="patch_images/2021.01.12/LBC236-20210107(1)/LBC236-20210107(1)_1218.png" width="2048" height="2048">
  </image>
  <image id="72" name="patch_images/2021.01.12/LBC236-20210107(1)/LBC236-20210107(1)_1215.png" width="2048" height="2048">
  </image>
  <image id="71" name="patch_images/2021.01.12/LBC236-20210107(1)/LBC236-20210107(1)_1214.png" width="2048" height="2048">
  </image>
  <image id="70" name="patch_images/2021.01.12/LBC236-20210107(1)/LBC236-20210107(1)_1213.png" width="2048" height="2048">
  </image>
  <image id="69" name="patch_images/2021.01.12/LBC236-20210107(1)/LBC236-20210107(1)_1210.png" width="2048" height="2048">
  </image>
  <image id="68" name="patch_images/2021.01.12/LBC236-20210107(1)/LBC236-20210107(1)_1207.png" width="2048" height="2048">
  </image>
  <image id="67" name="patch_images/2021.01.12/LBC236-20210107(1)/LBC236-20210107(1)_1198.png" width="2048" height="2048">
  </image>
  <image id="66" name="patch_images/2021.01.12/LBC236-20210107(1)/LBC236-20210107(1)_1196.png" width="2048" height="2048">
  </image>
  <image id="65" name="patch_images/2021.01.12/LBC236-20210107(1)/LBC236-20210107(1)_1191.png" width="2048" height="2048">
  </image>
  <image id="64" name="patch_images/2021.01.12/LBC236-20210107(1)/LBC236-20210107(1)_1190.png" width="2048" height="2048">
  </image>
  <image id="63" name="patch_images/2021.01.12/LBC236-20210107(1)/LBC236-20210107(1)_1189.png" width="2048" height="2048">
  </image>
  <image id="62" name="patch_images/2021.01.12/LBC236-20210107(1)/LBC236-20210107(1)_1188.png" width="2048" height="2048">
  </image>
  <image id="61" name="patch_images/2021.01.12/LBC236-20210107(1)/LBC236-20210107(1)_1187.png" width="2048" height="2048">
  </image>
  <image id="60" name="patch_images/2021.01.12/LBC236-20210107(1)/LBC236-20210107(1)_1186.png" width="2048" height="2048">
  </image>
  <image id="59" name="patch_images/2021.01.12/LBC236-20210107(1)/LBC236-20210107(1)_1185.png" width="2048" height="2048">
  </image>
  <image id="58" name="patch_images/2021.01.12/LBC236-20210107(1)/LBC236-20210107(1)_1184.png" width="2048" height="2048">
  </image>
  <image id="57" name="patch_images/2021.01.12/LBC236-20210107(1)/LBC236-20210107(1)_1183.png" width="2048" height="2048">
  </image>
  <image id="56" name="patch_images/2021.01.12/LBC236-20210107(1)/LBC236-20210107(1)_1180.png" width="2048" height="2048">
  </image>
  <image id="55" name="patch_images/2021.01.12/LBC236-20210107(1)/LBC236-20210107(1)_1175.png" width="2048" height="2048">
  </image>
  <image id="54" name="patch_images/2021.01.12/LBC236-20210107(1)/LBC236-20210107(1)_1174.png" width="2048" height="2048">
  </image>
  <image id="53" name="patch_images/2021.01.12/LBC236-20210107(1)/LBC236-20210107(1)_1173.png" width="2048" height="2048">
  </image>
  <image id="52" name="patch_images/2021.01.12/LBC236-20210107(1)/LBC236-20210107(1)_1163.png" width="2048" height="2048">
  </image>
  <image id="51" name="patch_images/2021.01.12/LBC236-20210107(1)/LBC236-20210107(1)_1162.png" width="2048" height="2048">
  </image>
  <image id="50" name="patch_images/2021.01.12/LBC236-20210107(1)/LBC236-20210107(1)_1159.png" width="2048" height="2048">
  </image>
  <image id="49" name="patch_images/2021.01.12/LBC236-20210107(1)/LBC236-20210107(1)_1157.png" width="2048" height="2048">
  </image>
  <image id="48" name="patch_images/2021.01.12/LBC236-20210107(1)/LBC236-20210107(1)_1148.png" width="2048" height="2048">
  </image>
  <image id="47" name="patch_images/2021.01.12/LBC236-20210107(1)/LBC236-20210107(1)_1147.png" width="2048" height="2048">
  </image>
  <image id="46" name="patch_images/2021.01.12/LBC236-20210107(1)/LBC236-20210107(1)_1146.png" width="2048" height="2048">
  </image>
  <image id="45" name="patch_images/2021.01.12/LBC236-20210107(1)/LBC236-20210107(1)_1145.png" width="2048" height="2048">
  </image>
  <image id="44" name="patch_images/2021.01.12/LBC236-20210107(1)/LBC236-20210107(1)_1140.png" width="2048" height="2048">
  </image>
  <image id="43" name="patch_images/2021.01.12/LBC236-20210107(1)/LBC236-20210107(1)_1139.png" width="2048" height="2048">
  </image>
  <image id="42" name="patch_images/2021.01.12/LBC236-20210107(1)/LBC236-20210107(1)_1138.png" width="2048" height="2048">
  </image>
  <image id="492" name="patch_images/2021.01.12/LBC236-20210107(1)/LBC236-20210107(1)_382.png" width="2048" height="2048">
  </image>
  <image id="491" name="patch_images/2021.01.12/LBC236-20210107(1)/LBC236-20210107(1)_378.png" width="2048" height="2048">
  </image>
  <image id="490" name="patch_images/2021.01.12/LBC236-20210107(1)/LBC236-20210107(1)_376.png" width="2048" height="2048">
  </image>
  <image id="489" name="patch_images/2021.01.12/LBC236-20210107(1)/LBC236-20210107(1)_368.png" width="2048" height="2048">
  </image>
  <image id="488" name="patch_images/2021.01.12/LBC236-20210107(1)/LBC236-20210107(1)_364.png" width="2048" height="2048">
  </image>
  <image id="487" name="patch_images/2021.01.12/LBC236-20210107(1)/LBC236-20210107(1)_348.png" width="2048" height="2048">
  </image>
  <image id="486" name="patch_images/2021.01.12/LBC236-20210107(1)/LBC236-20210107(1)_346.png" width="2048" height="2048">
  </image>
  <image id="485" name="patch_images/2021.01.12/LBC236-20210107(1)/LBC236-20210107(1)_332.png" width="2048" height="2048">
  </image>
  <image id="484" name="patch_images/2021.01.12/LBC236-20210107(1)/LBC236-20210107(1)_326.png" width="2048" height="2048">
  </image>
  <image id="483" name="patch_images/2021.01.12/LBC236-20210107(1)/LBC236-20210107(1)_323.png" width="2048" height="2048">
  </image>
  <image id="482" name="patch_images/2021.01.12/LBC236-20210107(1)/LBC236-20210107(1)_320.png" width="2048" height="2048">
  </image>
  <image id="481" name="patch_images/2021.01.12/LBC236-20210107(1)/LBC236-20210107(1)_298.png" width="2048" height="2048">
  </image>
  <image id="480" name="patch_images/2021.01.12/LBC236-20210107(1)/LBC236-20210107(1)_297.png" width="2048" height="2048">
  </image>
  <image id="479" name="patch_images/2021.01.12/LBC236-20210107(1)/LBC236-20210107(1)_296.png" width="2048" height="2048">
  </image>
  <image id="478" name="patch_images/2021.01.12/LBC236-20210107(1)/LBC236-20210107(1)_287.png" width="2048" height="2048">
  </image>
  <image id="477" name="patch_images/2021.01.12/LBC236-20210107(1)/LBC236-20210107(1)_285.png" width="2048" height="2048">
  </image>
  <image id="476" name="patch_images/2021.01.12/LBC236-20210107(1)/LBC236-20210107(1)_281.png" width="2048" height="2048">
  </image>
  <image id="475" name="patch_images/2021.01.12/LBC236-20210107(1)/LBC236-20210107(1)_279.png" width="2048" height="2048">
  </image>
  <image id="474" name="patch_images/2021.01.12/LBC236-20210107(1)/LBC236-20210107(1)_277.png" width="2048" height="2048">
  </image>
  <image id="473" name="patch_images/2021.01.12/LBC236-20210107(1)/LBC236-20210107(1)_248.png" width="2048" height="2048">
  </image>
  <image id="472" name="patch_images/2021.01.12/LBC236-20210107(1)/LBC236-20210107(1)_247.png" width="2048" height="2048">
  </image>
  <image id="471" name="patch_images/2021.01.12/LBC236-20210107(1)/LBC236-20210107(1)_246.png" width="2048" height="2048">
  </image>
  <image id="470" name="patch_images/2021.01.12/LBC236-20210107(1)/LBC236-20210107(1)_234.png" width="2048" height="2048">
  </image>
  <image id="469" name="patch_images/2021.01.12/LBC236-20210107(1)/LBC236-20210107(1)_231.png" width="2048" height="2048">
  </image>
  <image id="468" name="patch_images/2021.01.12/LBC236-20210107(1)/LBC236-20210107(1)_227.png" width="2048" height="2048">
  </image>
  <image id="467" name="patch_images/2021.01.12/LBC236-20210107(1)/LBC236-20210107(1)_2248.png" width="2048" height="2048">
  </image>
  <image id="466" name="patch_images/2021.01.12/LBC236-20210107(1)/LBC236-20210107(1)_2247.png" width="2048" height="2048">
  </image>
  <image id="465" name="patch_images/2021.01.12/LBC236-20210107(1)/LBC236-20210107(1)_2246.png" width="2048" height="2048">
  </image>
  <image id="464" name="patch_images/2021.01.12/LBC236-20210107(1)/LBC236-20210107(1)_2245.png" width="2048" height="2048">
  </image>
  <image id="463" name="patch_images/2021.01.12/LBC236-20210107(1)/LBC236-20210107(1)_224.png" width="2048" height="2048">
  </image>
  <image id="462" name="patch_images/2021.01.12/LBC236-20210107(1)/LBC236-20210107(1)_2198.png" width="2048" height="2048">
  </image>
  <image id="461" name="patch_images/2021.01.12/LBC236-20210107(1)/LBC236-20210107(1)_2197.png" width="2048" height="2048">
  </image>
  <image id="460" name="patch_images/2021.01.12/LBC236-20210107(1)/LBC236-20210107(1)_2196.png" width="2048" height="2048">
  </image>
  <image id="459" name="patch_images/2021.01.12/LBC236-20210107(1)/LBC236-20210107(1)_2195.png" width="2048" height="2048">
  </image>
  <image id="458" name="patch_images/2021.01.12/LBC236-20210107(1)/LBC236-20210107(1)_2181.png" width="2048" height="2048">
  </image>
  <image id="457" name="patch_images/2021.01.12/LBC236-20210107(1)/LBC236-20210107(1)_2180.png" width="2048" height="2048">
  </image>
  <image id="456" name="patch_images/2021.01.12/LBC236-20210107(1)/LBC236-20210107(1)_2179.png" width="2048" height="2048">
  </image>
  <image id="455" name="patch_images/2021.01.12/LBC236-20210107(1)/LBC236-20210107(1)_2178.png" width="2048" height="2048">
  </image>
  <image id="454" name="patch_images/2021.01.12/LBC236-20210107(1)/LBC236-20210107(1)_2148.png" width="2048" height="2048">
  </image>
  <image id="453" name="patch_images/2021.01.12/LBC236-20210107(1)/LBC236-20210107(1)_2147.png" width="2048" height="2048">
  </image>
  <image id="452" name="patch_images/2021.01.12/LBC236-20210107(1)/LBC236-20210107(1)_2146.png" width="2048" height="2048">
  </image>
  <image id="451" name="patch_images/2021.01.12/LBC236-20210107(1)/LBC236-20210107(1)_2145.png" width="2048" height="2048">
  </image>
  <image id="450" name="patch_images/2021.01.12/LBC236-20210107(1)/LBC236-20210107(1)_2133.png" width="2048" height="2048">
  </image>
  <image id="449" name="patch_images/2021.01.12/LBC236-20210107(1)/LBC236-20210107(1)_2132.png" width="2048" height="2048">
  </image>
  <image id="448" name="patch_images/2021.01.12/LBC236-20210107(1)/LBC236-20210107(1)_2131.png" width="2048" height="2048">
  </image>
  <image id="447" name="patch_images/2021.01.12/LBC236-20210107(1)/LBC236-20210107(1)_2130.png" width="2048" height="2048">
  </image>
  <image id="446" name="patch_images/2021.01.12/LBC236-20210107(1)/LBC236-20210107(1)_2129.png" width="2048" height="2048">
  </image>
  <image id="445" name="patch_images/2021.01.12/LBC236-20210107(1)/LBC236-20210107(1)_2128.png" width="2048" height="2048">
  </image>
  <image id="444" name="patch_images/2021.01.12/LBC236-20210107(1)/LBC236-20210107(1)_2127.png" width="2048" height="2048">
  </image>
  <image id="443" name="patch_images/2021.01.12/LBC236-20210107(1)/LBC236-20210107(1)_2126.png" width="2048" height="2048">
  </image>
  <image id="442" name="patch_images/2021.01.12/LBC236-20210107(1)/LBC236-20210107(1)_2098.png" width="2048" height="2048">
  </image>
  <image id="441" name="patch_images/2021.01.12/LBC236-20210107(1)/LBC236-20210107(1)_2097.png" width="2048" height="2048">
  </image>
  <image id="440" name="patch_images/2021.01.12/LBC236-20210107(1)/LBC236-20210107(1)_2096.png" width="2048" height="2048">
  </image>
  <image id="439" name="patch_images/2021.01.12/LBC236-20210107(1)/LBC236-20210107(1)_2095.png" width="2048" height="2048">
  </image>
  <image id="438" name="patch_images/2021.01.12/LBC236-20210107(1)/LBC236-20210107(1)_2083.png" width="2048" height="2048">
  </image>
  <image id="437" name="patch_images/2021.01.12/LBC236-20210107(1)/LBC236-20210107(1)_2082.png" width="2048" height="2048">
  </image>
  <image id="436" name="patch_images/2021.01.12/LBC236-20210107(1)/LBC236-20210107(1)_2081.png" width="2048" height="2048">
  </image>
  <image id="435" name="patch_images/2021.01.12/LBC236-20210107(1)/LBC236-20210107(1)_2080.png" width="2048" height="2048">
  </image>
  <image id="434" name="patch_images/2021.01.12/LBC236-20210107(1)/LBC236-20210107(1)_2079.png" width="2048" height="2048">
  </image>
  <image id="433" name="patch_images/2021.01.12/LBC236-20210107(1)/LBC236-20210107(1)_2078.png" width="2048" height="2048">
  </image>
  <image id="432" name="patch_images/2021.01.12/LBC236-20210107(1)/LBC236-20210107(1)_2077.png" width="2048" height="2048">
  </image>
  <image id="431" name="patch_images/2021.01.12/LBC236-20210107(1)/LBC236-20210107(1)_2076.png" width="2048" height="2048">
  </image>
  <image id="430" name="patch_images/2021.01.12/LBC236-20210107(1)/LBC236-20210107(1)_2073.png" width="2048" height="2048">
  </image>
  <image id="429" name="patch_images/2021.01.12/LBC236-20210107(1)/LBC236-20210107(1)_2048.png" width="2048" height="2048">
  </image>
  <image id="428" name="patch_images/2021.01.12/LBC236-20210107(1)/LBC236-20210107(1)_2047.png" width="2048" height="2048">
  </image>
  <image id="427" name="patch_images/2021.01.12/LBC236-20210107(1)/LBC236-20210107(1)_2046.png" width="2048" height="2048">
  </image>
  <image id="426" name="patch_images/2021.01.12/LBC236-20210107(1)/LBC236-20210107(1)_2045.png" width="2048" height="2048">
  </image>
  <image id="425" name="patch_images/2021.01.12/LBC236-20210107(1)/LBC236-20210107(1)_2034.png" width="2048" height="2048">
  </image>
  <image id="424" name="patch_images/2021.01.12/LBC236-20210107(1)/LBC236-20210107(1)_2033.png" width="2048" height="2048">
  </image>
  <image id="423" name="patch_images/2021.01.12/LBC236-20210107(1)/LBC236-20210107(1)_2032.png" width="2048" height="2048">
  </image>
  <image id="422" name="patch_images/2021.01.12/LBC236-20210107(1)/LBC236-20210107(1)_2031.png" width="2048" height="2048">
  </image>
  <image id="421" name="patch_images/2021.01.12/LBC236-20210107(1)/LBC236-20210107(1)_2030.png" width="2048" height="2048">
  </image>
  <image id="420" name="patch_images/2021.01.12/LBC236-20210107(1)/LBC236-20210107(1)_2029.png" width="2048" height="2048">
  </image>
  <image id="419" name="patch_images/2021.01.12/LBC236-20210107(1)/LBC236-20210107(1)_2028.png" width="2048" height="2048">
  </image>
  <image id="418" name="patch_images/2021.01.12/LBC236-20210107(1)/LBC236-20210107(1)_2027.png" width="2048" height="2048">
  </image>
  <image id="417" name="patch_images/2021.01.12/LBC236-20210107(1)/LBC236-20210107(1)_2024.png" width="2048" height="2048">
  </image>
  <image id="416" name="patch_images/2021.01.12/LBC236-20210107(1)/LBC236-20210107(1)_1998.png" width="2048" height="2048">
  </image>
  <image id="415" name="patch_images/2021.01.12/LBC236-20210107(1)/LBC236-20210107(1)_1997.png" width="2048" height="2048">
  </image>
  <image id="414" name="patch_images/2021.01.12/LBC236-20210107(1)/LBC236-20210107(1)_1996.png" width="2048" height="2048">
  </image>
  <image id="413" name="patch_images/2021.01.12/LBC236-20210107(1)/LBC236-20210107(1)_1995.png" width="2048" height="2048">
  </image>
  <image id="412" name="patch_images/2021.01.12/LBC236-20210107(1)/LBC236-20210107(1)_1986.png" width="2048" height="2048">
  </image>
  <image id="411" name="patch_images/2021.01.12/LBC236-20210107(1)/LBC236-20210107(1)_1984.png" width="2048" height="2048">
  </image>
  <image id="410" name="patch_images/2021.01.12/LBC236-20210107(1)/LBC236-20210107(1)_1983.png" width="2048" height="2048">
  </image>
  <image id="409" name="patch_images/2021.01.12/LBC236-20210107(1)/LBC236-20210107(1)_1982.png" width="2048" height="2048">
  </image>
  <image id="408" name="patch_images/2021.01.12/LBC236-20210107(1)/LBC236-20210107(1)_1981.png" width="2048" height="2048">
  </image>
  <image id="407" name="patch_images/2021.01.12/LBC236-20210107(1)/LBC236-20210107(1)_1980.png" width="2048" height="2048">
  </image>
  <image id="406" name="patch_images/2021.01.12/LBC236-20210107(1)/LBC236-20210107(1)_1979.png" width="2048" height="2048">
  </image>
  <image id="405" name="patch_images/2021.01.12/LBC236-20210107(1)/LBC236-20210107(1)_1978.png" width="2048" height="2048">
  </image>
  <image id="404" name="patch_images/2021.01.12/LBC236-20210107(1)/LBC236-20210107(1)_1973.png" width="2048" height="2048">
  </image>
  <image id="403" name="patch_images/2021.01.12/LBC236-20210107(1)/LBC236-20210107(1)_1972.png" width="2048" height="2048">
  </image>
  <image id="402" name="patch_images/2021.01.12/LBC236-20210107(1)/LBC236-20210107(1)_1971.png" width="2048" height="2048">
  </image>
  <image id="401" name="patch_images/2021.01.12/LBC236-20210107(1)/LBC236-20210107(1)_197.png" width="2048" height="2048">
  </image>
  <image id="400" name="patch_images/2021.01.12/LBC236-20210107(1)/LBC236-20210107(1)_1967.png" width="2048" height="2048">
  </image>
  <image id="399" name="patch_images/2021.01.12/LBC236-20210107(1)/LBC236-20210107(1)_196.png" width="2048" height="2048">
  </image>
  <image id="398" name="patch_images/2021.01.12/LBC236-20210107(1)/LBC236-20210107(1)_1947.png" width="2048" height="2048">
  </image>
  <image id="397" name="patch_images/2021.01.12/LBC236-20210107(1)/LBC236-20210107(1)_1946.png" width="2048" height="2048">
  </image>
  <image id="396" name="patch_images/2021.01.12/LBC236-20210107(1)/LBC236-20210107(1)_1937.png" width="2048" height="2048">
  </image>
  <image id="395" name="patch_images/2021.01.12/LBC236-20210107(1)/LBC236-20210107(1)_1934.png" width="2048" height="2048">
  </image>
  <image id="394" name="patch_images/2021.01.12/LBC236-20210107(1)/LBC236-20210107(1)_1932.png" width="2048" height="2048">
  </image>
  <image id="393" name="patch_images/2021.01.12/LBC236-20210107(1)/LBC236-20210107(1)_1931.png" width="2048" height="2048">
  </image>
  <image id="392" name="patch_images/2021.01.12/LBC236-20210107(1)/LBC236-20210107(1)_1930.png" width="2048" height="2048">
  </image>
  <image id="391" name="patch_images/2021.01.12/LBC236-20210107(1)/LBC236-20210107(1)_1929.png" width="2048" height="2048">
  </image>
  <image id="390" name="patch_images/2021.01.12/LBC236-20210107(1)/LBC236-20210107(1)_1918.png" width="2048" height="2048">
  </image>
  <image id="389" name="patch_images/2021.01.12/LBC236-20210107(1)/LBC236-20210107(1)_1917.png" width="2048" height="2048">
  </image>
  <image id="388" name="patch_images/2021.01.12/LBC236-20210107(1)/LBC236-20210107(1)_1916.png" width="2048" height="2048">
  </image>
  <image id="387" name="patch_images/2021.01.12/LBC236-20210107(1)/LBC236-20210107(1)_1913.png" width="2048" height="2048">
  </image>
  <image id="386" name="patch_images/2021.01.12/LBC236-20210107(1)/LBC236-20210107(1)_1912.png" width="2048" height="2048">
  </image>
  <image id="385" name="patch_images/2021.01.12/LBC236-20210107(1)/LBC236-20210107(1)_1898.png" width="2048" height="2048">
  </image>
  <image id="384" name="patch_images/2021.01.12/LBC236-20210107(1)/LBC236-20210107(1)_1897.png" width="2048" height="2048">
  </image>
  <image id="383" name="patch_images/2021.01.12/LBC236-20210107(1)/LBC236-20210107(1)_1896.png" width="2048" height="2048">
  </image>
  <image id="382" name="patch_images/2021.01.12/LBC236-20210107(1)/LBC236-20210107(1)_1882.png" width="2048" height="2048">
  </image>
  <image id="381" name="patch_images/2021.01.12/LBC236-20210107(1)/LBC236-20210107(1)_1872.png" width="2048" height="2048">
  </image>
  <image id="380" name="patch_images/2021.01.12/LBC236-20210107(1)/LBC236-20210107(1)_1870.png" width="2048" height="2048">
  </image>
  <image id="379" name="patch_images/2021.01.12/LBC236-20210107(1)/LBC236-20210107(1)_1865.png" width="2048" height="2048">
  </image>
  <image id="378" name="patch_images/2021.01.12/LBC236-20210107(1)/LBC236-20210107(1)_1864.png" width="2048" height="2048">
  </image>
  <image id="377" name="patch_images/2021.01.12/LBC236-20210107(1)/LBC236-20210107(1)_1863.png" width="2048" height="2048">
  </image>
  <image id="376" name="patch_images/2021.01.12/LBC236-20210107(1)/LBC236-20210107(1)_1862.png" width="2048" height="2048">
  </image>
  <image id="375" name="patch_images/2021.01.12/LBC236-20210107(1)/LBC236-20210107(1)_1861.png" width="2048" height="2048">
  </image>
  <image id="374" name="patch_images/2021.01.12/LBC236-20210107(1)/LBC236-20210107(1)_1860.png" width="2048" height="2048">
  </image>
  <image id="373" name="patch_images/2021.01.12/LBC236-20210107(1)/LBC236-20210107(1)_1859.png" width="2048" height="2048">
  </image>
  <image id="372" name="patch_images/2021.01.12/LBC236-20210107(1)/LBC236-20210107(1)_1848.png" width="2048" height="2048">
  </image>
  <image id="371" name="patch_images/2021.01.12/LBC236-20210107(1)/LBC236-20210107(1)_1847.png" width="2048" height="2048">
  </image>
  <image id="370" name="patch_images/2021.01.12/LBC236-20210107(1)/LBC236-20210107(1)_1846.png" width="2048" height="2048">
  </image>
  <image id="369" name="patch_images/2021.01.12/LBC236-20210107(1)/LBC236-20210107(1)_1845.png" width="2048" height="2048">
  </image>
  <image id="368" name="patch_images/2021.01.12/LBC236-20210107(1)/LBC236-20210107(1)_1841.png" width="2048" height="2048">
  </image>
  <image id="367" name="patch_images/2021.01.12/LBC236-20210107(1)/LBC236-20210107(1)_1840.png" width="2048" height="2048">
  </image>
  <image id="366" name="patch_images/2021.01.12/LBC236-20210107(1)/LBC236-20210107(1)_1836.png" width="2048" height="2048">
  </image>
  <image id="365" name="patch_images/2021.01.12/LBC236-20210107(1)/LBC236-20210107(1)_1833.png" width="2048" height="2048">
  </image>
  <image id="364" name="patch_images/2021.01.12/LBC236-20210107(1)/LBC236-20210107(1)_1828.png" width="2048" height="2048">
  </image>
  <image id="363" name="patch_images/2021.01.12/LBC236-20210107(1)/LBC236-20210107(1)_1821.png" width="2048" height="2048">
  </image>
  <image id="362" name="patch_images/2021.01.12/LBC236-20210107(1)/LBC236-20210107(1)_1820.png" width="2048" height="2048">
  </image>
  <image id="361" name="patch_images/2021.01.12/LBC236-20210107(1)/LBC236-20210107(1)_1817.png" width="2048" height="2048">
  </image>
  <image id="41" name="patch_images/2021.01.12/LBC236-20210107(1)/LBC236-20210107(1)_1137.png" width="2048" height="2048">
  </image>
  <image id="40" name="patch_images/2021.01.12/LBC236-20210107(1)/LBC236-20210107(1)_1136.png" width="2048" height="2048">
  </image>
  <image id="39" name="patch_images/2021.01.12/LBC236-20210107(1)/LBC236-20210107(1)_1135.png" width="2048" height="2048">
  </image>
  <image id="38" name="patch_images/2021.01.12/LBC236-20210107(1)/LBC236-20210107(1)_1134.png" width="2048" height="2048">
  </image>
  <image id="37" name="patch_images/2021.01.12/LBC236-20210107(1)/LBC236-20210107(1)_1133.png" width="2048" height="2048">
  </image>
  <image id="36" name="patch_images/2021.01.12/LBC236-20210107(1)/LBC236-20210107(1)_1132.png" width="2048" height="2048">
  </image>
  <image id="35" name="patch_images/2021.01.12/LBC236-20210107(1)/LBC236-20210107(1)_1130.png" width="2048" height="2048">
  </image>
  <image id="34" name="patch_images/2021.01.12/LBC236-20210107(1)/LBC236-20210107(1)_1127.png" width="2048" height="2048">
  </image>
  <image id="33" name="patch_images/2021.01.12/LBC236-20210107(1)/LBC236-20210107(1)_1119.png" width="2048" height="2048">
  </image>
  <image id="32" name="patch_images/2021.01.12/LBC236-20210107(1)/LBC236-20210107(1)_1118.png" width="2048" height="2048">
  </image>
  <image id="31" name="patch_images/2021.01.12/LBC236-20210107(1)/LBC236-20210107(1)_1117.png" width="2048" height="2048">
  </image>
  <image id="30" name="patch_images/2021.01.12/LBC236-20210107(1)/LBC236-20210107(1)_1113.png" width="2048" height="2048">
  </image>
  <image id="29" name="patch_images/2021.01.12/LBC236-20210107(1)/LBC236-20210107(1)_1111.png" width="2048" height="2048">
  </image>
  <image id="28" name="patch_images/2021.01.12/LBC236-20210107(1)/LBC236-20210107(1)_1110.png" width="2048" height="2048">
  </image>
  <image id="27" name="patch_images/2021.01.12/LBC236-20210107(1)/LBC236-20210107(1)_1109.png" width="2048" height="2048">
  </image>
  <image id="26" name="patch_images/2021.01.12/LBC236-20210107(1)/LBC236-20210107(1)_1108.png" width="2048" height="2048">
  </image>
  <image id="25" name="patch_images/2021.01.12/LBC236-20210107(1)/LBC236-20210107(1)_1098.png" width="2048" height="2048">
  </image>
  <image id="24" name="patch_images/2021.01.12/LBC236-20210107(1)/LBC236-20210107(1)_1097.png" width="2048" height="2048">
  </image>
  <image id="23" name="patch_images/2021.01.12/LBC236-20210107(1)/LBC236-20210107(1)_1096.png" width="2048" height="2048">
  </image>
  <image id="22" name="patch_images/2021.01.12/LBC236-20210107(1)/LBC236-20210107(1)_1095.png" width="2048" height="2048">
  </image>
  <image id="21" name="patch_images/2021.01.12/LBC236-20210107(1)/LBC236-20210107(1)_1090.png" width="2048" height="2048">
  </image>
  <image id="20" name="patch_images/2021.01.12/LBC236-20210107(1)/LBC236-20210107(1)_1089.png" width="2048" height="2048">
  </image>
  <image id="19" name="patch_images/2021.01.12/LBC236-20210107(1)/LBC236-20210107(1)_1086.png" width="2048" height="2048">
  </image>
  <image id="18" name="patch_images/2021.01.12/LBC236-20210107(1)/LBC236-20210107(1)_1074.png" width="2048" height="2048">
  </image>
  <image id="17" name="patch_images/2021.01.12/LBC236-20210107(1)/LBC236-20210107(1)_1070.png" width="2048" height="2048">
  </image>
  <image id="16" name="patch_images/2021.01.12/LBC236-20210107(1)/LBC236-20210107(1)_1069.png" width="2048" height="2048">
  </image>
  <image id="15" name="patch_images/2021.01.12/LBC236-20210107(1)/LBC236-20210107(1)_1068.png" width="2048" height="2048">
  </image>
  <image id="14" name="patch_images/2021.01.12/LBC236-20210107(1)/LBC236-20210107(1)_1067.png" width="2048" height="2048">
  </image>
  <image id="13" name="patch_images/2021.01.12/LBC236-20210107(1)/LBC236-20210107(1)_1065.png" width="2048" height="2048">
  </image>
  <image id="12" name="patch_images/2021.01.12/LBC236-20210107(1)/LBC236-20210107(1)_1061.png" width="2048" height="2048">
  </image>
  <image id="11" name="patch_images/2021.01.12/LBC236-20210107(1)/LBC236-20210107(1)_1048.png" width="2048" height="2048">
  </image>
  <image id="10" name="patch_images/2021.01.12/LBC236-20210107(1)/LBC236-20210107(1)_1046.png" width="2048" height="2048">
  </image>
  <image id="9" name="patch_images/2021.01.12/LBC236-20210107(1)/LBC236-20210107(1)_1032.png" width="2048" height="2048">
  </image>
  <image id="8" name="patch_images/2021.01.12/LBC236-20210107(1)/LBC236-20210107(1)_1025.png" width="2048" height="2048">
  </image>
  <image id="7" name="patch_images/2021.01.12/LBC236-20210107(1)/LBC236-20210107(1)_1024.png" width="2048" height="2048">
  </image>
  <image id="6" name="patch_images/2021.01.12/LBC236-20210107(1)/LBC236-20210107(1)_1022.png" width="2048" height="2048">
  </image>
  <image id="5" name="patch_images/2021.01.12/LBC236-20210107(1)/LBC236-20210107(1)_1021.png" width="2048" height="2048">
  </image>
  <image id="4" name="patch_images/2021.01.12/LBC236-20210107(1)/LBC236-20210107(1)_1020.png" width="2048" height="2048">
  </image>
  <image id="3" name="patch_images/2021.01.12/LBC236-20210107(1)/LBC236-20210107(1)_1018.png" width="2048" height="2048">
  </image>
  <image id="2" name="patch_images/2021.01.12/LBC236-20210107(1)/LBC236-20210107(1)_1017.png" width="2048" height="2048">
  </image>
  <image id="1" name="patch_images/2021.01.12/LBC236-20210107(1)/LBC236-20210107(1)_1013.png" width="2048" height="2048">
  </image>
  <image id="0" name="patch_images/2021.01.12/LBC236-20210107(1)/LBC236-20210107(1)_1010.png" width="2048" height="2048">
  </image>
</annotations>